[22:00:48] [main/WARN] (FabricLoader/Knot) Class path entries reference missing files: /var/home/lei/IdeaProjects/majinReacts/build/classes/java/main, /var/home/lei/IdeaProjects/majinReacts/build/resources/main - the game may not load properly!
[22:00:48] [main/INFO] (FabricLoader/GameProvider) Loading Minecraft 1.21.11 with Fabric Loader 0.19.2
[22:00:48] [main/DEBUG] (FabricLoader/GamePatch) Found game constructor: net.minecraft.client.main.Main -> net.minecraft.client.MinecraftClient
[22:00:48] [main/DEBUG] (FabricLoader/GamePatch) Patching game constructor <init>(Lnet/minecraft/client/RunArgs;)V
[22:00:48] [main/DEBUG] (FabricLoader/GamePatch) Run directory field is thought to be net/minecraft/client/MinecraftClient/runDirectory
[22:00:48] [main/DEBUG] (FabricLoader/GamePatch) Applying brand name hook to net/minecraft/client/ClientBrandRetriever::getClientModName
[22:00:48] [main/DEBUG] (FabricLoader/GamePatch) Applying brand name hook to net/minecraft/server/MinecraftServer::getServerModName
[22:00:48] [main/DEBUG] (FabricLoader/GamePatch) Patched 3 classs
[22:00:48] [main/DEBUG] (FabricLoader/Discovery) Skipping missing class path group entry /var/home/lei/IdeaProjects/majinReacts/build/classes/java/main
[22:00:48] [main/DEBUG] (FabricLoader/Discovery) Skipping missing class path group entry /var/home/lei/IdeaProjects/majinReacts/build/resources/main
[22:00:48] [main/DEBUG] (FabricLoader/Discovery) Skipping missing class path group entry /var/home/lei/IdeaProjects/majinReacts/out/production/classes
[22:00:48] [main/DEBUG] (FabricLoader/Discovery) Skipping missing class path group entry /var/home/lei/IdeaProjects/majinReacts/out/production/resources
[22:00:48] [main/DEBUG] (FabricLoader/Discovery) Skipping missing class path group entry /var/home/lei/IdeaProjects/majinReacts/out/client/classes
[22:00:48] [main/DEBUG] (FabricLoader/Discovery) Skipping missing class path group entry /var/home/lei/IdeaProjects/majinReacts/out/client/resources
[22:00:48] [ForkJoinPool-1-worker-1/WARN] (FabricLoader/Metadata) Mod live-majin-reaction uses the version 1.0.Majin which isn't compatible with Loader's extended semantic version format (Could not parse version number component 'Majin'!), SemVer is recommended for reliably evaluating dependencies and prioritizing newer version
[22:00:48] [main/DEBUG] (FabricLoader/Discovery) Mod discovery time: 18.7 ms
[22:00:48] [main/DEBUG] (FabricLoader/Resolution) Mod resolution time: 50.1 ms
[22:00:48] [main/INFO] (FabricLoader) Loading 52 mods:
	- fabric-api 0.141.4+1.21.11
	- fabric-api-base 1.0.5+4ebb5c083e
	- fabric-api-lookup-api-v1 1.6.114+20dc27073e
	- fabric-biome-api-v1 17.1.1+4fc5413f3e
	- fabric-block-api-v1 1.1.10+4ebb5c083e
	- fabric-block-view-api-v2 1.0.39+4ebb5c083e
	- fabric-client-gametest-api-v1 4.3.5+bfe9fcf43e
	- fabric-command-api-v2 2.4.7+6b42a6003e
	- fabric-content-registries-v0 10.2.14+4fc5413f3e
	- fabric-convention-tags-v1 2.1.55+7f945d5b3e
	- fabric-convention-tags-v2 2.17.3+8ef948ba3e
	- fabric-crash-report-info-v1 0.3.23+4ebb5c083e
	- fabric-data-attachment-api-v1 1.8.48+eed0806f3e
	- fabric-data-generation-api-v1 23.4.1+69974c4e3e
	- fabric-dimensions-v1 4.0.28+4fc5413f3e
	- fabric-entity-events-v1 3.1.1+1d0ab4303e
	- fabric-events-interaction-v0 4.1.1+3b89ecf63e
	- fabric-game-rule-api-v1 2.0.3+4fc5413f3e
	- fabric-gametest-api-v1 3.1.27+4fc5413f3e
	- fabric-item-api-v1 11.5.20+d0c46b9e3e
	- fabric-item-group-api-v1 4.2.36+4fc5413f3e
	- fabric-key-binding-api-v1 1.1.7+4fc5413f3e
	- fabric-lifecycle-events-v1 2.6.15+4ebb5c083e
	- fabric-loot-api-v2 3.0.73+3f89f5a53e
	- fabric-loot-api-v3 2.0.20+78c8b4663e
	- fabric-message-api-v1 6.1.12+4ebb5c083e
	- fabric-model-loading-api-v1 6.0.15+4fc5413f3e
	- fabric-networking-api-v1 5.1.6+6b6d71a53e
	- fabric-object-builder-api-v1 21.1.40+4fc5413f3e
	- fabric-particles-v1 4.2.12+4fc5413f3e
	- fabric-recipe-api-v1 8.2.4+4ebb5c083e
	- fabric-registry-sync-v0 6.2.6+1718722b3e
	- fabric-renderer-api-v1 8.0.3+f4ffd2e53e
	- fabric-renderer-indigo 5.0.3+f4ffd2e53e
	- fabric-rendering-fluids-v1 3.1.43+4ebb5c083e
	- fabric-rendering-v1 16.2.10+0290ad933e
	- fabric-resource-conditions-api-v1 5.0.35+4fc5413f3e
	- fabric-resource-loader-v0 3.3.4+4fc5413f3e
	- fabric-resource-loader-v1 1.0.10+78c8b4663e
	- fabric-screen-api-v1 3.1.7+4ebb5c083e
	- fabric-screen-handler-api-v1 1.3.162+4fc5413f3e
	- fabric-serialization-api-v1 1.0.5+4ebb5c083e
	- fabric-sound-api-v1 1.0.51+4fc5413f3e
	- fabric-tag-api-v1 1.2.20+4fc5413f3e
	- fabric-transfer-api-v1 6.0.25+4fc5413f3e
	- fabric-transitive-access-wideners-v1 7.1.0+014c8cec3e
	- fabricloader 0.19.2
	- java 26
	- live-majin-reaction 1.0.Majin
	- minecraft 1.21.11
	- mixinextras 0.5.4
	- modmenu 17.0.0
[22:00:48] [main/DEBUG] (FabricLoader/Knot) Adding /var/home/lei/IdeaProjects/majinReacts/.gradle/loom-cache/remapped_mods/remapped/net/fabricmc/fabric-api/fabric-gametest-api-v1-16c8840d-common/3.1.27+4fc5413f3e/fabric-gametest-api-v1-16c8840d-common-3.1.27+4fc5413f3e.jar to classpath.
[22:00:48] [main/DEBUG] (FabricLoader/Knot) Adding /var/home/lei/IdeaProjects/majinReacts/.gradle/loom-cache/remapped_mods/remapped/net/fabricmc/fabric-api/fabric-convention-tags-v1-16c8840d-common/2.1.55+7f945d5b3e/fabric-convention-tags-v1-16c8840d-common-2.1.55+7f945d5b3e.jar to classpath.
[22:00:48] [main/DEBUG] (FabricLoader/Knot) Adding /var/home/lei/IdeaProjects/majinReacts/.gradle/loom-cache/remapped_mods/remapped/net/fabricmc/fabric-api/fabric-serialization-api-v1-16c8840d-common/1.0.5+4ebb5c083e/fabric-serialization-api-v1-16c8840d-common-1.0.5+4ebb5c083e.jar to classpath.
[22:00:48] [main/DEBUG] (FabricLoader/Knot) Adding /var/home/lei/IdeaProjects/majinReacts/.gradle/loom-cache/remapped_mods/remapped/net/fabricmc/fabric-api/fabric-game-rule-api-v1-16c8840d-common/2.0.3+4fc5413f3e/fabric-game-rule-api-v1-16c8840d-common-2.0.3+4fc5413f3e.jar to classpath.
[22:00:48] [main/DEBUG] (FabricLoader/Knot) Adding /var/home/lei/IdeaProjects/majinReacts/.gradle/loom-cache/remapped_mods/remapped/net/fabricmc/fabric-api/fabric-game-rule-api-v1-16c8840d-client/2.0.3+4fc5413f3e/fabric-game-rule-api-v1-16c8840d-client-2.0.3+4fc5413f3e.jar to classpath.
[22:00:48] [main/DEBUG] (FabricLoader/Knot) Adding /var/home/lei/IdeaProjects/majinReacts/.gradle/loom-cache/remapped_mods/remapped/net/fabricmc/fabric-api/fabric-object-builder-api-v1-16c8840d-common/21.1.40+4fc5413f3e/fabric-object-builder-api-v1-16c8840d-common-21.1.40+4fc5413f3e.jar to classpath.
[22:00:48] [main/DEBUG] (FabricLoader/Knot) Adding /var/home/lei/IdeaProjects/majinReacts/.gradle/loom-cache/remapped_mods/remapped/net/fabricmc/fabric-api/fabric-object-builder-api-v1-16c8840d-client/21.1.40+4fc5413f3e/fabric-object-builder-api-v1-16c8840d-client-21.1.40+4fc5413f3e.jar to classpath.
[22:00:48] [main/DEBUG] (FabricLoader/Knot) Adding /var/home/lei/IdeaProjects/majinReacts/.gradle/loom-cache/remapped_mods/remapped/net/fabricmc/fabric-api/fabric-model-loading-api-v1-16c8840d-client/6.0.15+4fc5413f3e/fabric-model-loading-api-v1-16c8840d-client-6.0.15+4fc5413f3e.jar to classpath.
[22:00:48] [main/DEBUG] (FabricLoader/Knot) Adding /var/home/lei/.gradle/caches/modules-2/files-2.1/io.github.llamalad7/mixinextras-fabric/0.5.4/5e167154bcb9942111313a5e186e16cd7265f858/mixinextras-fabric-0.5.4.jar to classpath.
[22:00:48] [main/DEBUG] (FabricLoader/Knot) Adding /var/home/lei/IdeaProjects/majinReacts/.gradle/loom-cache/remapped_mods/remapped/net/fabricmc/fabric-api/fabric-events-interaction-v0-16c8840d-common/4.1.1+3b89ecf63e/fabric-events-interaction-v0-16c8840d-common-4.1.1+3b89ecf63e.jar to classpath.
[22:00:48] [main/DEBUG] (FabricLoader/Knot) Adding /var/home/lei/IdeaProjects/majinReacts/.gradle/loom-cache/remapped_mods/remapped/net/fabricmc/fabric-api/fabric-events-interaction-v0-16c8840d-client/4.1.1+3b89ecf63e/fabric-events-interaction-v0-16c8840d-client-4.1.1+3b89ecf63e.jar to classpath.
[22:00:48] [main/DEBUG] (FabricLoader/Knot) Adding /var/home/lei/IdeaProjects/majinReacts/.gradle/loom-cache/remapped_mods/remapped/net/fabricmc/fabric-api/fabric-convention-tags-v2-16c8840d-common/2.17.3+8ef948ba3e/fabric-convention-tags-v2-16c8840d-common-2.17.3+8ef948ba3e.jar to classpath.
[22:00:48] [main/DEBUG] (FabricLoader/Knot) Adding /var/home/lei/IdeaProjects/majinReacts/.gradle/loom-cache/remapped_mods/remapped/net/fabricmc/fabric-api/fabric-transitive-access-wideners-v1-16c8840d-common/7.1.0+014c8cec3e/fabric-transitive-access-wideners-v1-16c8840d-common-7.1.0+014c8cec3e.jar to classpath.
[22:00:48] [main/DEBUG] (FabricLoader/Knot) Adding /var/home/lei/IdeaProjects/majinReacts/.gradle/loom-cache/remapped_mods/remapped/net/fabricmc/fabric-api/fabric-biome-api-v1-16c8840d-common/17.1.1+4fc5413f3e/fabric-biome-api-v1-16c8840d-common-17.1.1+4fc5413f3e.jar to classpath.
[22:00:48] [main/DEBUG] (FabricLoader/Knot) Adding /var/home/lei/IdeaProjects/majinReacts/.gradle/loom-cache/remapped_mods/remapped/net/fabricmc/fabric-api/fabric-loot-api-v2-16c8840d-common/3.0.73+3f89f5a53e/fabric-loot-api-v2-16c8840d-common-3.0.73+3f89f5a53e.jar to classpath.
[22:00:48] [main/DEBUG] (FabricLoader/Knot) Adding /var/home/lei/IdeaProjects/majinReacts/.gradle/loom-cache/remapped_mods/remapped/net/fabricmc/fabric-api/fabric-loot-api-v3-16c8840d-common/2.0.20+78c8b4663e/fabric-loot-api-v3-16c8840d-common-2.0.20+78c8b4663e.jar to classpath.
[22:00:48] [main/DEBUG] (FabricLoader/Knot) Adding /var/home/lei/IdeaProjects/majinReacts/.gradle/loom-cache/remapped_mods/remapped/net/fabricmc/fabric-api/fabric-entity-events-v1-16c8840d-common/3.1.1+1d0ab4303e/fabric-entity-events-v1-16c8840d-common-3.1.1+1d0ab4303e.jar to classpath.
[22:00:48] [main/DEBUG] (FabricLoader/Knot) Adding /var/home/lei/IdeaProjects/majinReacts/.gradle/loom-cache/remapped_mods/remapped/net/fabricmc/fabric-api/fabric-rendering-v1-16c8840d-client/16.2.10+0290ad933e/fabric-rendering-v1-16c8840d-client-16.2.10+0290ad933e.jar to classpath.
[22:00:48] [main/DEBUG] (FabricLoader/Knot) Adding /var/home/lei/IdeaProjects/majinReacts/.gradle/loom-cache/remapped_mods/remapped/net/fabricmc/fabric-api/fabric-resource-loader-v0-16c8840d-common/3.3.4+4fc5413f3e/fabric-resource-loader-v0-16c8840d-common-3.3.4+4fc5413f3e.jar to classpath.
[22:00:48] [main/DEBUG] (FabricLoader/Knot) Adding /var/home/lei/IdeaProjects/majinReacts/.gradle/loom-cache/remapped_mods/remapped/net/fabricmc/fabric-api/fabric-screen-handler-api-v1-16c8840d-common/1.3.162+4fc5413f3e/fabric-screen-handler-api-v1-16c8840d-common-1.3.162+4fc5413f3e.jar to classpath.
[22:00:48] [main/DEBUG] (FabricLoader/Knot) Adding /var/home/lei/IdeaProjects/majinReacts/.gradle/loom-cache/remapped_mods/remapped/net/fabricmc/fabric-api/fabric-screen-handler-api-v1-16c8840d-client/1.3.162+4fc5413f3e/fabric-screen-handler-api-v1-16c8840d-client-1.3.162+4fc5413f3e.jar to classpath.
[22:00:48] [main/DEBUG] (FabricLoader/Knot) Adding /var/home/lei/IdeaProjects/majinReacts/.gradle/loom-cache/remapped_mods/remapped/net/fabricmc/fabric-api/fabric-block-api-v1-16c8840d-common/1.1.10+4ebb5c083e/fabric-block-api-v1-16c8840d-common-1.1.10+4ebb5c083e.jar to classpath.
[22:00:48] [main/DEBUG] (FabricLoader/Knot) Adding /var/home/lei/IdeaProjects/majinReacts/.gradle/loom-cache/remapped_mods/remapped/com/terraformersmc/modmenu-16c8840d/17.0.0/modmenu-16c8840d-17.0.0.jar to classpath.
[22:00:48] [main/DEBUG] (FabricLoader/Knot) Adding /var/home/lei/IdeaProjects/majinReacts/.gradle/loom-cache/remapped_mods/remapped/net/fabricmc/fabric-api/fabric-client-gametest-api-v1-16c8840d-client/4.3.5+bfe9fcf43e/fabric-client-gametest-api-v1-16c8840d-client-4.3.5+bfe9fcf43e.jar to classpath.
[22:00:48] [main/DEBUG] (FabricLoader/Knot) Adding /var/home/lei/IdeaProjects/majinReacts/.gradle/loom-cache/remapped_mods/remapped/net/fabricmc/fabric-api/fabric-tag-api-v1-16c8840d-common/1.2.20+4fc5413f3e/fabric-tag-api-v1-16c8840d-common-1.2.20+4fc5413f3e.jar to classpath.
[22:00:48] [main/DEBUG] (FabricLoader/Knot) Adding /var/home/lei/IdeaProjects/majinReacts/.gradle/loom-cache/remapped_mods/remapped/net/fabricmc/fabric-api/fabric-tag-api-v1-16c8840d-client/1.2.20+4fc5413f3e/fabric-tag-api-v1-16c8840d-client-1.2.20+4fc5413f3e.jar to classpath.
[22:00:48] [main/DEBUG] (FabricLoader/Knot) Adding /var/home/lei/IdeaProjects/majinReacts/.gradle/loom-cache/remapped_mods/remapped/net/fabricmc/fabric-api/fabric-screen-api-v1-16c8840d-client/3.1.7+4ebb5c083e/fabric-screen-api-v1-16c8840d-client-3.1.7+4ebb5c083e.jar to classpath.
[22:00:48] [main/DEBUG] (FabricLoader/Knot) Adding /var/home/lei/IdeaProjects/majinReacts/.gradle/loom-cache/remapped_mods/remapped/net/fabricmc/fabric-api/fabric-crash-report-info-v1-16c8840d-common/0.3.23+4ebb5c083e/fabric-crash-report-info-v1-16c8840d-common-0.3.23+4ebb5c083e.jar to classpath.
[22:00:48] [main/DEBUG] (FabricLoader/Knot) Adding /var/home/lei/IdeaProjects/majinReacts/.gradle/loom-cache/remapped_mods/remapped/net/fabricmc/fabric-api/fabric-content-registries-v0-16c8840d-common/10.2.14+4fc5413f3e/fabric-content-registries-v0-16c8840d-common-10.2.14+4fc5413f3e.jar to classpath.
[22:00:48] [main/DEBUG] (FabricLoader/Knot) Adding /var/home/lei/IdeaProjects/majinReacts/.gradle/loom-cache/remapped_mods/remapped/net/fabricmc/fabric-api/fabric-lifecycle-events-v1-16c8840d-common/2.6.15+4ebb5c083e/fabric-lifecycle-events-v1-16c8840d-common-2.6.15+4ebb5c083e.jar to classpath.
[22:00:48] [main/DEBUG] (FabricLoader/Knot) Adding /var/home/lei/IdeaProjects/majinReacts/.gradle/loom-cache/remapped_mods/remapped/net/fabricmc/fabric-api/fabric-lifecycle-events-v1-16c8840d-client/2.6.15+4ebb5c083e/fabric-lifecycle-events-v1-16c8840d-client-2.6.15+4ebb5c083e.jar to classpath.
[22:00:48] [main/DEBUG] (FabricLoader/Knot) Adding /var/home/lei/IdeaProjects/majinReacts/.gradle/loom-cache/remapped_mods/remapped/net/fabricmc/fabric-api/fabric-item-group-api-v1-16c8840d-common/4.2.36+4fc5413f3e/fabric-item-group-api-v1-16c8840d-common-4.2.36+4fc5413f3e.jar to classpath.
[22:00:48] [main/DEBUG] (FabricLoader/Knot) Adding /var/home/lei/IdeaProjects/majinReacts/.gradle/loom-cache/remapped_mods/remapped/net/fabricmc/fabric-api/fabric-item-group-api-v1-16c8840d-client/4.2.36+4fc5413f3e/fabric-item-group-api-v1-16c8840d-client-4.2.36+4fc5413f3e.jar to classpath.
[22:00:48] [main/DEBUG] (FabricLoader/Knot) Adding /var/home/lei/IdeaProjects/majinReacts/.gradle/loom-cache/remapped_mods/remapped/net/fabricmc/fabric-api/fabric-rendering-fluids-v1-16c8840d-common/3.1.43+4ebb5c083e/fabric-rendering-fluids-v1-16c8840d-common-3.1.43+4ebb5c083e.jar to classpath.
[22:00:48] [main/DEBUG] (FabricLoader/Knot) Adding /var/home/lei/IdeaProjects/majinReacts/.gradle/loom-cache/remapped_mods/remapped/net/fabricmc/fabric-api/fabric-rendering-fluids-v1-16c8840d-client/3.1.43+4ebb5c083e/fabric-rendering-fluids-v1-16c8840d-client-3.1.43+4ebb5c083e.jar to classpath.
[22:00:48] [main/DEBUG] (FabricLoader/Knot) Adding /var/home/lei/IdeaProjects/majinReacts/.gradle/loom-cache/remapped_mods/remapped/net/fabricmc/fabric-api/fabric-transfer-api-v1-16c8840d-common/6.0.25+4fc5413f3e/fabric-transfer-api-v1-16c8840d-common-6.0.25+4fc5413f3e.jar to classpath.
[22:00:48] [main/DEBUG] (FabricLoader/Knot) Adding /var/home/lei/IdeaProjects/majinReacts/.gradle/loom-cache/remapped_mods/remapped/net/fabricmc/fabric-api/fabric-transfer-api-v1-16c8840d-client/6.0.25+4fc5413f3e/fabric-transfer-api-v1-16c8840d-client-6.0.25+4fc5413f3e.jar to classpath.
[22:00:48] [main/DEBUG] (FabricLoader/Knot) Adding /var/home/lei/IdeaProjects/majinReacts/.gradle/loom-cache/remapped_mods/remapped/net/fabricmc/fabric-api/fabric-api-base-16c8840d-common/1.0.5+4ebb5c083e/fabric-api-base-16c8840d-common-1.0.5+4ebb5c083e.jar to classpath.
[22:00:48] [main/DEBUG] (FabricLoader/Knot) Adding /var/home/lei/IdeaProjects/majinReacts/.gradle/loom-cache/remapped_mods/remapped/net/fabricmc/fabric-api/fabric-particles-v1-16c8840d-common/4.2.12+4fc5413f3e/fabric-particles-v1-16c8840d-common-4.2.12+4fc5413f3e.jar to classpath.
[22:00:48] [main/DEBUG] (FabricLoader/Knot) Adding /var/home/lei/IdeaProjects/majinReacts/.gradle/loom-cache/remapped_mods/remapped/net/fabricmc/fabric-api/fabric-particles-v1-16c8840d-client/4.2.12+4fc5413f3e/fabric-particles-v1-16c8840d-client-4.2.12+4fc5413f3e.jar to classpath.
[22:00:48] [main/DEBUG] (FabricLoader/Knot) Adding /var/home/lei/IdeaProjects/majinReacts/.gradle/loom-cache/remapped_mods/remapped/net/fabricmc/fabric-api/fabric-command-api-v2-16c8840d-common/2.4.7+6b42a6003e/fabric-command-api-v2-16c8840d-common-2.4.7+6b42a6003e.jar to classpath.
[22:00:48] [main/DEBUG] (FabricLoader/Knot) Adding /var/home/lei/IdeaProjects/majinReacts/.gradle/loom-cache/remapped_mods/remapped/net/fabricmc/fabric-api/fabric-command-api-v2-16c8840d-client/2.4.7+6b42a6003e/fabric-command-api-v2-16c8840d-client-2.4.7+6b42a6003e.jar to classpath.
[22:00:48] [main/DEBUG] (FabricLoader/Knot) Adding /var/home/lei/IdeaProjects/majinReacts/.gradle/loom-cache/remapped_mods/remapped/net/fabricmc/fabric-api/fabric-networking-api-v1-16c8840d-common/5.1.6+6b6d71a53e/fabric-networking-api-v1-16c8840d-common-5.1.6+6b6d71a53e.jar to classpath.
[22:00:48] [main/DEBUG] (FabricLoader/Knot) Adding /var/home/lei/IdeaProjects/majinReacts/.gradle/loom-cache/remapped_mods/remapped/net/fabricmc/fabric-api/fabric-networking-api-v1-16c8840d-client/5.1.6+6b6d71a53e/fabric-networking-api-v1-16c8840d-client-5.1.6+6b6d71a53e.jar to classpath.
[22:00:48] [main/DEBUG] (FabricLoader/Knot) Adding /var/home/lei/IdeaProjects/majinReacts/.gradle/loom-cache/remapped_mods/remapped/net/fabricmc/fabric-api/fabric-sound-api-v1-16c8840d-client/1.0.51+4fc5413f3e/fabric-sound-api-v1-16c8840d-client-1.0.51+4fc5413f3e.jar to classpath.
[22:00:48] [main/DEBUG] (FabricLoader/Knot) Adding /var/home/lei/IdeaProjects/majinReacts/.gradle/loom-cache/remapped_mods/remapped/net/fabricmc/fabric-api/fabric-renderer-api-v1-16c8840d-client/8.0.3+f4ffd2e53e/fabric-renderer-api-v1-16c8840d-client-8.0.3+f4ffd2e53e.jar to classpath.
[22:00:48] [main/DEBUG] (FabricLoader/Knot) Adding /var/home/lei/IdeaProjects/majinReacts/.gradle/loom-cache/remapped_mods/remapped/net/fabricmc/fabric-api/fabric-api-16c8840d-common/0.141.4+1.21.11/fabric-api-16c8840d-common-0.141.4+1.21.11.jar to classpath.
[22:00:48] [main/DEBUG] (FabricLoader/Knot) Adding /var/home/lei/IdeaProjects/majinReacts/.gradle/loom-cache/remapped_mods/remapped/net/fabricmc/fabric-api/fabric-api-lookup-api-v1-16c8840d-common/1.6.114+20dc27073e/fabric-api-lookup-api-v1-16c8840d-common-1.6.114+20dc27073e.jar to classpath.
[22:00:48] [main/DEBUG] (FabricLoader/Knot) Adding /var/home/lei/IdeaProjects/majinReacts/.gradle/loom-cache/remapped_mods/remapped/net/fabricmc/fabric-api/fabric-recipe-api-v1-16c8840d-common/8.2.4+4ebb5c083e/fabric-recipe-api-v1-16c8840d-common-8.2.4+4ebb5c083e.jar to classpath.
[22:00:48] [main/DEBUG] (FabricLoader/Knot) Adding /var/home/lei/IdeaProjects/majinReacts/.gradle/loom-cache/remapped_mods/remapped/net/fabricmc/fabric-api/fabric-recipe-api-v1-16c8840d-client/8.2.4+4ebb5c083e/fabric-recipe-api-v1-16c8840d-client-8.2.4+4ebb5c083e.jar to classpath.
[22:00:48] [main/DEBUG] (FabricLoader/Knot) Adding /var/home/lei/IdeaProjects/majinReacts/.gradle/loom-cache/remapped_mods/remapped/net/fabricmc/fabric-api/fabric-message-api-v1-16c8840d-common/6.1.12+4ebb5c083e/fabric-message-api-v1-16c8840d-common-6.1.12+4ebb5c083e.jar to classpath.
[22:00:48] [main/DEBUG] (FabricLoader/Knot) Adding /var/home/lei/IdeaProjects/majinReacts/.gradle/loom-cache/remapped_mods/remapped/net/fabricmc/fabric-api/fabric-message-api-v1-16c8840d-client/6.1.12+4ebb5c083e/fabric-message-api-v1-16c8840d-client-6.1.12+4ebb5c083e.jar to classpath.
[22:00:48] [main/DEBUG] (FabricLoader/Knot) Adding /var/home/lei/IdeaProjects/majinReacts/.gradle/loom-cache/remapped_mods/remapped/net/fabricmc/fabric-api/fabric-data-generation-api-v1-16c8840d-common/23.4.1+69974c4e3e/fabric-data-generation-api-v1-16c8840d-common-23.4.1+69974c4e3e.jar to classpath.
[22:00:48] [main/DEBUG] (FabricLoader/Knot) Adding /var/home/lei/IdeaProjects/majinReacts/.gradle/loom-cache/remapped_mods/remapped/net/fabricmc/fabric-api/fabric-data-generation-api-v1-16c8840d-client/23.4.1+69974c4e3e/fabric-data-generation-api-v1-16c8840d-client-23.4.1+69974c4e3e.jar to classpath.
[22:00:48] [main/DEBUG] (FabricLoader/Knot) Adding /var/home/lei/IdeaProjects/majinReacts/.gradle/loom-cache/remapped_mods/remapped/net/fabricmc/fabric-api/fabric-item-api-v1-16c8840d-common/11.5.20+d0c46b9e3e/fabric-item-api-v1-16c8840d-common-11.5.20+d0c46b9e3e.jar to classpath.
[22:00:48] [main/DEBUG] (FabricLoader/Knot) Adding /var/home/lei/IdeaProjects/majinReacts/.gradle/loom-cache/remapped_mods/remapped/net/fabricmc/fabric-api/fabric-item-api-v1-16c8840d-client/11.5.20+d0c46b9e3e/fabric-item-api-v1-16c8840d-client-11.5.20+d0c46b9e3e.jar to classpath.
[22:00:48] [main/DEBUG] (FabricLoader/Knot) Adding /var/home/lei/IdeaProjects/majinReacts/.gradle/loom-cache/remapped_mods/remapped/net/fabricmc/fabric-api/fabric-data-attachment-api-v1-16c8840d-common/1.8.48+eed0806f3e/fabric-data-attachment-api-v1-16c8840d-common-1.8.48+eed0806f3e.jar to classpath.
[22:00:48] [main/DEBUG] (FabricLoader/Knot) Adding /var/home/lei/IdeaProjects/majinReacts/.gradle/loom-cache/remapped_mods/remapped/net/fabricmc/fabric-api/fabric-data-attachment-api-v1-16c8840d-client/1.8.48+eed0806f3e/fabric-data-attachment-api-v1-16c8840d-client-1.8.48+eed0806f3e.jar to classpath.
[22:00:48] [main/DEBUG] (FabricLoader/Knot) Adding /var/home/lei/IdeaProjects/majinReacts/.gradle/loom-cache/remapped_mods/remapped/net/fabricmc/fabric-api/fabric-key-binding-api-v1-16c8840d-client/1.1.7+4fc5413f3e/fabric-key-binding-api-v1-16c8840d-client-1.1.7+4fc5413f3e.jar to classpath.
[22:00:48] [main/DEBUG] (FabricLoader/Knot) Adding /var/home/lei/IdeaProjects/majinReacts/.gradle/loom-cache/remapped_mods/remapped/net/fabricmc/fabric-api/fabric-block-view-api-v2-16c8840d-common/1.0.39+4ebb5c083e/fabric-block-view-api-v2-16c8840d-common-1.0.39+4ebb5c083e.jar to classpath.
[22:00:48] [main/DEBUG] (FabricLoader/Knot) Adding /var/home/lei/IdeaProjects/majinReacts/.gradle/loom-cache/remapped_mods/remapped/net/fabricmc/fabric-api/fabric-block-view-api-v2-16c8840d-client/1.0.39+4ebb5c083e/fabric-block-view-api-v2-16c8840d-client-1.0.39+4ebb5c083e.jar to classpath.
[22:00:48] [main/DEBUG] (FabricLoader/Knot) Adding /var/home/lei/IdeaProjects/majinReacts/.gradle/loom-cache/remapped_mods/remapped/net/fabricmc/fabric-api/fabric-dimensions-v1-16c8840d-common/4.0.28+4fc5413f3e/fabric-dimensions-v1-16c8840d-common-4.0.28+4fc5413f3e.jar to classpath.
[22:00:48] [main/DEBUG] (FabricLoader/Knot) Adding /var/home/lei/IdeaProjects/majinReacts/.gradle/loom-cache/remapped_mods/remapped/net/fabricmc/fabric-api/fabric-renderer-indigo-16c8840d-client/5.0.3+f4ffd2e53e/fabric-renderer-indigo-16c8840d-client-5.0.3+f4ffd2e53e.jar to classpath.
[22:00:48] [main/DEBUG] (FabricLoader/Knot) Adding /var/home/lei/IdeaProjects/majinReacts/build/classes/java/client to classpath.
[22:00:48] [main/DEBUG] (FabricLoader/Knot) Adding /var/home/lei/IdeaProjects/majinReacts/build/resources/client to classpath.
[22:00:48] [main/DEBUG] (FabricLoader/Knot) Adding /var/home/lei/IdeaProjects/majinReacts/.gradle/loom-cache/remapped_mods/remapped/net/fabricmc/fabric-api/fabric-resource-conditions-api-v1-16c8840d-common/5.0.35+4fc5413f3e/fabric-resource-conditions-api-v1-16c8840d-common-5.0.35+4fc5413f3e.jar to classpath.
[22:00:48] [main/DEBUG] (FabricLoader/Knot) Adding /var/home/lei/IdeaProjects/majinReacts/.gradle/loom-cache/remapped_mods/remapped/net/fabricmc/fabric-api/fabric-registry-sync-v0-16c8840d-common/6.2.6+1718722b3e/fabric-registry-sync-v0-16c8840d-common-6.2.6+1718722b3e.jar to classpath.
[22:00:48] [main/DEBUG] (FabricLoader/Knot) Adding /var/home/lei/IdeaProjects/majinReacts/.gradle/loom-cache/remapped_mods/remapped/net/fabricmc/fabric-api/fabric-registry-sync-v0-16c8840d-client/6.2.6+1718722b3e/fabric-registry-sync-v0-16c8840d-client-6.2.6+1718722b3e.jar to classpath.
[22:00:48] [main/DEBUG] (FabricLoader/Knot) Adding /var/home/lei/IdeaProjects/majinReacts/.gradle/loom-cache/remapped_mods/remapped/net/fabricmc/fabric-api/fabric-resource-loader-v1-16c8840d-common/1.0.10+78c8b4663e/fabric-resource-loader-v1-16c8840d-common-1.0.10+78c8b4663e.jar to classpath.
[22:00:48] [main/DEBUG] (FabricLoader/Knot) Adding /var/home/lei/IdeaProjects/majinReacts/.gradle/loom-cache/remapped_mods/remapped/net/fabricmc/fabric-api/fabric-resource-loader-v1-16c8840d-client/1.0.10+78c8b4663e/fabric-resource-loader-v1-16c8840d-client-1.0.10+78c8b4663e.jar to classpath.
[22:00:48] [main/DEBUG] (FabricLoader/Entrypoint) Registering new-style initializer net.fabricmc.fabric.impl.gametest.FabricGameTestModInitializer for mod fabric-gametest-api-v1 (key main)
[22:00:48] [main/DEBUG] (FabricLoader/Entrypoint) Registering new-style initializer net.fabricmc.fabric.impl.tag.convention.ConventionLogWarnings for mod fabric-convention-tags-v1 (key main)
[22:00:48] [main/DEBUG] (FabricLoader/Entrypoint) Registering new-style initializer net.fabricmc.fabric.impl.client.model.loading.CustomUnbakedBlockStateModelInit for mod fabric-model-loading-api-v1 (key client)
[22:00:48] [main/DEBUG] (FabricLoader/Entrypoint) Registering new-style initializer net.fabricmc.fabric.impl.event.interaction.InteractionEventsRouter for mod fabric-events-interaction-v0 (key main)
[22:00:48] [main/DEBUG] (FabricLoader/Entrypoint) Registering new-style initializer net.fabricmc.fabric.impl.tag.convention.v2.TranslationConventionLogWarnings for mod fabric-convention-tags-v2 (key main)
[22:00:48] [main/DEBUG] (FabricLoader/Entrypoint) Registering new-style initializer net.fabricmc.fabric.impl.loot.v2.LootInitializer for mod fabric-loot-api-v2 (key main)
[22:00:48] [main/DEBUG] (FabricLoader/Entrypoint) Registering new-style initializer net.fabricmc.fabric.impl.client.rendering.hud.HudStatusBarHeightRegistryImpl for mod fabric-rendering-v1 (key client)
[22:00:48] [main/DEBUG] (FabricLoader/Entrypoint) Registering new-style initializer net.fabricmc.fabric.impl.screenhandler.client.ClientNetworking for mod fabric-screen-handler-api-v1 (key client)
[22:00:48] [main/DEBUG] (FabricLoader/Entrypoint) Registering new-style initializer net.fabricmc.fabric.impl.screenhandler.Networking for mod fabric-screen-handler-api-v1 (key main)
[22:00:48] [main/DEBUG] (FabricLoader/Entrypoint) Registering new-style initializer com.terraformersmc.modmenu.ModMenuModMenuCompat for mod modmenu (key modmenu)
[22:00:48] [main/DEBUG] (FabricLoader/Entrypoint) Registering new-style initializer com.terraformersmc.modmenu.ModMenu for mod modmenu (key client)
[22:00:48] [main/DEBUG] (FabricLoader/Entrypoint) Registering new-style initializer net.fabricmc.fabric.impl.tag.TagInit for mod fabric-tag-api-v1 (key main)
[22:00:48] [main/DEBUG] (FabricLoader/Entrypoint) Registering new-style initializer net.fabricmc.fabric.impl.client.event.lifecycle.ClientLifecycleEventsImpl for mod fabric-lifecycle-events-v1 (key client)
[22:00:48] [main/DEBUG] (FabricLoader/Entrypoint) Registering new-style initializer net.fabricmc.fabric.impl.event.lifecycle.LifecycleEventsImpl for mod fabric-lifecycle-events-v1 (key main)
[22:00:48] [main/DEBUG] (FabricLoader/Entrypoint) Registering new-style initializer net.fabricmc.fabric.impl.client.particle.ExtendedBlockStateParticleEffectSyncClient for mod fabric-particles-v1 (key client)
[22:00:48] [main/DEBUG] (FabricLoader/Entrypoint) Registering new-style initializer net.fabricmc.fabric.impl.particle.ExtendedBlockStateParticleEffectSync for mod fabric-particles-v1 (key main)
[22:00:48] [main/DEBUG] (FabricLoader/Entrypoint) Registering new-style initializer net.fabricmc.fabric.impl.networking.client.ClientNetworkingImpl::clientInit for mod fabric-networking-api-v1 (key client)
[22:00:48] [main/DEBUG] (FabricLoader/Entrypoint) Registering new-style initializer net.fabricmc.fabric.impl.networking.CommonPacketsImpl::init for mod fabric-networking-api-v1 (key main)
[22:00:48] [main/DEBUG] (FabricLoader/Entrypoint) Registering new-style initializer net.fabricmc.fabric.impl.networking.NetworkingImpl::init for mod fabric-networking-api-v1 (key main)
[22:00:48] [main/DEBUG] (FabricLoader/Entrypoint) Registering new-style initializer net.fabricmc.fabric.impl.renderer.DebugHudClient for mod fabric-renderer-api-v1 (key client)
[22:00:48] [main/DEBUG] (FabricLoader/Entrypoint) Registering new-style initializer net.fabricmc.fabric.impl.lookup.ApiLookupImpl for mod fabric-api-lookup-api-v1 (key main)
[22:00:48] [main/DEBUG] (FabricLoader/Entrypoint) Registering new-style initializer net.fabricmc.fabric.impl.recipe.ingredient.client.CustomIngredientSyncClient for mod fabric-recipe-api-v1 (key client)
[22:00:48] [main/DEBUG] (FabricLoader/Entrypoint) Registering new-style initializer net.fabricmc.fabric.impl.recipe.sync.client.RecipeSyncImplClient for mod fabric-recipe-api-v1 (key client)
[22:00:48] [main/DEBUG] (FabricLoader/Entrypoint) Registering new-style initializer net.fabricmc.fabric.impl.recipe.ingredient.CustomIngredientInit for mod fabric-recipe-api-v1 (key main)
[22:00:48] [main/DEBUG] (FabricLoader/Entrypoint) Registering new-style initializer net.fabricmc.fabric.impl.recipe.ingredient.CustomIngredientSync for mod fabric-recipe-api-v1 (key main)
[22:00:48] [main/DEBUG] (FabricLoader/Entrypoint) Registering new-style initializer net.fabricmc.fabric.impl.recipe.sync.RecipeSyncImpl for mod fabric-recipe-api-v1 (key main)
[22:00:48] [main/DEBUG] (FabricLoader/Entrypoint) Registering new-style initializer net.fabricmc.fabric.impl.attachment.client.AttachmentSyncClient for mod fabric-data-attachment-api-v1 (key client)
[22:00:48] [main/DEBUG] (FabricLoader/Entrypoint) Registering new-style initializer net.fabricmc.fabric.impl.attachment.AttachmentEntrypoint for mod fabric-data-attachment-api-v1 (key main)
[22:00:48] [main/DEBUG] (FabricLoader/Entrypoint) Registering new-style initializer net.fabricmc.fabric.impl.attachment.sync.AttachmentSync for mod fabric-data-attachment-api-v1 (key main)
[22:00:48] [main/DEBUG] (FabricLoader/Entrypoint) Registering new-style initializer net.fabricmc.fabric.impl.client.indigo.Indigo for mod fabric-renderer-indigo (key client)
[22:00:48] [main/DEBUG] (FabricLoader/Entrypoint) Registering new-style initializer majin.live.client.LiveMajinReactionDataGenerator for mod live-majin-reaction (key fabric-datagen)
[22:00:48] [main/DEBUG] (FabricLoader/Entrypoint) Registering new-style initializer majin.live.client.LiveMajinReactionClient for mod live-majin-reaction (key client)
[22:00:48] [main/DEBUG] (FabricLoader/Entrypoint) Registering new-style initializer net.fabricmc.fabric.impl.resource.conditions.ResourceConditionsImpl for mod fabric-resource-conditions-api-v1 (key main)
[22:00:48] [main/DEBUG] (FabricLoader/Entrypoint) Registering new-style initializer net.fabricmc.fabric.impl.client.registry.sync.FabricRegistryClientInit for mod fabric-registry-sync-v0 (key client)
[22:00:48] [main/DEBUG] (FabricLoader/Entrypoint) Registering new-style initializer net.fabricmc.fabric.impl.registry.sync.FabricRegistryInit for mod fabric-registry-sync-v0 (key main)
[22:00:48] [main/INFO] (FabricLoader/Mixin) SpongePowered MIXIN Subsystem Version=0.8.7 Source=file:/var/home/lei/.gradle/caches/modules-2/files-2.1/net.fabricmc/sponge-mixin/0.17.2+mixin.0.8.7/edf98d1d98229e46e36c61774ae2b54dcd852981/sponge-mixin-0.17.2+mixin.0.8.7.jar Service=Knot/Fabric Env=CLIENT
[22:00:48] [main/DEBUG] (FabricLoader/Mixin) Initialising Mixin Platform Manager
[22:00:48] [main/DEBUG] (FabricLoader/Mixin) Adding mixin platform agents for container ContainerHandleURI(file:///var/home/lei/.gradle/caches/modules-2/files-2.1/net.fabricmc/fabric-loader/0.19.2/cc647a5b22dbc49b9a3267cebcee25fc4882b108/fabric-loader-0.19.2.jar)
[22:00:48] [main/DEBUG] (FabricLoader/Mixin) Instancing new MixinPlatformAgentDefault for ContainerHandleURI(file:///var/home/lei/.gradle/caches/modules-2/files-2.1/net.fabricmc/fabric-loader/0.19.2/cc647a5b22dbc49b9a3267cebcee25fc4882b108/fabric-loader-0.19.2.jar)
[22:00:48] [main/DEBUG] (FabricLoader/Mixin) MixinPlatformAgentDefault accepted container ContainerHandleURI(file:///var/home/lei/.gradle/caches/modules-2/files-2.1/net.fabricmc/fabric-loader/0.19.2/cc647a5b22dbc49b9a3267cebcee25fc4882b108/fabric-loader-0.19.2.jar)
[22:00:48] [main/DEBUG] (FabricLoader/Mixin) Instancing new MixinPlatformAgentDefault for ContainerHandleURI(file:///var/home/lei/.gradle/caches/modules-2/files-2.1/net.fabricmc/fabric-loader/0.19.2/cc647a5b22dbc49b9a3267cebcee25fc4882b108/fabric-loader-0.19.2.jar)
[22:00:48] [main/DEBUG] (FabricLoader/Mixin) MixinPlatformAgentDefault accepted container ContainerHandleURI(file:///var/home/lei/.gradle/caches/modules-2/files-2.1/net.fabricmc/fabric-loader/0.19.2/cc647a5b22dbc49b9a3267cebcee25fc4882b108/fabric-loader-0.19.2.jar)
[22:00:48] [main/DEBUG] (FabricLoader/Mixin) Processing prepare() for PlatformAgent[MixinPlatformAgentDefault:ContainerHandleURI(file:///var/home/lei/.gradle/caches/modules-2/files-2.1/net.fabricmc/fabric-loader/0.19.2/cc647a5b22dbc49b9a3267cebcee25fc4882b108/fabric-loader-0.19.2.jar)]
[22:00:48] [main/DEBUG] (FabricLoader/Mixin) Processing prepare() for PlatformAgent[MixinPlatformAgentDefault:ContainerHandleURI(file:///var/home/lei/.gradle/caches/modules-2/files-2.1/net.fabricmc/fabric-loader/0.19.2/cc647a5b22dbc49b9a3267cebcee25fc4882b108/fabric-loader-0.19.2.jar)]
[22:00:48] [main/INFO] (FabricLoader/Mixin) Loaded Fabric development mappings for mixin remapper!
[22:00:48] [main/DEBUG] (FabricLoader/Mixin) Compatibility level JAVA_21 specified by fabric-gametest-api-v1.mixins.json is higher than the maximum level supported by this version of mixin (JAVA_13).
[22:00:48] [main/INFO] (FabricLoader/Mixin) Compatibility level set to JAVA_21
[22:00:48] [main/DEBUG] (FabricLoader/Mixin) Mixin config fabric-gametest-api-v1.mixins.json does not specify "minVersion" or "requiredFeatures" property
[22:00:48] [main/DEBUG] (FabricLoader/Mixin) Mixin config fabric-serialization-api-v1.mixins.json does not specify "minVersion" or "requiredFeatures" property
[22:00:48] [main/DEBUG] (FabricLoader/Mixin) Mixin config fabric-game-rule-api-v1.mixins.json does not specify "minVersion" or "requiredFeatures" property
[22:00:48] [main/DEBUG] (FabricLoader/Mixin) Mixin config fabric-game-rule-api-v1.client.mixins.json does not specify "minVersion" or "requiredFeatures" property
[22:00:48] [main/DEBUG] (FabricLoader/Mixin) Mixin config fabric-object-builder-v1.mixins.json does not specify "minVersion" or "requiredFeatures" property
[22:00:48] [main/DEBUG] (FabricLoader/Mixin) Mixin config fabric-object-builder-v1.client.mixins.json does not specify "minVersion" or "requiredFeatures" property
[22:00:48] [main/DEBUG] (FabricLoader/Mixin) Mixin config fabric-model-loading-api-v1.mixins.json does not specify "minVersion" or "requiredFeatures" property
[22:00:48] [main/DEBUG] (FabricLoader/Mixin) Mixin config fabric-events-interaction-v0.mixins.json does not specify "minVersion" or "requiredFeatures" property
[22:00:48] [main/DEBUG] (FabricLoader/Mixin) Mixin config fabric-events-interaction-v0.client.mixins.json does not specify "minVersion" or "requiredFeatures" property
[22:00:48] [main/DEBUG] (FabricLoader/Mixin) Mixin config fabric-convention-tags-api-v2.mixins.json does not specify "minVersion" or "requiredFeatures" property
[22:00:48] [main/DEBUG] (FabricLoader/Mixin) Mixin config fabric-biome-api-v1.mixins.json does not specify "minVersion" or "requiredFeatures" property
[22:00:48] [main/DEBUG] (FabricLoader/Mixin) Mixin config fabric-loot-api-v2.mixins.json does not specify "minVersion" or "requiredFeatures" property
[22:00:48] [main/DEBUG] (FabricLoader/Mixin) Mixin config fabric-loot-api-v3.mixins.json does not specify "minVersion" or "requiredFeatures" property
[22:00:48] [main/DEBUG] (FabricLoader/Mixin) Mixin config fabric-entity-events-v1.mixins.json does not specify "minVersion" or "requiredFeatures" property
[22:00:48] [main/DEBUG] (FabricLoader/Mixin) Mixin config fabric-rendering-v1.mixins.json does not specify "minVersion" or "requiredFeatures" property
[22:00:48] [main/DEBUG] (FabricLoader/Mixin) Mixin config fabric-screen-handler-api-v1.mixins.json does not specify "minVersion" or "requiredFeatures" property
[22:00:48] [main/DEBUG] (FabricLoader/Mixin) Mixin config fabric-block-api-v1.mixins.json does not specify "minVersion" or "requiredFeatures" property
[22:00:48] [main/DEBUG] (FabricLoader/Mixin) Mixin config fabric-client-gametest-api-v1.mixins.json does not specify "minVersion" or "requiredFeatures" property
[22:00:48] [main/DEBUG] (FabricLoader/Mixin) Mixin config fabric-tag-api-v1.mixins.json does not specify "minVersion" or "requiredFeatures" property
[22:00:48] [main/DEBUG] (FabricLoader/Mixin) Mixin config fabric-screen-api-v1.mixins.json does not specify "minVersion" or "requiredFeatures" property
[22:00:48] [main/DEBUG] (FabricLoader/Mixin) Mixin config fabric-crash-report-info-v1.mixins.json does not specify "minVersion" or "requiredFeatures" property
[22:00:48] [main/DEBUG] (FabricLoader/Mixin) Mixin config fabric-content-registries-v0.mixins.json does not specify "minVersion" or "requiredFeatures" property
[22:00:48] [main/DEBUG] (FabricLoader/Mixin) Mixin config fabric-lifecycle-events-v1.mixins.json does not specify "minVersion" or "requiredFeatures" property
[22:00:48] [main/DEBUG] (FabricLoader/Mixin) Mixin config fabric-lifecycle-events-v1.client.mixins.json does not specify "minVersion" or "requiredFeatures" property
[22:00:48] [main/DEBUG] (FabricLoader/Mixin) Mixin config fabric-item-group-api-v1.mixins.json does not specify "minVersion" or "requiredFeatures" property
[22:00:48] [main/DEBUG] (FabricLoader/Mixin) Mixin config fabric-item-group-api-v1.client.mixins.json does not specify "minVersion" or "requiredFeatures" property
[22:00:48] [main/DEBUG] (FabricLoader/Mixin) Mixin config fabric-rendering-fluids-v1.mixins.json does not specify "minVersion" or "requiredFeatures" property
[22:00:48] [main/DEBUG] (FabricLoader/Mixin) Mixin config fabric-transfer-api-v1.mixins.json does not specify "minVersion" or "requiredFeatures" property
[22:00:48] [main/DEBUG] (FabricLoader/Mixin) Mixin config fabric-particles-v1.mixins.json does not specify "minVersion" or "requiredFeatures" property
[22:00:48] [main/DEBUG] (FabricLoader/Mixin) Mixin config fabric-particles-v1.client.mixins.json does not specify "minVersion" or "requiredFeatures" property
[22:00:48] [main/DEBUG] (FabricLoader/Mixin) Mixin config fabric-command-api-v2.mixins.json does not specify "minVersion" or "requiredFeatures" property
[22:00:48] [main/DEBUG] (FabricLoader/Mixin) Mixin config fabric-command-api-v2.client.mixins.json does not specify "minVersion" or "requiredFeatures" property
[22:00:48] [main/DEBUG] (FabricLoader/Mixin) Mixin config fabric-networking-api-v1.mixins.json does not specify "minVersion" or "requiredFeatures" property
[22:00:48] [main/DEBUG] (FabricLoader/Mixin) Mixin config fabric-networking-api-v1.client.mixins.json does not specify "minVersion" or "requiredFeatures" property
[22:00:48] [main/DEBUG] (FabricLoader/Mixin) Mixin config fabric-sound-api-v1.mixins.json does not specify "minVersion" or "requiredFeatures" property
[22:00:48] [main/DEBUG] (FabricLoader/Mixin) Mixin config fabric-renderer-api-v1.mixins.json does not specify "minVersion" or "requiredFeatures" property
[22:00:48] [main/DEBUG] (FabricLoader/Mixin) Mixin config fabric-api-lookup-api-v1.mixins.json does not specify "minVersion" or "requiredFeatures" property
[22:00:48] [main/DEBUG] (FabricLoader/Mixin) Mixin config fabric-recipe-api-v1.mixins.json does not specify "minVersion" or "requiredFeatures" property
[22:00:48] [main/DEBUG] (FabricLoader/Mixin) Mixin config fabric-recipe-api-v1.client.mixins.json does not specify "minVersion" or "requiredFeatures" property
[22:00:48] [main/DEBUG] (FabricLoader/Mixin) Mixin config fabric-message-api-v1.mixins.json does not specify "minVersion" or "requiredFeatures" property
[22:00:48] [main/DEBUG] (FabricLoader/Mixin) Mixin config fabric-message-api-v1.client.mixins.json does not specify "minVersion" or "requiredFeatures" property
[22:00:48] [main/DEBUG] (FabricLoader/Mixin) Mixin config fabric-data-generation-api-v1.mixins.json does not specify "minVersion" or "requiredFeatures" property
[22:00:48] [main/DEBUG] (FabricLoader/Mixin) Mixin config fabric-data-generation-api-v1.client.mixins.json does not specify "minVersion" or "requiredFeatures" property
[22:00:48] [main/DEBUG] (FabricLoader/Mixin) Mixin config fabric-item-api-v1.mixins.json does not specify "minVersion" or "requiredFeatures" property
[22:00:48] [main/DEBUG] (FabricLoader/Mixin) Mixin config fabric-item-api-v1.client.mixins.json does not specify "minVersion" or "requiredFeatures" property
[22:00:48] [main/DEBUG] (FabricLoader/Mixin) Mixin config fabric-data-attachment-api-v1.mixins.json does not specify "minVersion" or "requiredFeatures" property
[22:00:48] [main/DEBUG] (FabricLoader/Mixin) Mixin config fabric-data-attachment-api-v1.client.mixins.json does not specify "minVersion" or "requiredFeatures" property
[22:00:48] [main/DEBUG] (FabricLoader/Mixin) Mixin config fabric-key-binding-api-v1.mixins.json does not specify "minVersion" or "requiredFeatures" property
[22:00:48] [main/DEBUG] (FabricLoader/Mixin) Mixin config fabric-block-view-api-v2.mixins.json does not specify "minVersion" or "requiredFeatures" property
[22:00:48] [main/DEBUG] (FabricLoader/Mixin) Mixin config fabric-block-view-api-v2.client.mixins.json does not specify "minVersion" or "requiredFeatures" property
[22:00:48] [main/DEBUG] (FabricLoader/Mixin) Mixin config fabric-dimensions-v1.mixins.json does not specify "minVersion" or "requiredFeatures" property
[22:00:48] [main/DEBUG] (FabricLoader/Mixin) Mixin config fabric-renderer-indigo.mixins.json does not specify "minVersion" or "requiredFeatures" property
[22:00:48] [main/DEBUG] (FabricLoader/Mixin) Mixin config live-majin-reaction.client.mixins.json does not specify "minVersion" or "requiredFeatures" property
[22:00:48] [main/DEBUG] (FabricLoader/Mixin) Mixin config fabric-resource-conditions-api-v1.mixins.json does not specify "minVersion" or "requiredFeatures" property
[22:00:48] [main/DEBUG] (FabricLoader/Mixin) Mixin config fabric-registry-sync-v0.mixins.json does not specify "minVersion" or "requiredFeatures" property
[22:00:48] [main/DEBUG] (FabricLoader/Mixin) Mixin config fabric-registry-sync-v0.client.mixins.json does not specify "minVersion" or "requiredFeatures" property
[22:00:48] [main/DEBUG] (FabricLoader/Mixin) Mixin config fabric-resource-loader-v1.mixins.json does not specify "minVersion" or "requiredFeatures" property
[22:00:48] [main/DEBUG] (FabricLoader/Mixin) Mixin config fabric-resource-loader-v1.client.mixins.json does not specify "minVersion" or "requiredFeatures" property
[22:00:48] [main/DEBUG] (FabricLoader/Knot) Adding /var/home/lei/IdeaProjects/majinReacts/.gradle/loom-cache/minecraftMaven/net/minecraft/minecraft-clientOnly-6dd721cd7d/1.21.11-net.fabricmc.yarn.1_21_11.1.21.11+build.6-v2/minecraft-clientOnly-6dd721cd7d-1.21.11-net.fabricmc.yarn.1_21_11.1.21.11+build.6-v2.jar to classpath.
[22:00:48] [main/DEBUG] (FabricLoader/Knot) Adding /var/home/lei/IdeaProjects/majinReacts/.gradle/loom-cache/minecraftMaven/net/minecraft/minecraft-common-6dd721cd7d/1.21.11-net.fabricmc.yarn.1_21_11.1.21.11+build.6-v2/minecraft-common-6dd721cd7d-1.21.11-net.fabricmc.yarn.1_21_11.1.21.11+build.6-v2.jar to classpath.
[22:00:48] [main/DEBUG] (FabricLoader/Knot) Adding /var/home/lei/IdeaProjects/majinReacts/build/classes/java/client to classpath.
[22:00:48] [main/DEBUG] (FabricLoader/Knot) Adding /var/home/lei/IdeaProjects/majinReacts/build/resources/client to classpath.
[22:00:48] [main/DEBUG] (FabricLoader/Knot) Adding /var/home/lei/.gradle/caches/fabric-loom/1.21.11/net.fabricmc.yarn.1_21_11.1.21.11+build.6-v2/mappings.jar to classpath.
[22:00:48] [main/DEBUG] (FabricLoader/Knot) Adding /var/home/lei/.gradle/caches/modules-2/files-2.1/io.github.llamalad7/mixinextras-fabric/0.5.4/5e167154bcb9942111313a5e186e16cd7265f858/mixinextras-fabric-0.5.4.jar to classpath.
[22:00:48] [main/DEBUG] (FabricLoader/Knot) Adding /var/home/lei/.gradle/caches/modules-2/files-2.1/net.fabricmc/dev-launch-injector/0.2.1+build.8/da8bef7e6e2f952da707f282bdb46882a0fce5e3/dev-launch-injector-0.2.1+build.8.jar to classpath.
[22:00:48] [main/DEBUG] (FabricLoader/Knot) Adding /var/home/lei/.gradle/caches/modules-2/files-2.1/at.yawk.lz4/lz4-java/1.8.1/1f30a180ee04ccd53339a716aec13cae60a013b5/lz4-java-1.8.1.jar to classpath.
[22:00:48] [main/DEBUG] (FabricLoader/Knot) Adding /var/home/lei/.gradle/caches/modules-2/files-2.1/com.azure/azure-json/1.4.0/fcc1d354dbc3e0300e5276b1bf124d0247799cd8/azure-json-1.4.0.jar to classpath.
[22:00:48] [main/DEBUG] (FabricLoader/Knot) Adding /var/home/lei/.gradle/caches/modules-2/files-2.1/com.github.oshi/oshi-core/6.9.0/3224870731860cfcd7744581a05b559e94291e7/oshi-core-6.9.0.jar to classpath.
[22:00:48] [main/DEBUG] (FabricLoader/Knot) Adding /var/home/lei/.gradle/caches/modules-2/files-2.1/com.google.guava/failureaccess/1.0.3/aeaffd00d57023a2c947393ed251f0354f0985fc/failureaccess-1.0.3.jar to classpath.
[22:00:48] [main/DEBUG] (FabricLoader/Knot) Adding /var/home/lei/.gradle/caches/modules-2/files-2.1/com.google.guava/guava/33.5.0-jre/8699de25f2f979108d6c1b804a7ba38cda1116bc/guava-33.5.0-jre.jar to classpath.
[22:00:48] [main/DEBUG] (FabricLoader/Knot) Adding /var/home/lei/.gradle/caches/modules-2/files-2.1/com.ibm.icu/icu4j/77.1/38693cf0b1d7362a8b726af74dc06026a7c23809/icu4j-77.1.jar to classpath.
[22:00:48] [main/DEBUG] (FabricLoader/Knot) Adding /var/home/lei/.gradle/caches/modules-2/files-2.1/com.microsoft.azure/msal4j/1.23.1/6c722b514873b24a4e1ce9c22dca36ea3c22bdbe/msal4j-1.23.1.jar to classpath.
[22:00:48] [main/DEBUG] (FabricLoader/Knot) Adding /var/home/lei/.gradle/caches/modules-2/files-2.1/com.mojang/blocklist/1.0.10/5c685c5ffa94c4cd39496c7184c1d122e515ecef/blocklist-1.0.10.jar to classpath.
[22:00:48] [main/DEBUG] (FabricLoader/Knot) Adding /var/home/lei/.gradle/caches/modules-2/files-2.1/com.mojang/brigadier/1.3.10/d15b53a14cf20fdcaa98f731af5dda654452c010/brigadier-1.3.10.jar to classpath.
[22:00:48] [main/DEBUG] (FabricLoader/Knot) Adding /var/home/lei/.gradle/caches/modules-2/files-2.1/com.mojang/datafixerupper/9.0.19/4e91f9712fa1e83231d1501625381b0210a977da/datafixerupper-9.0.19.jar to classpath.
[22:00:48] [main/DEBUG] (FabricLoader/Knot) Adding /var/home/lei/.gradle/caches/modules-2/files-2.1/com.mojang/jtracy/1.0.37/a3fb649b2e2b2288d2978f0b0bc3d83f62809d1e/jtracy-1.0.37.jar to classpath.
[22:00:48] [main/DEBUG] (FabricLoader/Knot) Adding /var/home/lei/.gradle/caches/modules-2/files-2.1/com.mojang/jtracy/1.0.37/e1b4395227af41195da9e2ead13c48ee0b7d31cd/jtracy-1.0.37-natives-linux.jar to classpath.
[22:00:48] [main/DEBUG] (FabricLoader/Knot) Adding /var/home/lei/.gradle/caches/modules-2/files-2.1/com.mojang/patchy/2.2.10/da05971b07cbb379d002cf7eaec6a2048211fefc/patchy-2.2.10.jar to classpath.
[22:00:48] [main/DEBUG] (FabricLoader/Knot) Adding /var/home/lei/.gradle/caches/modules-2/files-2.1/com.mojang/text2speech/1.18.11/e853a12cdd6ba4f4836e8f4bf3b37844a13482b6/text2speech-1.18.11.jar to classpath.
[22:00:48] [main/DEBUG] (FabricLoader/Knot) Adding /var/home/lei/.gradle/caches/modules-2/files-2.1/commons-codec/commons-codec/1.19.0/8c0dbe3ae883fceda9b50a6c76e745e548073388/commons-codec-1.19.0.jar to classpath.
[22:00:48] [main/DEBUG] (FabricLoader/Knot) Adding /var/home/lei/.gradle/caches/modules-2/files-2.1/commons-io/commons-io/2.20.0/36f3474daec2849c149e877614e7f979b2082cd2/commons-io-2.20.0.jar to classpath.
[22:00:48] [main/DEBUG] (FabricLoader/Knot) Adding /var/home/lei/.gradle/caches/modules-2/files-2.1/io.netty/netty-buffer/4.2.7.Final/5555ff561643bf2f8430fb57c24403c0efe15994/netty-buffer-4.2.7.Final.jar to classpath.
[22:00:48] [main/DEBUG] (FabricLoader/Knot) Adding /var/home/lei/.gradle/caches/modules-2/files-2.1/io.netty/netty-codec-base/4.2.7.Final/915e381ebabcf115f1c7ff7032d55c48afb50210/netty-codec-base-4.2.7.Final.jar to classpath.
[22:00:48] [main/DEBUG] (FabricLoader/Knot) Adding /var/home/lei/.gradle/caches/modules-2/files-2.1/io.netty/netty-codec-compression/4.2.7.Final/572341bc1ca90fd9d6e47f1d2694aab5258566e9/netty-codec-compression-4.2.7.Final.jar to classpath.
[22:00:48] [main/DEBUG] (FabricLoader/Knot) Adding /var/home/lei/.gradle/caches/modules-2/files-2.1/io.netty/netty-codec-http/4.2.7.Final/b734c108854099c421fd94d92d9f865e4d4da853/netty-codec-http-4.2.7.Final.jar to classpath.
[22:00:48] [main/DEBUG] (FabricLoader/Knot) Adding /var/home/lei/.gradle/caches/modules-2/files-2.1/io.netty/netty-common/4.2.7.Final/11aa30df26af4fca3239ac1917f303a280f301e1/netty-common-4.2.7.Final.jar to classpath.
[22:00:48] [main/DEBUG] (FabricLoader/Knot) Adding /var/home/lei/.gradle/caches/modules-2/files-2.1/io.netty/netty-handler/4.2.7.Final/7ad8a1f851e2e6fe93cdd091871fda2b81c03b5b/netty-handler-4.2.7.Final.jar to classpath.
[22:00:48] [main/DEBUG] (FabricLoader/Knot) Adding /var/home/lei/.gradle/caches/modules-2/files-2.1/io.netty/netty-resolver/4.2.7.Final/5f3e5ef8de03992cd4fb46960dc0085ec1a12a12/netty-resolver-4.2.7.Final.jar to classpath.
[22:00:48] [main/DEBUG] (FabricLoader/Knot) Adding /var/home/lei/.gradle/caches/modules-2/files-2.1/io.netty/netty-transport-classes-epoll/4.2.7.Final/1075c09f48a78eef9d819fbfd9096b903fdd362a/netty-transport-classes-epoll-4.2.7.Final.jar to classpath.
[22:00:48] [main/DEBUG] (FabricLoader/Knot) Adding /var/home/lei/.gradle/caches/modules-2/files-2.1/io.netty/netty-transport-classes-kqueue/4.2.7.Final/bdec7c23c75caabd848426d073c09568e8d5f94e/netty-transport-classes-kqueue-4.2.7.Final.jar to classpath.
[22:00:48] [main/DEBUG] (FabricLoader/Knot) Adding /var/home/lei/.gradle/caches/modules-2/files-2.1/io.netty/netty-transport-native-epoll/4.2.7.Final/98d02251c98c8f07a23ac5ea27657d9e0ef57614/netty-transport-native-epoll-4.2.7.Final-linux-aarch_64.jar to classpath.
[22:00:48] [main/DEBUG] (FabricLoader/Knot) Adding /var/home/lei/.gradle/caches/modules-2/files-2.1/io.netty/netty-transport-native-epoll/4.2.7.Final/e83998bfc10b5289d9bcbe807c4079ef0eed8e6f/netty-transport-native-epoll-4.2.7.Final-linux-x86_64.jar to classpath.
[22:00:48] [main/DEBUG] (FabricLoader/Knot) Adding /var/home/lei/.gradle/caches/modules-2/files-2.1/io.netty/netty-transport-native-unix-common/4.2.7.Final/89953f04259ea7502cffb313630dd51e00e60669/netty-transport-native-unix-common-4.2.7.Final.jar to classpath.
[22:00:48] [main/DEBUG] (FabricLoader/Knot) Adding /var/home/lei/.gradle/caches/modules-2/files-2.1/io.netty/netty-transport/4.2.7.Final/83ea548981d0d8c4a98027cc1a6f9624f902e142/netty-transport-4.2.7.Final.jar to classpath.
[22:00:48] [main/DEBUG] (FabricLoader/Knot) Adding /var/home/lei/.gradle/caches/modules-2/files-2.1/it.unimi.dsi/fastutil/8.5.18/a6cff377eecc19c2037bf31568a6d7106b50ba1f/fastutil-8.5.18.jar to classpath.
[22:00:48] [main/DEBUG] (FabricLoader/Knot) Adding /var/home/lei/.gradle/caches/modules-2/files-2.1/net.java.dev.jna/jna-platform/5.17.0/a4934c44d25a9d8c2ddf4203affd20330cb3426f/jna-platform-5.17.0.jar to classpath.
[22:00:48] [main/DEBUG] (FabricLoader/Knot) Adding /var/home/lei/.gradle/caches/modules-2/files-2.1/net.java.dev.jna/jna/5.17.0/33d12735bef894440780fce64f9758d420c7bae2/jna-5.17.0.jar to classpath.
[22:00:48] [main/DEBUG] (FabricLoader/Knot) Adding /var/home/lei/.gradle/caches/modules-2/files-2.1/net.sf.jopt-simple/jopt-simple/5.0.4/4fdac2fbe92dfad86aa6e9301736f6b4342a3f5c/jopt-simple-5.0.4.jar to classpath.
[22:00:48] [main/DEBUG] (FabricLoader/Knot) Adding /var/home/lei/.gradle/caches/modules-2/files-2.1/org.apache.commons/commons-compress/1.28.0/e482f2c7a88dac3c497e96aa420b6a769f59c8d7/commons-compress-1.28.0.jar to classpath.
[22:00:48] [main/DEBUG] (FabricLoader/Knot) Adding /var/home/lei/.gradle/caches/modules-2/files-2.1/org.apache.commons/commons-lang3/3.19.0/d6524b169a6574cd253760c472d419b47bfd37e6/commons-lang3-3.19.0.jar to classpath.
[22:00:48] [main/DEBUG] (FabricLoader/Knot) Adding /var/home/lei/.gradle/caches/modules-2/files-2.1/org.jcraft/jorbis/0.0.17/8872d22b293e8f5d7d56ff92be966e6dc28ebdc6/jorbis-0.0.17.jar to classpath.
[22:00:48] [main/DEBUG] (FabricLoader/Knot) Adding /var/home/lei/.gradle/caches/modules-2/files-2.1/org.joml/joml/1.10.8/fc0a71dad90a2cf41d82a76156a0e700af8e4f8d/joml-1.10.8.jar to classpath.
[22:00:48] [main/DEBUG] (FabricLoader/Knot) Adding /var/home/lei/.gradle/caches/modules-2/files-2.1/org.jspecify/jspecify/1.0.0/7425a601c1c7ec76645a78d22b8c6a627edee507/jspecify-1.0.0.jar to classpath.
[22:00:48] [main/DEBUG] (FabricLoader/Knot) Adding /var/home/lei/.gradle/caches/modules-2/files-2.1/org.lwjgl/lwjgl-freetype/3.3.3/a0db6c84a8becc8ca05f9dbfa985edc348a824c7/lwjgl-freetype-3.3.3.jar to classpath.
[22:00:48] [main/DEBUG] (FabricLoader/Knot) Adding /var/home/lei/.gradle/caches/modules-2/files-2.1/org.lwjgl/lwjgl-freetype/3.3.3/149070a5480900347071b7074779531f25a6e3dc/lwjgl-freetype-3.3.3-natives-linux.jar to classpath.
[22:00:48] [main/DEBUG] (FabricLoader/Knot) Adding /var/home/lei/.gradle/caches/modules-2/files-2.1/org.lwjgl/lwjgl-glfw/3.3.3/efa1eb78c5ccd840e9f329717109b5e892d72f8e/lwjgl-glfw-3.3.3.jar to classpath.
[22:00:48] [main/DEBUG] (FabricLoader/Knot) Adding /var/home/lei/.gradle/caches/modules-2/files-2.1/org.lwjgl/lwjgl-glfw/3.3.3/a03684c5e4b1b1dbbe0d29dbbdc27b985b6840f2/lwjgl-glfw-3.3.3-natives-linux.jar to classpath.
[22:00:48] [main/DEBUG] (FabricLoader/Knot) Adding /var/home/lei/.gradle/caches/modules-2/files-2.1/org.lwjgl/lwjgl-jemalloc/3.3.3/b543467b7ff3c6920539a88ee602d34098628be5/lwjgl-jemalloc-3.3.3.jar to classpath.
[22:00:48] [main/DEBUG] (FabricLoader/Knot) Adding /var/home/lei/.gradle/caches/modules-2/files-2.1/org.lwjgl/lwjgl-jemalloc/3.3.3/4f86728bf449b1dd61251c4e0ac01df1389cb51e/lwjgl-jemalloc-3.3.3-natives-linux.jar to classpath.
[22:00:48] [main/DEBUG] (FabricLoader/Knot) Adding /var/home/lei/.gradle/caches/modules-2/files-2.1/org.lwjgl/lwjgl-openal/3.3.3/daada81ceb5fc0c291fbfdd4433cb8d9423577f2/lwjgl-openal-3.3.3.jar to classpath.
[22:00:48] [main/DEBUG] (FabricLoader/Knot) Adding /var/home/lei/.gradle/caches/modules-2/files-2.1/org.lwjgl/lwjgl-openal/3.3.3/3037360cc4595079bea240af250b6d1a527e0905/lwjgl-openal-3.3.3-natives-linux.jar to classpath.
[22:00:48] [main/DEBUG] (FabricLoader/Knot) Adding /var/home/lei/.gradle/caches/modules-2/files-2.1/org.lwjgl/lwjgl-opengl/3.3.3/2f6b0147078396a58979125a4c947664e98293a/lwjgl-opengl-3.3.3.jar to classpath.
[22:00:48] [main/DEBUG] (FabricLoader/Knot) Adding /var/home/lei/.gradle/caches/modules-2/files-2.1/org.lwjgl/lwjgl-opengl/3.3.3/62c70a4b00ca5391882b0f4b787c1588d24f1c86/lwjgl-opengl-3.3.3-natives-linux.jar to classpath.
[22:00:48] [main/DEBUG] (FabricLoader/Knot) Adding /var/home/lei/.gradle/caches/modules-2/files-2.1/org.lwjgl/lwjgl-stb/3.3.3/25dd6161988d7e65f71d5065c99902402ee32746/lwjgl-stb-3.3.3.jar to classpath.
[22:00:48] [main/DEBUG] (FabricLoader/Knot) Adding /var/home/lei/.gradle/caches/modules-2/files-2.1/org.lwjgl/lwjgl-stb/3.3.3/fd1271ccd9d85eff2fa31f3fd543e02ccfaf5041/lwjgl-stb-3.3.3-natives-linux.jar to classpath.
[22:00:48] [main/DEBUG] (FabricLoader/Knot) Adding /var/home/lei/.gradle/caches/modules-2/files-2.1/org.lwjgl/lwjgl-tinyfd/3.3.3/82d755ca94b102e9ca77283b9e2dc46d1b15fbe5/lwjgl-tinyfd-3.3.3.jar to classpath.
[22:00:48] [main/DEBUG] (FabricLoader/Knot) Adding /var/home/lei/.gradle/caches/modules-2/files-2.1/org.lwjgl/lwjgl-tinyfd/3.3.3/d8d58daa0c3e5fd906fee96f5fddbcbc07cc308b/lwjgl-tinyfd-3.3.3-natives-linux.jar to classpath.
[22:00:48] [main/DEBUG] (FabricLoader/Knot) Adding /var/home/lei/.gradle/caches/modules-2/files-2.1/org.lwjgl/lwjgl/3.3.3/29589b5f87ed335a6c7e7ee6a5775f81f97ecb84/lwjgl-3.3.3.jar to classpath.
[22:00:48] [main/DEBUG] (FabricLoader/Knot) Adding /var/home/lei/.gradle/caches/modules-2/files-2.1/org.lwjgl/lwjgl/3.3.3/1713758e3660ba66e1e954396fd18126038b33c0/lwjgl-3.3.3-natives-linux.jar to classpath.
[22:00:48] [main/DEBUG] (FabricLoader/Knot) Adding /var/home/lei/IdeaProjects/majinReacts/.gradle/loom-cache/minecraftMaven/net/minecraft/minecraft-clientOnly-6dd721cd7d/1.21.11-net.fabricmc.yarn.1_21_11.1.21.11+build.6-v2/minecraft-clientOnly-6dd721cd7d-1.21.11-net.fabricmc.yarn.1_21_11.1.21.11+build.6-v2.jar to classpath.
[22:00:48] [main/DEBUG] (FabricLoader/Knot) Adding /var/home/lei/IdeaProjects/majinReacts/.gradle/loom-cache/minecraftMaven/net/minecraft/minecraft-common-6dd721cd7d/1.21.11-net.fabricmc.yarn.1_21_11.1.21.11+build.6-v2/minecraft-common-6dd721cd7d-1.21.11-net.fabricmc.yarn.1_21_11.1.21.11+build.6-v2.jar to classpath.
[22:00:48] [main/DEBUG] (FabricLoader/Knot) Adding /var/home/lei/.gradle/caches/modules-2/files-2.1/io.netty/netty-transport-native-kqueue/4.2.7.Final/40868fd4e43bce2798245f790624b58803dc26b6/netty-transport-native-kqueue-4.2.7.Final-osx-x86_64.jar to classpath.
[22:00:48] [main/DEBUG] (FabricLoader/Knot) Adding /var/home/lei/.gradle/caches/modules-2/files-2.1/io.netty/netty-transport-native-kqueue/4.2.7.Final/e5a0feef41410c8a5ae00c6cb4e0c99bd0aded6a/netty-transport-native-kqueue-4.2.7.Final-osx-aarch_64.jar to classpath.
[22:00:48] [main/DEBUG] (FabricLoader/Knot) Adding /var/home/lei/IdeaProjects/majinReacts/.gradle/loom-cache/remapped_mods/remapped/net/fabricmc/fabric-api/fabric-transfer-api-v1-16c8840d-client/6.0.25+4fc5413f3e/fabric-transfer-api-v1-16c8840d-client-6.0.25+4fc5413f3e.jar to classpath.
[22:00:48] [main/DEBUG] (FabricLoader/Knot) Adding /var/home/lei/IdeaProjects/majinReacts/.gradle/loom-cache/remapped_mods/remapped/net/fabricmc/fabric-api/fabric-command-api-v2-16c8840d-client/2.4.7+6b42a6003e/fabric-command-api-v2-16c8840d-client-2.4.7+6b42a6003e.jar to classpath.
[22:00:48] [main/DEBUG] (FabricLoader/Knot) Adding /var/home/lei/IdeaProjects/majinReacts/.gradle/loom-cache/remapped_mods/remapped/net/fabricmc/fabric-api/fabric-data-generation-api-v1-16c8840d-client/23.4.1+69974c4e3e/fabric-data-generation-api-v1-16c8840d-client-23.4.1+69974c4e3e.jar to classpath.
[22:00:48] [main/DEBUG] (FabricLoader/Knot) Adding /var/home/lei/IdeaProjects/majinReacts/.gradle/loom-cache/remapped_mods/remapped/net/fabricmc/fabric-api/fabric-data-attachment-api-v1-16c8840d-client/1.8.48+eed0806f3e/fabric-data-attachment-api-v1-16c8840d-client-1.8.48+eed0806f3e.jar to classpath.
[22:00:48] [main/DEBUG] (FabricLoader/Knot) Adding /var/home/lei/IdeaProjects/majinReacts/.gradle/loom-cache/remapped_mods/remapped/net/fabricmc/fabric-api/fabric-events-interaction-v0-16c8840d-client/4.1.1+3b89ecf63e/fabric-events-interaction-v0-16c8840d-client-4.1.1+3b89ecf63e.jar to classpath.
[22:00:48] [main/DEBUG] (FabricLoader/Knot) Adding /var/home/lei/IdeaProjects/majinReacts/.gradle/loom-cache/remapped_mods/remapped/net/fabricmc/fabric-api/fabric-game-rule-api-v1-16c8840d-client/2.0.3+4fc5413f3e/fabric-game-rule-api-v1-16c8840d-client-2.0.3+4fc5413f3e.jar to classpath.
[22:00:48] [main/DEBUG] (FabricLoader/Knot) Adding /var/home/lei/IdeaProjects/majinReacts/.gradle/loom-cache/remapped_mods/remapped/net/fabricmc/fabric-api/fabric-item-api-v1-16c8840d-client/11.5.20+d0c46b9e3e/fabric-item-api-v1-16c8840d-client-11.5.20+d0c46b9e3e.jar to classpath.
[22:00:48] [main/DEBUG] (FabricLoader/Knot) Adding /var/home/lei/IdeaProjects/majinReacts/.gradle/loom-cache/remapped_mods/remapped/net/fabricmc/fabric-api/fabric-item-group-api-v1-16c8840d-client/4.2.36+4fc5413f3e/fabric-item-group-api-v1-16c8840d-client-4.2.36+4fc5413f3e.jar to classpath.
[22:00:48] [main/DEBUG] (FabricLoader/Knot) Adding /var/home/lei/IdeaProjects/majinReacts/.gradle/loom-cache/remapped_mods/remapped/net/fabricmc/fabric-api/fabric-recipe-api-v1-16c8840d-client/8.2.4+4ebb5c083e/fabric-recipe-api-v1-16c8840d-client-8.2.4+4ebb5c083e.jar to classpath.
[22:00:48] [main/DEBUG] (FabricLoader/Knot) Adding /var/home/lei/IdeaProjects/majinReacts/.gradle/loom-cache/remapped_mods/remapped/net/fabricmc/fabric-api/fabric-model-loading-api-v1-16c8840d-client/6.0.15+4fc5413f3e/fabric-model-loading-api-v1-16c8840d-client-6.0.15+4fc5413f3e.jar to classpath.
[22:00:48] [main/DEBUG] (FabricLoader/Knot) Adding /var/home/lei/IdeaProjects/majinReacts/.gradle/loom-cache/remapped_mods/remapped/net/fabricmc/fabric-api/fabric-renderer-indigo-16c8840d-client/5.0.3+f4ffd2e53e/fabric-renderer-indigo-16c8840d-client-5.0.3+f4ffd2e53e.jar to classpath.
[22:00:48] [main/DEBUG] (FabricLoader/Knot) Adding /var/home/lei/IdeaProjects/majinReacts/.gradle/loom-cache/remapped_mods/remapped/net/fabricmc/fabric-api/fabric-renderer-api-v1-16c8840d-client/8.0.3+f4ffd2e53e/fabric-renderer-api-v1-16c8840d-client-8.0.3+f4ffd2e53e.jar to classpath.
[22:00:48] [main/DEBUG] (FabricLoader/Knot) Adding /var/home/lei/IdeaProjects/majinReacts/.gradle/loom-cache/remapped_mods/remapped/net/fabricmc/fabric-api/fabric-rendering-v1-16c8840d-client/16.2.10+0290ad933e/fabric-rendering-v1-16c8840d-client-16.2.10+0290ad933e.jar to classpath.
[22:00:48] [main/DEBUG] (FabricLoader/Knot) Adding /var/home/lei/IdeaProjects/majinReacts/.gradle/loom-cache/remapped_mods/remapped/net/fabricmc/fabric-api/fabric-lifecycle-events-v1-16c8840d-client/2.6.15+4ebb5c083e/fabric-lifecycle-events-v1-16c8840d-client-2.6.15+4ebb5c083e.jar to classpath.
[22:00:48] [main/DEBUG] (FabricLoader/Knot) Adding /var/home/lei/IdeaProjects/majinReacts/.gradle/loom-cache/remapped_mods/remapped/net/fabricmc/fabric-api/fabric-message-api-v1-16c8840d-client/6.1.12+4ebb5c083e/fabric-message-api-v1-16c8840d-client-6.1.12+4ebb5c083e.jar to classpath.
[22:00:48] [main/DEBUG] (FabricLoader/Knot) Adding /var/home/lei/IdeaProjects/majinReacts/.gradle/loom-cache/remapped_mods/remapped/net/fabricmc/fabric-api/fabric-particles-v1-16c8840d-client/4.2.12+4fc5413f3e/fabric-particles-v1-16c8840d-client-4.2.12+4fc5413f3e.jar to classpath.
[22:00:48] [main/DEBUG] (FabricLoader/Knot) Adding /var/home/lei/IdeaProjects/majinReacts/.gradle/loom-cache/remapped_mods/remapped/net/fabricmc/fabric-api/fabric-object-builder-api-v1-16c8840d-client/21.1.40+4fc5413f3e/fabric-object-builder-api-v1-16c8840d-client-21.1.40+4fc5413f3e.jar to classpath.
[22:00:48] [main/DEBUG] (FabricLoader/Knot) Adding /var/home/lei/IdeaProjects/majinReacts/.gradle/loom-cache/remapped_mods/remapped/net/fabricmc/fabric-api/fabric-screen-handler-api-v1-16c8840d-client/1.3.162+4fc5413f3e/fabric-screen-handler-api-v1-16c8840d-client-1.3.162+4fc5413f3e.jar to classpath.
[22:00:48] [main/DEBUG] (FabricLoader/Knot) Adding /var/home/lei/IdeaProjects/majinReacts/.gradle/loom-cache/remapped_mods/remapped/net/fabricmc/fabric-api/fabric-registry-sync-v0-16c8840d-client/6.2.6+1718722b3e/fabric-registry-sync-v0-16c8840d-client-6.2.6+1718722b3e.jar to classpath.
[22:00:48] [main/DEBUG] (FabricLoader/Knot) Adding /var/home/lei/IdeaProjects/majinReacts/.gradle/loom-cache/remapped_mods/remapped/net/fabricmc/fabric-api/fabric-networking-api-v1-16c8840d-client/5.1.6+6b6d71a53e/fabric-networking-api-v1-16c8840d-client-5.1.6+6b6d71a53e.jar to classpath.
[22:00:48] [main/DEBUG] (FabricLoader/Knot) Adding /var/home/lei/IdeaProjects/majinReacts/.gradle/loom-cache/remapped_mods/remapped/net/fabricmc/fabric-api/fabric-rendering-fluids-v1-16c8840d-client/3.1.43+4ebb5c083e/fabric-rendering-fluids-v1-16c8840d-client-3.1.43+4ebb5c083e.jar to classpath.
[22:00:48] [main/DEBUG] (FabricLoader/Knot) Adding /var/home/lei/IdeaProjects/majinReacts/.gradle/loom-cache/remapped_mods/remapped/net/fabricmc/fabric-api/fabric-tag-api-v1-16c8840d-client/1.2.20+4fc5413f3e/fabric-tag-api-v1-16c8840d-client-1.2.20+4fc5413f3e.jar to classpath.
[22:00:48] [main/DEBUG] (FabricLoader/Knot) Adding /var/home/lei/IdeaProjects/majinReacts/.gradle/loom-cache/remapped_mods/remapped/net/fabricmc/fabric-api/fabric-resource-loader-v1-16c8840d-client/1.0.10+78c8b4663e/fabric-resource-loader-v1-16c8840d-client-1.0.10+78c8b4663e.jar to classpath.
[22:00:48] [main/DEBUG] (FabricLoader/Knot) Adding /var/home/lei/IdeaProjects/majinReacts/.gradle/loom-cache/remapped_mods/remapped/net/fabricmc/fabric-api/fabric-screen-api-v1-16c8840d-client/3.1.7+4ebb5c083e/fabric-screen-api-v1-16c8840d-client-3.1.7+4ebb5c083e.jar to classpath.
[22:00:48] [main/DEBUG] (FabricLoader/Knot) Adding /var/home/lei/IdeaProjects/majinReacts/.gradle/loom-cache/remapped_mods/remapped/net/fabricmc/fabric-api/fabric-block-view-api-v2-16c8840d-client/1.0.39+4ebb5c083e/fabric-block-view-api-v2-16c8840d-client-1.0.39+4ebb5c083e.jar to classpath.
[22:00:48] [main/DEBUG] (FabricLoader/Knot) Adding /var/home/lei/IdeaProjects/majinReacts/.gradle/loom-cache/remapped_mods/remapped/net/fabricmc/fabric-api/fabric-client-gametest-api-v1-16c8840d-client/4.3.5+bfe9fcf43e/fabric-client-gametest-api-v1-16c8840d-client-4.3.5+bfe9fcf43e.jar to classpath.
[22:00:48] [main/DEBUG] (FabricLoader/Knot) Adding /var/home/lei/IdeaProjects/majinReacts/.gradle/loom-cache/remapped_mods/remapped/net/fabricmc/fabric-api/fabric-key-binding-api-v1-16c8840d-client/1.1.7+4fc5413f3e/fabric-key-binding-api-v1-16c8840d-client-1.1.7+4fc5413f3e.jar to classpath.
[22:00:48] [main/DEBUG] (FabricLoader/Knot) Adding /var/home/lei/IdeaProjects/majinReacts/.gradle/loom-cache/remapped_mods/remapped/net/fabricmc/fabric-api/fabric-sound-api-v1-16c8840d-client/1.0.51+4fc5413f3e/fabric-sound-api-v1-16c8840d-client-1.0.51+4fc5413f3e.jar to classpath.
[22:00:48] [main/DEBUG] (FabricLoader/Knot) Adding /var/home/lei/IdeaProjects/majinReacts/.gradle/loom-cache/remapped_mods/remapped/net/fabricmc/fabric-api/fabric-api-16c8840d-common/0.141.4+1.21.11/fabric-api-16c8840d-common-0.141.4+1.21.11.jar to classpath.
[22:00:48] [main/DEBUG] (FabricLoader/Knot) Adding /var/home/lei/IdeaProjects/majinReacts/.gradle/loom-cache/remapped_mods/remapped/com/terraformersmc/modmenu-16c8840d/17.0.0/modmenu-16c8840d-17.0.0.jar to classpath.
[22:00:48] [main/DEBUG] (FabricLoader/Knot) Adding /var/home/lei/IdeaProjects/majinReacts/.gradle/loom-cache/remapped_mods/remapped/net/fabricmc/fabric-api/fabric-transfer-api-v1-16c8840d-common/6.0.25+4fc5413f3e/fabric-transfer-api-v1-16c8840d-common-6.0.25+4fc5413f3e.jar to classpath.
[22:00:48] [main/DEBUG] (FabricLoader/Knot) Adding /var/home/lei/IdeaProjects/majinReacts/.gradle/loom-cache/remapped_mods/remapped/net/fabricmc/fabric-api/fabric-api-lookup-api-v1-16c8840d-common/1.6.114+20dc27073e/fabric-api-lookup-api-v1-16c8840d-common-1.6.114+20dc27073e.jar to classpath.
[22:00:48] [main/DEBUG] (FabricLoader/Knot) Adding /var/home/lei/IdeaProjects/majinReacts/.gradle/loom-cache/remapped_mods/remapped/net/fabricmc/fabric-api/fabric-command-api-v2-16c8840d-common/2.4.7+6b42a6003e/fabric-command-api-v2-16c8840d-common-2.4.7+6b42a6003e.jar to classpath.
[22:00:48] [main/DEBUG] (FabricLoader/Knot) Adding /var/home/lei/IdeaProjects/majinReacts/.gradle/loom-cache/remapped_mods/remapped/net/fabricmc/fabric-api/fabric-content-registries-v0-16c8840d-common/10.2.14+4fc5413f3e/fabric-content-registries-v0-16c8840d-common-10.2.14+4fc5413f3e.jar to classpath.
[22:00:48] [main/DEBUG] (FabricLoader/Knot) Adding /var/home/lei/IdeaProjects/majinReacts/.gradle/loom-cache/remapped_mods/remapped/net/fabricmc/fabric-api/fabric-data-generation-api-v1-16c8840d-common/23.4.1+69974c4e3e/fabric-data-generation-api-v1-16c8840d-common-23.4.1+69974c4e3e.jar to classpath.
[22:00:48] [main/DEBUG] (FabricLoader/Knot) Adding /var/home/lei/IdeaProjects/majinReacts/.gradle/loom-cache/remapped_mods/remapped/net/fabricmc/fabric-api/fabric-convention-tags-v1-16c8840d-common/2.1.55+7f945d5b3e/fabric-convention-tags-v1-16c8840d-common-2.1.55+7f945d5b3e.jar to classpath.
[22:00:48] [main/DEBUG] (FabricLoader/Knot) Adding /var/home/lei/IdeaProjects/majinReacts/.gradle/loom-cache/remapped_mods/remapped/net/fabricmc/fabric-api/fabric-convention-tags-v2-16c8840d-common/2.17.3+8ef948ba3e/fabric-convention-tags-v2-16c8840d-common-2.17.3+8ef948ba3e.jar to classpath.
[22:00:48] [main/DEBUG] (FabricLoader/Knot) Adding /var/home/lei/IdeaProjects/majinReacts/.gradle/loom-cache/remapped_mods/remapped/net/fabricmc/fabric-api/fabric-data-attachment-api-v1-16c8840d-common/1.8.48+eed0806f3e/fabric-data-attachment-api-v1-16c8840d-common-1.8.48+eed0806f3e.jar to classpath.
[22:00:48] [main/DEBUG] (FabricLoader/Knot) Adding /var/home/lei/IdeaProjects/majinReacts/.gradle/loom-cache/remapped_mods/remapped/net/fabricmc/fabric-api/fabric-entity-events-v1-16c8840d-common/3.1.1+1d0ab4303e/fabric-entity-events-v1-16c8840d-common-3.1.1+1d0ab4303e.jar to classpath.
[22:00:48] [main/DEBUG] (FabricLoader/Knot) Adding /var/home/lei/IdeaProjects/majinReacts/.gradle/loom-cache/remapped_mods/remapped/net/fabricmc/fabric-api/fabric-events-interaction-v0-16c8840d-common/4.1.1+3b89ecf63e/fabric-events-interaction-v0-16c8840d-common-4.1.1+3b89ecf63e.jar to classpath.
[22:00:48] [main/DEBUG] (FabricLoader/Knot) Adding /var/home/lei/IdeaProjects/majinReacts/.gradle/loom-cache/remapped_mods/remapped/net/fabricmc/fabric-api/fabric-game-rule-api-v1-16c8840d-common/2.0.3+4fc5413f3e/fabric-game-rule-api-v1-16c8840d-common-2.0.3+4fc5413f3e.jar to classpath.
[22:00:48] [main/DEBUG] (FabricLoader/Knot) Adding /var/home/lei/IdeaProjects/majinReacts/.gradle/loom-cache/remapped_mods/remapped/net/fabricmc/fabric-api/fabric-gametest-api-v1-16c8840d-common/3.1.27+4fc5413f3e/fabric-gametest-api-v1-16c8840d-common-3.1.27+4fc5413f3e.jar to classpath.
[22:00:48] [main/DEBUG] (FabricLoader/Knot) Adding /var/home/lei/IdeaProjects/majinReacts/.gradle/loom-cache/remapped_mods/remapped/net/fabricmc/fabric-api/fabric-item-api-v1-16c8840d-common/11.5.20+d0c46b9e3e/fabric-item-api-v1-16c8840d-common-11.5.20+d0c46b9e3e.jar to classpath.
[22:00:48] [main/DEBUG] (FabricLoader/Knot) Adding /var/home/lei/IdeaProjects/majinReacts/.gradle/loom-cache/remapped_mods/remapped/net/fabricmc/fabric-api/fabric-item-group-api-v1-16c8840d-common/4.2.36+4fc5413f3e/fabric-item-group-api-v1-16c8840d-common-4.2.36+4fc5413f3e.jar to classpath.
[22:00:48] [main/DEBUG] (FabricLoader/Knot) Adding /var/home/lei/IdeaProjects/majinReacts/.gradle/loom-cache/remapped_mods/remapped/net/fabricmc/fabric-api/fabric-recipe-api-v1-16c8840d-common/8.2.4+4ebb5c083e/fabric-recipe-api-v1-16c8840d-common-8.2.4+4ebb5c083e.jar to classpath.
[22:00:48] [main/DEBUG] (FabricLoader/Knot) Adding /var/home/lei/IdeaProjects/majinReacts/.gradle/loom-cache/remapped_mods/remapped/net/fabricmc/fabric-api/fabric-lifecycle-events-v1-16c8840d-common/2.6.15+4ebb5c083e/fabric-lifecycle-events-v1-16c8840d-common-2.6.15+4ebb5c083e.jar to classpath.
[22:00:48] [main/DEBUG] (FabricLoader/Knot) Adding /var/home/lei/IdeaProjects/majinReacts/.gradle/loom-cache/remapped_mods/remapped/net/fabricmc/fabric-api/fabric-loot-api-v2-16c8840d-common/3.0.73+3f89f5a53e/fabric-loot-api-v2-16c8840d-common-3.0.73+3f89f5a53e.jar to classpath.
[22:00:48] [main/DEBUG] (FabricLoader/Knot) Adding /var/home/lei/IdeaProjects/majinReacts/.gradle/loom-cache/remapped_mods/remapped/net/fabricmc/fabric-api/fabric-loot-api-v3-16c8840d-common/2.0.20+78c8b4663e/fabric-loot-api-v3-16c8840d-common-2.0.20+78c8b4663e.jar to classpath.
[22:00:48] [main/DEBUG] (FabricLoader/Knot) Adding /var/home/lei/IdeaProjects/majinReacts/.gradle/loom-cache/remapped_mods/remapped/net/fabricmc/fabric-api/fabric-message-api-v1-16c8840d-common/6.1.12+4ebb5c083e/fabric-message-api-v1-16c8840d-common-6.1.12+4ebb5c083e.jar to classpath.
[22:00:48] [main/DEBUG] (FabricLoader/Knot) Adding /var/home/lei/IdeaProjects/majinReacts/.gradle/loom-cache/remapped_mods/remapped/net/fabricmc/fabric-api/fabric-particles-v1-16c8840d-common/4.2.12+4fc5413f3e/fabric-particles-v1-16c8840d-common-4.2.12+4fc5413f3e.jar to classpath.
[22:00:48] [main/DEBUG] (FabricLoader/Knot) Adding /var/home/lei/IdeaProjects/majinReacts/.gradle/loom-cache/remapped_mods/remapped/net/fabricmc/fabric-api/fabric-object-builder-api-v1-16c8840d-common/21.1.40+4fc5413f3e/fabric-object-builder-api-v1-16c8840d-common-21.1.40+4fc5413f3e.jar to classpath.
[22:00:48] [main/DEBUG] (FabricLoader/Knot) Adding /var/home/lei/IdeaProjects/majinReacts/.gradle/loom-cache/remapped_mods/remapped/net/fabricmc/fabric-api/fabric-screen-handler-api-v1-16c8840d-common/1.3.162+4fc5413f3e/fabric-screen-handler-api-v1-16c8840d-common-1.3.162+4fc5413f3e.jar to classpath.
[22:00:48] [main/DEBUG] (FabricLoader/Knot) Adding /var/home/lei/IdeaProjects/majinReacts/.gradle/loom-cache/remapped_mods/remapped/net/fabricmc/fabric-api/fabric-registry-sync-v0-16c8840d-common/6.2.6+1718722b3e/fabric-registry-sync-v0-16c8840d-common-6.2.6+1718722b3e.jar to classpath.
[22:00:48] [main/DEBUG] (FabricLoader/Knot) Adding /var/home/lei/IdeaProjects/majinReacts/.gradle/loom-cache/remapped_mods/remapped/net/fabricmc/fabric-api/fabric-networking-api-v1-16c8840d-common/5.1.6+6b6d71a53e/fabric-networking-api-v1-16c8840d-common-5.1.6+6b6d71a53e.jar to classpath.
[22:00:48] [main/DEBUG] (FabricLoader/Knot) Adding /var/home/lei/IdeaProjects/majinReacts/.gradle/loom-cache/remapped_mods/remapped/net/fabricmc/fabric-api/fabric-rendering-fluids-v1-16c8840d-common/3.1.43+4ebb5c083e/fabric-rendering-fluids-v1-16c8840d-common-3.1.43+4ebb5c083e.jar to classpath.
[22:00:48] [main/DEBUG] (FabricLoader/Knot) Adding /var/home/lei/IdeaProjects/majinReacts/.gradle/loom-cache/remapped_mods/remapped/net/fabricmc/fabric-api/fabric-tag-api-v1-16c8840d-common/1.2.20+4fc5413f3e/fabric-tag-api-v1-16c8840d-common-1.2.20+4fc5413f3e.jar to classpath.
[22:00:48] [main/DEBUG] (FabricLoader/Knot) Adding /var/home/lei/IdeaProjects/majinReacts/.gradle/loom-cache/remapped_mods/remapped/net/fabricmc/fabric-api/fabric-resource-loader-v0-16c8840d-common/3.3.4+4fc5413f3e/fabric-resource-loader-v0-16c8840d-common-3.3.4+4fc5413f3e.jar to classpath.
[22:00:48] [main/DEBUG] (FabricLoader/Knot) Adding /var/home/lei/IdeaProjects/majinReacts/.gradle/loom-cache/remapped_mods/remapped/net/fabricmc/fabric-api/fabric-resource-loader-v1-16c8840d-common/1.0.10+78c8b4663e/fabric-resource-loader-v1-16c8840d-common-1.0.10+78c8b4663e.jar to classpath.
[22:00:48] [main/DEBUG] (FabricLoader/Knot) Adding /var/home/lei/IdeaProjects/majinReacts/.gradle/loom-cache/remapped_mods/remapped/net/fabricmc/fabric-api/fabric-api-base-16c8840d-common/1.0.5+4ebb5c083e/fabric-api-base-16c8840d-common-1.0.5+4ebb5c083e.jar to classpath.
[22:00:48] [main/DEBUG] (FabricLoader/Knot) Adding /var/home/lei/IdeaProjects/majinReacts/.gradle/loom-cache/remapped_mods/remapped/net/fabricmc/fabric-api/fabric-biome-api-v1-16c8840d-common/17.1.1+4fc5413f3e/fabric-biome-api-v1-16c8840d-common-17.1.1+4fc5413f3e.jar to classpath.
[22:00:48] [main/DEBUG] (FabricLoader/Knot) Adding /var/home/lei/IdeaProjects/majinReacts/.gradle/loom-cache/remapped_mods/remapped/net/fabricmc/fabric-api/fabric-block-api-v1-16c8840d-common/1.1.10+4ebb5c083e/fabric-block-api-v1-16c8840d-common-1.1.10+4ebb5c083e.jar to classpath.
[22:00:48] [main/DEBUG] (FabricLoader/Knot) Adding /var/home/lei/IdeaProjects/majinReacts/.gradle/loom-cache/remapped_mods/remapped/net/fabricmc/fabric-api/fabric-block-view-api-v2-16c8840d-common/1.0.39+4ebb5c083e/fabric-block-view-api-v2-16c8840d-common-1.0.39+4ebb5c083e.jar to classpath.
[22:00:48] [main/DEBUG] (FabricLoader/Knot) Adding /var/home/lei/IdeaProjects/majinReacts/.gradle/loom-cache/remapped_mods/remapped/net/fabricmc/fabric-api/fabric-crash-report-info-v1-16c8840d-common/0.3.23+4ebb5c083e/fabric-crash-report-info-v1-16c8840d-common-0.3.23+4ebb5c083e.jar to classpath.
[22:00:48] [main/DEBUG] (FabricLoader/Knot) Adding /var/home/lei/IdeaProjects/majinReacts/.gradle/loom-cache/remapped_mods/remapped/net/fabricmc/fabric-api/fabric-dimensions-v1-16c8840d-common/4.0.28+4fc5413f3e/fabric-dimensions-v1-16c8840d-common-4.0.28+4fc5413f3e.jar to classpath.
[22:00:48] [main/DEBUG] (FabricLoader/Knot) Adding /var/home/lei/IdeaProjects/majinReacts/.gradle/loom-cache/remapped_mods/remapped/net/fabricmc/fabric-api/fabric-resource-conditions-api-v1-16c8840d-common/5.0.35+4fc5413f3e/fabric-resource-conditions-api-v1-16c8840d-common-5.0.35+4fc5413f3e.jar to classpath.
[22:00:48] [main/DEBUG] (FabricLoader/Knot) Adding /var/home/lei/IdeaProjects/majinReacts/.gradle/loom-cache/remapped_mods/remapped/net/fabricmc/fabric-api/fabric-serialization-api-v1-16c8840d-common/1.0.5+4ebb5c083e/fabric-serialization-api-v1-16c8840d-common-1.0.5+4ebb5c083e.jar to classpath.
[22:00:48] [main/DEBUG] (FabricLoader/Knot) Adding /var/home/lei/IdeaProjects/majinReacts/.gradle/loom-cache/remapped_mods/remapped/net/fabricmc/fabric-api/fabric-transitive-access-wideners-v1-16c8840d-common/7.1.0+014c8cec3e/fabric-transitive-access-wideners-v1-16c8840d-common-7.1.0+014c8cec3e.jar to classpath.
[22:00:48] [main/DEBUG] (FabricLoader/Entrypoint) No subscribers for entrypoint 'preLaunch'
[22:00:48] [main/DEBUG] (FabricLoader/Mixin) Preparing mixins for MixinEnvironment[DEFAULT]
[22:00:48] [main/DEBUG] (FabricLoader/Mixin) Selecting config fabric-gametest-api-v1.mixins.json
[22:00:48] [main/DEBUG] (FabricLoader/Mixin) Selecting config fabric-serialization-api-v1.mixins.json
[22:00:48] [main/DEBUG] (FabricLoader/Mixin) Selecting config fabric-game-rule-api-v1.mixins.json
[22:00:48] [main/DEBUG] (FabricLoader/Mixin) Selecting config fabric-game-rule-api-v1.client.mixins.json
[22:00:48] [main/DEBUG] (FabricLoader/Mixin) Selecting config fabric-object-builder-v1.mixins.json
[22:00:48] [main/DEBUG] (FabricLoader/Mixin) Selecting config fabric-object-builder-v1.client.mixins.json
[22:00:48] [main/DEBUG] (FabricLoader/Mixin) Selecting config fabric-model-loading-api-v1.mixins.json
[22:00:48] [main/DEBUG] (FabricLoader/Mixin) Selecting config mixinextras.init.mixins.json
[22:00:48] [main/DEBUG] (FabricLoader/MixinExtras|Service) com.llamalad7.mixinextras.service.MixinExtrasServiceImpl(version=0.5.4) is taking over from null
[22:00:48] [main/DEBUG] (FabricLoader/Mixin) Registering new injector for @Inject with org.spongepowered.asm.mixin.injection.struct.CallbackInjectionInfo
[22:00:48] [main/DEBUG] (FabricLoader/Mixin) Registering new injector for @ModifyArg with org.spongepowered.asm.mixin.injection.struct.ModifyArgInjectionInfo
[22:00:48] [main/DEBUG] (FabricLoader/Mixin) Registering new injector for @ModifyArgs with org.spongepowered.asm.mixin.injection.struct.ModifyArgsInjectionInfo
[22:00:48] [main/DEBUG] (FabricLoader/Mixin) Registering new injector for @Redirect with org.spongepowered.asm.mixin.injection.struct.RedirectInjectionInfo
[22:00:48] [main/DEBUG] (FabricLoader/Mixin) Registering new injector for @ModifyVariable with org.spongepowered.asm.mixin.injection.struct.ModifyVariableInjectionInfo
[22:00:48] [main/DEBUG] (FabricLoader/Mixin) Registering new injector for @ModifyConstant with org.spongepowered.asm.mixin.injection.struct.ModifyConstantInjectionInfo
[22:00:48] [main/DEBUG] (FabricLoader/Mixin) Selecting config fabric-events-interaction-v0.mixins.json
[22:00:48] [main/DEBUG] (FabricLoader/Mixin) Selecting config fabric-events-interaction-v0.client.mixins.json
[22:00:48] [main/DEBUG] (FabricLoader/Mixin) Selecting config fabric-convention-tags-api-v2.mixins.json
[22:00:48] [main/DEBUG] (FabricLoader/Mixin) Selecting config fabric-biome-api-v1.mixins.json
[22:00:48] [main/DEBUG] (FabricLoader/Mixin) Selecting config fabric-loot-api-v2.mixins.json
[22:00:48] [main/DEBUG] (FabricLoader/Mixin) Selecting config fabric-loot-api-v3.mixins.json
[22:00:48] [main/DEBUG] (FabricLoader/Mixin) Selecting config fabric-entity-events-v1.mixins.json
[22:00:48] [main/DEBUG] (FabricLoader/Mixin) Selecting config fabric-rendering-v1.mixins.json
[22:00:48] [main/DEBUG] (FabricLoader/Mixin) Selecting config fabric-screen-handler-api-v1.mixins.json
[22:00:48] [main/DEBUG] (FabricLoader/Mixin) Selecting config fabric-block-api-v1.mixins.json
[22:00:48] [main/DEBUG] (FabricLoader/Mixin) Selecting config mixins.modmenu.json
[22:00:48] [main/DEBUG] (FabricLoader/Mixin) Selecting config fabric-client-gametest-api-v1.mixins.json
[22:00:48] [main/DEBUG] (FabricLoader/Mixin) Selecting config fabric-tag-api-v1.mixins.json
[22:00:48] [main/DEBUG] (FabricLoader/Mixin) Selecting config fabric-screen-api-v1.mixins.json
[22:00:48] [main/DEBUG] (FabricLoader/Mixin) Selecting config fabric-crash-report-info-v1.mixins.json
[22:00:48] [main/DEBUG] (FabricLoader/Mixin) Selecting config fabric-content-registries-v0.mixins.json
[22:00:48] [main/DEBUG] (FabricLoader/Mixin) Selecting config fabric-lifecycle-events-v1.mixins.json
[22:00:48] [main/DEBUG] (FabricLoader/Mixin) Selecting config fabric-lifecycle-events-v1.client.mixins.json
[22:00:48] [main/DEBUG] (FabricLoader/Mixin) Selecting config fabric-item-group-api-v1.mixins.json
[22:00:48] [main/DEBUG] (FabricLoader/Mixin) Selecting config fabric-item-group-api-v1.client.mixins.json
[22:00:48] [main/DEBUG] (FabricLoader/Mixin) Selecting config fabric-rendering-fluids-v1.mixins.json
[22:00:48] [main/DEBUG] (FabricLoader/Mixin) Selecting config fabric-transfer-api-v1.mixins.json
[22:00:48] [main/DEBUG] (FabricLoader/Mixin) Selecting config fabric-particles-v1.mixins.json
[22:00:48] [main/DEBUG] (FabricLoader/Mixin) Selecting config fabric-particles-v1.client.mixins.json
[22:00:48] [main/DEBUG] (FabricLoader/Mixin) Selecting config fabric-command-api-v2.mixins.json
[22:00:48] [main/DEBUG] (FabricLoader/Mixin) Selecting config fabric-command-api-v2.client.mixins.json
[22:00:48] [main/DEBUG] (FabricLoader/Mixin) Selecting config fabric-networking-api-v1.mixins.json
[22:00:48] [main/DEBUG] (FabricLoader/Mixin) Selecting config fabric-networking-api-v1.client.mixins.json
[22:00:48] [main/DEBUG] (FabricLoader/Mixin) Selecting config fabric-sound-api-v1.mixins.json
[22:00:48] [main/DEBUG] (FabricLoader/Mixin) Selecting config fabric-renderer-api-v1.mixins.json
[22:00:48] [main/DEBUG] (FabricLoader/Mixin) Selecting config fabric-api-lookup-api-v1.mixins.json
[22:00:48] [main/DEBUG] (FabricLoader/Mixin) Selecting config fabric-recipe-api-v1.mixins.json
[22:00:48] [main/DEBUG] (FabricLoader/Mixin) Selecting config fabric-recipe-api-v1.client.mixins.json
[22:00:48] [main/DEBUG] (FabricLoader/Mixin) Selecting config fabric-message-api-v1.mixins.json
[22:00:48] [main/DEBUG] (FabricLoader/Mixin) Selecting config fabric-message-api-v1.client.mixins.json
[22:00:48] [main/DEBUG] (FabricLoader/Mixin) Selecting config fabric-data-generation-api-v1.mixins.json
[22:00:48] [main/DEBUG] (FabricLoader/Mixin) Selecting config fabric-data-generation-api-v1.client.mixins.json
[22:00:48] [main/DEBUG] (FabricLoader/Mixin) Selecting config fabric-item-api-v1.mixins.json
[22:00:48] [main/DEBUG] (FabricLoader/Mixin) Selecting config fabric-item-api-v1.client.mixins.json
[22:00:48] [main/DEBUG] (FabricLoader/Mixin) Selecting config fabric-data-attachment-api-v1.mixins.json
[22:00:48] [main/DEBUG] (FabricLoader/Mixin) Selecting config fabric-data-attachment-api-v1.client.mixins.json
[22:00:48] [main/DEBUG] (FabricLoader/Mixin) Selecting config fabric-key-binding-api-v1.mixins.json
[22:00:48] [main/DEBUG] (FabricLoader/Mixin) Selecting config fabric-block-view-api-v2.mixins.json
[22:00:48] [main/DEBUG] (FabricLoader/Mixin) Selecting config fabric-block-view-api-v2.client.mixins.json
[22:00:48] [main/DEBUG] (FabricLoader/Mixin) Selecting config fabric-dimensions-v1.mixins.json
[22:00:48] [main/DEBUG] (FabricLoader/Mixin) Selecting config fabric-renderer-indigo.mixins.json
[22:00:48] [main/DEBUG] (FabricLoader/Mixin) Selecting config live-majin-reaction.client.mixins.json
[22:00:48] [main/DEBUG] (FabricLoader/Mixin) Selecting config fabric-resource-conditions-api-v1.mixins.json
[22:00:48] [main/DEBUG] (FabricLoader/Mixin) Selecting config fabric-registry-sync-v0.mixins.json
[22:00:48] [main/DEBUG] (FabricLoader/Mixin) Selecting config fabric-registry-sync-v0.client.mixins.json
[22:00:48] [main/DEBUG] (FabricLoader/Mixin) Selecting config fabric-resource-loader-v1.mixins.json
[22:00:48] [main/DEBUG] (FabricLoader/Mixin) Selecting config fabric-resource-loader-v1.client.mixins.json
[22:00:48] [main/DEBUG] (FabricLoader/Mixin) Preparing fabric-gametest-api-v1.mixins.json (4)
[22:00:48] [main/DEBUG] (FabricLoader/Mixin) Preparing fabric-serialization-api-v1.mixins.json (4)
[22:00:48] [main/DEBUG] (FabricLoader/Mixin) Preparing fabric-game-rule-api-v1.mixins.json (5)
[22:00:48] [main/DEBUG] (FabricLoader/Mixin) Preparing fabric-game-rule-api-v1.client.mixins.json (3)
[22:00:48] [main/DEBUG] (FabricLoader/Mixin) Preparing fabric-object-builder-v1.mixins.json (10)
[22:00:48] [main/DEBUG] (FabricLoader/Mixin) Preparing fabric-object-builder-v1.client.mixins.json (4)
[22:00:48] [main/DEBUG] (FabricLoader/Mixin) Preparing fabric-model-loading-api-v1.mixins.json (6)
[22:00:48] [main/DEBUG] (FabricLoader/Mixin) Preparing mixinextras.init.mixins.json (0)
[22:00:48] [main/DEBUG] (FabricLoader/Mixin) Preparing fabric-events-interaction-v0.mixins.json (7)
[22:00:48] [main/DEBUG] (FabricLoader/Mixin) Preparing fabric-events-interaction-v0.client.mixins.json (3)
[22:00:48] [main/DEBUG] (FabricLoader/Mixin) Preparing fabric-convention-tags-api-v2.mixins.json (1)
[22:00:48] [main/DEBUG] (FabricLoader/Mixin) Preparing fabric-biome-api-v1.mixins.json (9)
[22:00:48] [main/DEBUG] (FabricLoader/Mixin) Preparing fabric-loot-api-v2.mixins.json (2)
[22:00:48] [main/DEBUG] (FabricLoader/Mixin) Preparing fabric-loot-api-v3.mixins.json (8)
[22:00:48] [main/DEBUG] (FabricLoader/Mixin) Preparing fabric-entity-events-v1.mixins.json (13)
[22:00:48] [main/DEBUG] (FabricLoader/Mixin) Preparing fabric-rendering-v1.mixins.json (38)
[22:00:48] [main/DEBUG] (FabricLoader/Mixin) Preparing fabric-screen-handler-api-v1.mixins.json (2)
[22:00:48] [main/DEBUG] (FabricLoader/Mixin) Preparing fabric-block-api-v1.mixins.json (5)
[22:00:48] [main/DEBUG] (FabricLoader/Mixin) Preparing mixins.modmenu.json (4)
[22:00:48] [main/DEBUG] (FabricLoader/Mixin) Preparing fabric-client-gametest-api-v1.mixins.json (26)
[22:00:48] [main/DEBUG] (FabricLoader/Mixin) Preparing fabric-tag-api-v1.mixins.json (5)
[22:00:48] [main/DEBUG] (FabricLoader/Mixin) Preparing fabric-screen-api-v1.mixins.json (7)
[22:00:48] [main/DEBUG] (FabricLoader/Mixin) Preparing fabric-crash-report-info-v1.mixins.json (2)
[22:00:48] [main/DEBUG] (FabricLoader/Mixin) Preparing fabric-content-registries-v0.mixins.json (18)
[22:00:48] [main/DEBUG] (FabricLoader/Mixin) Preparing fabric-lifecycle-events-v1.mixins.json (11)
[22:00:48] [main/DEBUG] (FabricLoader/Mixin) Preparing fabric-lifecycle-events-v1.client.mixins.json (7)
[22:00:48] [main/DEBUG] (FabricLoader/Mixin) Preparing fabric-item-group-api-v1.mixins.json (3)
[22:00:48] [main/DEBUG] (FabricLoader/Mixin) Preparing fabric-item-group-api-v1.client.mixins.json (1)
[22:00:48] [main/DEBUG] (FabricLoader/Mixin) Preparing fabric-rendering-fluids-v1.mixins.json (1)
[22:00:48] [main/DEBUG] (FabricLoader/Mixin) Preparing fabric-transfer-api-v1.mixins.json (17)
[22:00:48] [main/DEBUG] (FabricLoader/Mixin) Preparing fabric-particles-v1.mixins.json (8)
[22:00:48] [main/DEBUG] (FabricLoader/Mixin) Preparing fabric-particles-v1.client.mixins.json (4)
[22:00:48] [main/DEBUG] (FabricLoader/Mixin) Preparing fabric-command-api-v2.mixins.json (5)
[22:00:48] [main/DEBUG] (FabricLoader/Mixin) Preparing fabric-command-api-v2.client.mixins.json (2)
[22:00:48] [main/DEBUG] (FabricLoader/Mixin) Preparing fabric-networking-api-v1.mixins.json (25)
[22:00:48] [main/DEBUG] (FabricLoader/Mixin) Preparing fabric-networking-api-v1.client.mixins.json (9)
[22:00:48] [main/DEBUG] (FabricLoader/Mixin) Preparing fabric-sound-api-v1.mixins.json (2)
[22:00:48] [main/DEBUG] (FabricLoader/Mixin) Preparing fabric-renderer-api-v1.mixins.json (27)
[22:00:48] [main/DEBUG] (FabricLoader/Mixin) Preparing fabric-api-lookup-api-v1.mixins.json (2)
[22:00:48] [main/DEBUG] (FabricLoader/Mixin) Preparing fabric-recipe-api-v1.mixins.json (10)
[22:00:48] [main/DEBUG] (FabricLoader/Mixin) Preparing fabric-recipe-api-v1.client.mixins.json (3)
[22:00:48] [main/DEBUG] (FabricLoader/Mixin) Preparing fabric-message-api-v1.mixins.json (2)
[22:00:48] [main/DEBUG] (FabricLoader/Mixin) Preparing fabric-message-api-v1.client.mixins.json (2)
[22:00:48] [main/DEBUG] (FabricLoader/Mixin) Preparing fabric-data-generation-api-v1.mixins.json (18)
[22:00:48] [main/DEBUG] (FabricLoader/Mixin) Preparing fabric-data-generation-api-v1.client.mixins.json (4)
[22:00:48] [main/DEBUG] (FabricLoader/Mixin) Preparing fabric-item-api-v1.mixins.json (17)
[22:00:48] [main/DEBUG] (FabricLoader/Mixin) Preparing fabric-item-api-v1.client.mixins.json (3)
[22:00:48] [main/DEBUG] (FabricLoader/Mixin) Preparing fabric-data-attachment-api-v1.mixins.json (14)
[22:00:49] [main/DEBUG] (FabricLoader/Mixin) Preparing fabric-data-attachment-api-v1.client.mixins.json (1)
[22:00:49] [main/DEBUG] (FabricLoader/Mixin) Preparing fabric-key-binding-api-v1.mixins.json (3)
[22:00:49] [main/DEBUG] (FabricLoader/Mixin) Preparing fabric-block-view-api-v2.mixins.json (3)
[22:00:49] [main/DEBUG] (FabricLoader/Mixin) Preparing fabric-block-view-api-v2.client.mixins.json (3)
[22:00:49] [main/DEBUG] (FabricLoader/Mixin) Preparing fabric-dimensions-v1.mixins.json (4)
[22:00:49] [main/DEBUG] (FabricLoader/Mixin) Preparing fabric-renderer-indigo.mixins.json (11)
[22:00:49] [main/DEBUG] (FabricLoader/Mixin) Preparing live-majin-reaction.client.mixins.json (1)
[22:00:49] [main/DEBUG] (FabricLoader/Mixin) Preparing fabric-resource-conditions-api-v1.mixins.json (7)
[22:00:49] [main/DEBUG] (FabricLoader/Mixin) Preparing fabric-registry-sync-v0.mixins.json (16)
[22:00:49] [main/DEBUG] (FabricLoader/Mixin) Preparing fabric-registry-sync-v0.client.mixins.json (5)
[22:00:49] [main/DEBUG] (FabricLoader/Mixin) Preparing fabric-resource-loader-v1.mixins.json (15)
[22:00:49] [main/DEBUG] (FabricLoader/Mixin) Preparing fabric-resource-loader-v1.client.mixins.json (9)
[22:00:49] [main/DEBUG] (FabricLoader/Mixin) Inner class net/fabricmc/fabric/mixin/itemgroup/CreativeModeTabsMixin$1ItemGroupPosition in net/fabricmc/fabric/mixin/itemgroup/CreativeModeTabsMixin on net/minecraft/item/ItemGroups gets unique name net/minecraft/item/ItemGroups$1ItemGroupPosition$a7c372a248503948890466983521f4d6
[22:00:49] [main/DEBUG] (FabricLoader/Mixin) Inner class net/fabricmc/fabric/mixin/transfer/ChiseledBookShelfBlockEntityMixin$1 in net/fabricmc/fabric/mixin/transfer/ChiseledBookShelfBlockEntityMixin on net/minecraft/block/entity/ChiseledBookshelfBlockEntity gets unique name net/minecraft/block/entity/ChiseledBookshelfBlockEntity$Anonymous$6b8fabc9a3dd3f94be74f1199f97fdb5
[22:00:49] [main/DEBUG] (FabricLoader/Mixin) Inner class net/fabricmc/fabric/mixin/renderer/client/block/model/MultiPartModelMixin$1Key in net/fabricmc/fabric/mixin/renderer/client/block/model/MultiPartModelMixin on net/minecraft/client/render/model/MultipartBlockStateModel gets unique name net/minecraft/client/render/model/MultipartBlockStateModel$1Key$d1260afcb88d3c7b9f878f14d5ab0644
[22:00:49] [main/DEBUG] (FabricLoader/Mixin) Inner class net/fabricmc/fabric/mixin/renderer/client/item/BlockModelWrapperMixin$1 in net/fabricmc/fabric/mixin/renderer/client/item/BlockModelWrapperMixin on net/minecraft/client/render/item/model/BasicItemModel gets unique name net/minecraft/client/render/item/model/BasicItemModel$Anonymous$713ef2cc80d431169c8c08a0e2a7e63a
[22:00:49] [main/DEBUG] (FabricLoader/Mixin) Inner class net/fabricmc/fabric/mixin/registry/sync/MappedRegistryMixin$1 in net/fabricmc/fabric/mixin/registry/sync/MappedRegistryMixin on net/minecraft/registry/SimpleRegistry gets unique name net/minecraft/registry/SimpleRegistry$Anonymous$0a3f9fa0a200368cad403406b73f8d7f
[22:00:49] [main/DEBUG] (FabricLoader/Mixin) Prepared 431 mixins in 0.683 sec (1.6ms avg) (0ms load, 0ms transform, 0ms plugin)
[22:00:49] [main/DEBUG] (io.netty.util.internal.logging.InternalLoggerFactory) Using SLF4J as the default logging framework
[22:00:49] [main/DEBUG] (io.netty.util.ResourceLeakDetector) -Dio.netty.leakDetection.level: simple
[22:00:49] [main/DEBUG] (io.netty.util.ResourceLeakDetector) -Dio.netty.leakDetection.targetRecords: 4
[22:00:49] [main/INFO] (FabricLoader/MixinExtras|Service) Initializing MixinExtras via com.llamalad7.mixinextras.service.MixinExtrasServiceImpl(version=0.5.4).
[22:00:49] [main/DEBUG] (FabricLoader/Mixin) Registering new injector for @SugarWrapper with com.llamalad7.mixinextras.sugar.impl.SugarWrapperInjectionInfo
[22:00:49] [main/DEBUG] (FabricLoader/Mixin) Registering new injector for @FactoryRedirectWrapper with com.llamalad7.mixinextras.wrapper.factory.FactoryRedirectWrapperInjectionInfo
[22:00:49] [main/DEBUG] (FabricLoader/Mixin) Registering new injector for @ExpressionInjectorWrapper with com.llamalad7.mixinextras.expression.impl.wrapper.ExpressionInjectorWrapperInjectionInfo
[22:00:49] [main/DEBUG] (FabricLoader/Mixin) Mixing TaggedChoiceMixin from fabric-dimensions-v1.mixins.json into com.mojang.datafixers.types.templates.TaggedChoice
[22:00:49] [main/DEBUG] (FabricLoader/Mixin) fabric-dimensions-v1.mixins.json:TaggedChoiceMixin from mod fabric-dimensions-v1->@Inject::onApply(Lcom/mojang/datafixers/util/Pair;Lorg/spongepowered/asm/mixin/injection/callback/CallbackInfoReturnable;)V does use it's CallbackInfoReturnable
[22:00:49] [main/DEBUG] (FabricLoader/Mixin) Mixing TaggedChoiceTaggedChoiceTypeMixin from fabric-dimensions-v1.mixins.json into com.mojang.datafixers.types.templates.TaggedChoice$TaggedChoiceType
[22:00:49] [main/DEBUG] (FabricLoader/Mixin) fabric-dimensions-v1.mixins.json:TaggedChoiceTaggedChoiceTypeMixin from mod fabric-dimensions-v1->@Inject::onGetCodec(Ljava/lang/Object;Lorg/spongepowered/asm/mixin/injection/callback/CallbackInfoReturnable;)V does use it's CallbackInfoReturnable
[22:00:49] [main/DEBUG] (FabricLoader/Mixin) Mixing V2832Mixin from fabric-dimensions-v1.mixins.json into net.minecraft.datafixer.schema.Schema2832
[22:00:50] [main/DEBUG] (FabricLoader/Mixin) Mixing SystemReportMixin from fabric-crash-report-info-v1.mixins.json into net.minecraft.util.SystemDetails
[22:00:50] [main/DEBUG] (FabricLoader/Mixin) Renaming synthetic method lambda$appendMods$1(Lnet/fabricmc/loader/api/ModContainer;)Ljava/lang/String; to mdffa551$fabric-crash-report-info-v1$lambda$appendMods$1$0 in fabric-crash-report-info-v1.mixins.json:SystemReportMixin from mod fabric-crash-report-info-v1
[22:00:50] [main/DEBUG] (FabricLoader/Mixin) Renaming synthetic method lambda$fillSystemDetails$0()Ljava/lang/String; to mdffa551$fabric-crash-report-info-v1$lambda$fillSystemDetails$0$1 in fabric-crash-report-info-v1.mixins.json:SystemReportMixin from mod fabric-crash-report-info-v1
[22:00:50] [main/DEBUG] (FabricLoader/Mixin) fabric-crash-report-info-v1.mixins.json:SystemReportMixin from mod fabric-crash-report-info-v1->@Inject::fillSystemDetails(Lorg/spongepowered/asm/mixin/injection/callback/CallbackInfo;)V doesn't use it's CallbackInfo
[22:00:50] [main/DEBUG] (FabricLoader/Mixin) fabric-crash-report-info-v1.mixins.json:SystemReportMixin from mod fabric-crash-report-info-v1->@Inject::fillSystemDetails(Lorg/spongepowered/asm/mixin/injection/callback/CallbackInfo;)V has 0 override(s) in child classes
[22:00:50] [main/DEBUG] (FabricLoader/Mixin) fabric-crash-report-info-v1.mixins.json:SystemReportMixin from mod fabric-crash-report-info-v1->@Inject::fillSystemDetails(Lorg/spongepowered/asm/mixin/injection/callback/CallbackInfo;)V won't be passed a CallbackInfo as a result
[22:00:50] [main/DEBUG] (oshi.util.FileUtil) Reading file /proc/self/auxv
[22:00:50] [main/DEBUG] (oshi.util.FileUtil) Reading file /proc/self/auxv
[22:00:50] [main/DEBUG] (oshi.util.FileUtil) Reading file /proc/stat
[22:00:50] [main/DEBUG] (oshi.util.FileUtil) Reading file /sys/devices/system/cpu/cpu0/topology/core_id
[22:00:50] [main/DEBUG] (oshi.util.FileUtil) Reading file /sys/devices/system/cpu/cpu0/topology/core_id
[22:00:50] [main/DEBUG] (oshi.util.FileUtil) Reading file /sys/devices/system/cpu/cpu0/topology/physical_package_id
[22:00:50] [main/DEBUG] (oshi.util.FileUtil) Reading file /sys/devices/system/cpu/cpu0/topology/physical_package_id
[22:00:50] [main/DEBUG] (oshi.util.FileUtil) Reading file /sys/devices/system/cpu/cpu0/cpu_capacity
[22:00:50] [main/DEBUG] (oshi.util.FileUtil) Reading file /sys/devices/system/cpu/cpu0/cpu_capacity
[22:00:50] [main/DEBUG] (oshi.util.FileUtil) Reading file /sys/devices/system/cpu/cpu0/cache/index2/level
[22:00:50] [main/DEBUG] (oshi.util.FileUtil) Reading file /sys/devices/system/cpu/cpu0/cache/index2/level
[22:00:50] [main/DEBUG] (oshi.util.FileUtil) Reading file /sys/devices/system/cpu/cpu0/cache/index2/type
[22:00:50] [main/DEBUG] (oshi.util.FileUtil) Reading file /sys/devices/system/cpu/cpu0/cache/index2/type
[22:00:50] [main/DEBUG] (oshi.util.FileUtil) Reading file /sys/devices/system/cpu/cpu0/cache/index2/ways_of_associativity
[22:00:50] [main/DEBUG] (oshi.util.FileUtil) Reading file /sys/devices/system/cpu/cpu0/cache/index2/ways_of_associativity
[22:00:50] [main/DEBUG] (oshi.util.FileUtil) Reading file /sys/devices/system/cpu/cpu0/cache/index2/coherency_line_size
[22:00:50] [main/DEBUG] (oshi.util.FileUtil) Reading file /sys/devices/system/cpu/cpu0/cache/index2/coherency_line_size
[22:00:50] [main/DEBUG] (oshi.util.FileUtil) Reading file /sys/devices/system/cpu/cpu0/cache/index2/size
[22:00:50] [main/DEBUG] (oshi.util.FileUtil) Reading file /sys/devices/system/cpu/cpu0/cache/index2/size
[22:00:50] [main/DEBUG] (oshi.util.FileUtil) Reading file /sys/devices/system/cpu/cpu0/cache/index0/level
[22:00:50] [main/DEBUG] (oshi.util.FileUtil) Reading file /sys/devices/system/cpu/cpu0/cache/index0/level
[22:00:50] [main/DEBUG] (oshi.util.FileUtil) Reading file /sys/devices/system/cpu/cpu0/cache/index0/type
[22:00:50] [main/DEBUG] (oshi.util.FileUtil) Reading file /sys/devices/system/cpu/cpu0/cache/index0/type
[22:00:50] [main/DEBUG] (oshi.util.FileUtil) Reading file /sys/devices/system/cpu/cpu0/cache/index0/ways_of_associativity
[22:00:50] [main/DEBUG] (oshi.util.FileUtil) Reading file /sys/devices/system/cpu/cpu0/cache/index0/ways_of_associativity
[22:00:50] [main/DEBUG] (oshi.util.FileUtil) Reading file /sys/devices/system/cpu/cpu0/cache/index0/coherency_line_size
[22:00:50] [main/DEBUG] (oshi.util.FileUtil) Reading file /sys/devices/system/cpu/cpu0/cache/index0/coherency_line_size
[22:00:50] [main/DEBUG] (oshi.util.FileUtil) Reading file /sys/devices/system/cpu/cpu0/cache/index0/size
[22:00:50] [main/DEBUG] (oshi.util.FileUtil) Reading file /sys/devices/system/cpu/cpu0/cache/index0/size
[22:00:50] [main/DEBUG] (oshi.util.FileUtil) Reading file /sys/devices/system/cpu/cpu0/cache/index3/level
[22:00:50] [main/DEBUG] (oshi.util.FileUtil) Reading file /sys/devices/system/cpu/cpu0/cache/index3/level
[22:00:50] [main/DEBUG] (oshi.util.FileUtil) Reading file /sys/devices/system/cpu/cpu0/cache/index3/type
[22:00:50] [main/DEBUG] (oshi.util.FileUtil) Reading file /sys/devices/system/cpu/cpu0/cache/index3/type
[22:00:50] [main/DEBUG] (oshi.util.FileUtil) Reading file /sys/devices/system/cpu/cpu0/cache/index3/ways_of_associativity
[22:00:50] [main/DEBUG] (oshi.util.FileUtil) Reading file /sys/devices/system/cpu/cpu0/cache/index3/ways_of_associativity
[22:00:50] [main/DEBUG] (oshi.util.FileUtil) Reading file /sys/devices/system/cpu/cpu0/cache/index3/coherency_line_size
[22:00:50] [main/DEBUG] (oshi.util.FileUtil) Reading file /sys/devices/system/cpu/cpu0/cache/index3/coherency_line_size
[22:00:50] [main/DEBUG] (oshi.util.FileUtil) Reading file /sys/devices/system/cpu/cpu0/cache/index3/size
[22:00:50] [main/DEBUG] (oshi.util.FileUtil) Reading file /sys/devices/system/cpu/cpu0/cache/index3/size
[22:00:50] [main/DEBUG] (oshi.util.FileUtil) Reading file /sys/devices/system/cpu/cpu0/cache/index1/level
[22:00:50] [main/DEBUG] (oshi.util.FileUtil) Reading file /sys/devices/system/cpu/cpu0/cache/index1/level
[22:00:50] [main/DEBUG] (oshi.util.FileUtil) Reading file /sys/devices/system/cpu/cpu0/cache/index1/type
[22:00:50] [main/DEBUG] (oshi.util.FileUtil) Reading file /sys/devices/system/cpu/cpu0/cache/index1/type
[22:00:50] [main/DEBUG] (oshi.util.FileUtil) Reading file /sys/devices/system/cpu/cpu0/cache/index1/ways_of_associativity
[22:00:50] [main/DEBUG] (oshi.util.FileUtil) Reading file /sys/devices/system/cpu/cpu0/cache/index1/ways_of_associativity
[22:00:50] [main/DEBUG] (oshi.util.FileUtil) Reading file /sys/devices/system/cpu/cpu0/cache/index1/coherency_line_size
[22:00:50] [main/DEBUG] (oshi.util.FileUtil) Reading file /sys/devices/system/cpu/cpu0/cache/index1/coherency_line_size
[22:00:50] [main/DEBUG] (oshi.util.FileUtil) Reading file /sys/devices/system/cpu/cpu0/cache/index1/size
[22:00:50] [main/DEBUG] (oshi.util.FileUtil) Reading file /sys/devices/system/cpu/cpu0/cache/index1/size
[22:00:50] [main/DEBUG] (oshi.util.FileUtil) Reading file /sys/devices/system/cpu/cpu1/topology/core_id
[22:00:50] [main/DEBUG] (oshi.util.FileUtil) Reading file /sys/devices/system/cpu/cpu1/topology/core_id
[22:00:50] [main/DEBUG] (oshi.util.FileUtil) Reading file /sys/devices/system/cpu/cpu1/topology/physical_package_id
[22:00:50] [main/DEBUG] (oshi.util.FileUtil) Reading file /sys/devices/system/cpu/cpu1/topology/physical_package_id
[22:00:50] [main/DEBUG] (oshi.util.FileUtil) Reading file /sys/devices/system/cpu/cpu1/cpu_capacity
[22:00:50] [main/DEBUG] (oshi.util.FileUtil) Reading file /sys/devices/system/cpu/cpu1/cpu_capacity
[22:00:50] [main/DEBUG] (oshi.util.FileUtil) Reading file /sys/devices/system/cpu/cpu1/cache/index2/level
[22:00:50] [main/DEBUG] (oshi.util.FileUtil) Reading file /sys/devices/system/cpu/cpu1/cache/index2/level
[22:00:50] [main/DEBUG] (oshi.util.FileUtil) Reading file /sys/devices/system/cpu/cpu1/cache/index2/type
[22:00:50] [main/DEBUG] (oshi.util.FileUtil) Reading file /sys/devices/system/cpu/cpu1/cache/index2/type
[22:00:50] [main/DEBUG] (oshi.util.FileUtil) Reading file /sys/devices/system/cpu/cpu1/cache/index2/ways_of_associativity
[22:00:50] [main/DEBUG] (oshi.util.FileUtil) Reading file /sys/devices/system/cpu/cpu1/cache/index2/ways_of_associativity
[22:00:50] [main/DEBUG] (oshi.util.FileUtil) Reading file /sys/devices/system/cpu/cpu1/cache/index2/coherency_line_size
[22:00:50] [main/DEBUG] (oshi.util.FileUtil) Reading file /sys/devices/system/cpu/cpu1/cache/index2/coherency_line_size
[22:00:50] [main/DEBUG] (oshi.util.FileUtil) Reading file /sys/devices/system/cpu/cpu1/cache/index2/size
[22:00:50] [main/DEBUG] (oshi.util.FileUtil) Reading file /sys/devices/system/cpu/cpu1/cache/index2/size
[22:00:50] [main/DEBUG] (oshi.util.FileUtil) Reading file /sys/devices/system/cpu/cpu1/cache/index0/level
[22:00:50] [main/DEBUG] (oshi.util.FileUtil) Reading file /sys/devices/system/cpu/cpu1/cache/index0/level
[22:00:50] [main/DEBUG] (oshi.util.FileUtil) Reading file /sys/devices/system/cpu/cpu1/cache/index0/type
[22:00:50] [main/DEBUG] (oshi.util.FileUtil) Reading file /sys/devices/system/cpu/cpu1/cache/index0/type
[22:00:50] [main/DEBUG] (oshi.util.FileUtil) Reading file /sys/devices/system/cpu/cpu1/cache/index0/ways_of_associativity
[22:00:50] [main/DEBUG] (oshi.util.FileUtil) Reading file /sys/devices/system/cpu/cpu1/cache/index0/ways_of_associativity
[22:00:50] [main/DEBUG] (oshi.util.FileUtil) Reading file /sys/devices/system/cpu/cpu1/cache/index0/coherency_line_size
[22:00:50] [main/DEBUG] (oshi.util.FileUtil) Reading file /sys/devices/system/cpu/cpu1/cache/index0/coherency_line_size
[22:00:50] [main/DEBUG] (oshi.util.FileUtil) Reading file /sys/devices/system/cpu/cpu1/cache/index0/size
[22:00:50] [main/DEBUG] (oshi.util.FileUtil) Reading file /sys/devices/system/cpu/cpu1/cache/index0/size
[22:00:50] [main/DEBUG] (oshi.util.FileUtil) Reading file /sys/devices/system/cpu/cpu1/cache/index3/level
[22:00:50] [main/DEBUG] (oshi.util.FileUtil) Reading file /sys/devices/system/cpu/cpu1/cache/index3/level
[22:00:50] [main/DEBUG] (oshi.util.FileUtil) Reading file /sys/devices/system/cpu/cpu1/cache/index3/type
[22:00:50] [main/DEBUG] (oshi.util.FileUtil) Reading file /sys/devices/system/cpu/cpu1/cache/index3/type
[22:00:50] [main/DEBUG] (oshi.util.FileUtil) Reading file /sys/devices/system/cpu/cpu1/cache/index3/ways_of_associativity
[22:00:50] [main/DEBUG] (oshi.util.FileUtil) Reading file /sys/devices/system/cpu/cpu1/cache/index3/ways_of_associativity
[22:00:50] [main/DEBUG] (oshi.util.FileUtil) Reading file /sys/devices/system/cpu/cpu1/cache/index3/coherency_line_size
[22:00:50] [main/DEBUG] (oshi.util.FileUtil) Reading file /sys/devices/system/cpu/cpu1/cache/index3/coherency_line_size
[22:00:50] [main/DEBUG] (oshi.util.FileUtil) Reading file /sys/devices/system/cpu/cpu1/cache/index3/size
[22:00:50] [main/DEBUG] (oshi.util.FileUtil) Reading file /sys/devices/system/cpu/cpu1/cache/index3/size
[22:00:50] [main/DEBUG] (oshi.util.FileUtil) Reading file /sys/devices/system/cpu/cpu1/cache/index1/level
[22:00:50] [main/DEBUG] (oshi.util.FileUtil) Reading file /sys/devices/system/cpu/cpu1/cache/index1/level
[22:00:50] [main/DEBUG] (oshi.util.FileUtil) Reading file /sys/devices/system/cpu/cpu1/cache/index1/type
[22:00:50] [main/DEBUG] (oshi.util.FileUtil) Reading file /sys/devices/system/cpu/cpu1/cache/index1/type
[22:00:50] [main/DEBUG] (oshi.util.FileUtil) Reading file /sys/devices/system/cpu/cpu1/cache/index1/ways_of_associativity
[22:00:50] [main/DEBUG] (oshi.util.FileUtil) Reading file /sys/devices/system/cpu/cpu1/cache/index1/ways_of_associativity
[22:00:50] [main/DEBUG] (oshi.util.FileUtil) Reading file /sys/devices/system/cpu/cpu1/cache/index1/coherency_line_size
[22:00:50] [main/DEBUG] (oshi.util.FileUtil) Reading file /sys/devices/system/cpu/cpu1/cache/index1/coherency_line_size
[22:00:50] [main/DEBUG] (oshi.util.FileUtil) Reading file /sys/devices/system/cpu/cpu1/cache/index1/size
[22:00:50] [main/DEBUG] (oshi.util.FileUtil) Reading file /sys/devices/system/cpu/cpu1/cache/index1/size
[22:00:50] [main/DEBUG] (oshi.util.FileUtil) Reading file /sys/devices/system/cpu/cpu10/topology/core_id
[22:00:50] [main/DEBUG] (oshi.util.FileUtil) Reading file /sys/devices/system/cpu/cpu10/topology/core_id
[22:00:50] [main/DEBUG] (oshi.util.FileUtil) Reading file /sys/devices/system/cpu/cpu10/topology/physical_package_id
[22:00:50] [main/DEBUG] (oshi.util.FileUtil) Reading file /sys/devices/system/cpu/cpu10/topology/physical_package_id
[22:00:50] [main/DEBUG] (oshi.util.FileUtil) Reading file /sys/devices/system/cpu/cpu10/cpu_capacity
[22:00:50] [main/DEBUG] (oshi.util.FileUtil) Reading file /sys/devices/system/cpu/cpu10/cpu_capacity
[22:00:50] [main/DEBUG] (oshi.util.FileUtil) Reading file /sys/devices/system/cpu/cpu10/cache/index2/level
[22:00:50] [main/DEBUG] (oshi.util.FileUtil) Reading file /sys/devices/system/cpu/cpu10/cache/index2/level
[22:00:50] [main/DEBUG] (oshi.util.FileUtil) Reading file /sys/devices/system/cpu/cpu10/cache/index2/type
[22:00:50] [main/DEBUG] (oshi.util.FileUtil) Reading file /sys/devices/system/cpu/cpu10/cache/index2/type
[22:00:50] [main/DEBUG] (oshi.util.FileUtil) Reading file /sys/devices/system/cpu/cpu10/cache/index2/ways_of_associativity
[22:00:50] [main/DEBUG] (oshi.util.FileUtil) Reading file /sys/devices/system/cpu/cpu10/cache/index2/ways_of_associativity
[22:00:50] [main/DEBUG] (oshi.util.FileUtil) Reading file /sys/devices/system/cpu/cpu10/cache/index2/coherency_line_size
[22:00:50] [main/DEBUG] (oshi.util.FileUtil) Reading file /sys/devices/system/cpu/cpu10/cache/index2/coherency_line_size
[22:00:50] [main/DEBUG] (oshi.util.FileUtil) Reading file /sys/devices/system/cpu/cpu10/cache/index2/size
[22:00:50] [main/DEBUG] (oshi.util.FileUtil) Reading file /sys/devices/system/cpu/cpu10/cache/index2/size
[22:00:50] [main/DEBUG] (oshi.util.FileUtil) Reading file /sys/devices/system/cpu/cpu10/cache/index0/level
[22:00:50] [main/DEBUG] (oshi.util.FileUtil) Reading file /sys/devices/system/cpu/cpu10/cache/index0/level
[22:00:50] [main/DEBUG] (oshi.util.FileUtil) Reading file /sys/devices/system/cpu/cpu10/cache/index0/type
[22:00:50] [main/DEBUG] (oshi.util.FileUtil) Reading file /sys/devices/system/cpu/cpu10/cache/index0/type
[22:00:50] [main/DEBUG] (oshi.util.FileUtil) Reading file /sys/devices/system/cpu/cpu10/cache/index0/ways_of_associativity
[22:00:50] [main/DEBUG] (oshi.util.FileUtil) Reading file /sys/devices/system/cpu/cpu10/cache/index0/ways_of_associativity
[22:00:50] [main/DEBUG] (oshi.util.FileUtil) Reading file /sys/devices/system/cpu/cpu10/cache/index0/coherency_line_size
[22:00:50] [main/DEBUG] (oshi.util.FileUtil) Reading file /sys/devices/system/cpu/cpu10/cache/index0/coherency_line_size
[22:00:50] [main/DEBUG] (oshi.util.FileUtil) Reading file /sys/devices/system/cpu/cpu10/cache/index0/size
[22:00:50] [main/DEBUG] (oshi.util.FileUtil) Reading file /sys/devices/system/cpu/cpu10/cache/index0/size
[22:00:50] [main/DEBUG] (oshi.util.FileUtil) Reading file /sys/devices/system/cpu/cpu10/cache/index3/level
[22:00:50] [main/DEBUG] (oshi.util.FileUtil) Reading file /sys/devices/system/cpu/cpu10/cache/index3/level
[22:00:50] [main/DEBUG] (oshi.util.FileUtil) Reading file /sys/devices/system/cpu/cpu10/cache/index3/type
[22:00:50] [main/DEBUG] (oshi.util.FileUtil) Reading file /sys/devices/system/cpu/cpu10/cache/index3/type
[22:00:50] [main/DEBUG] (oshi.util.FileUtil) Reading file /sys/devices/system/cpu/cpu10/cache/index3/ways_of_associativity
[22:00:50] [main/DEBUG] (oshi.util.FileUtil) Reading file /sys/devices/system/cpu/cpu10/cache/index3/ways_of_associativity
[22:00:50] [main/DEBUG] (oshi.util.FileUtil) Reading file /sys/devices/system/cpu/cpu10/cache/index3/coherency_line_size
[22:00:50] [main/DEBUG] (oshi.util.FileUtil) Reading file /sys/devices/system/cpu/cpu10/cache/index3/coherency_line_size
[22:00:50] [main/DEBUG] (oshi.util.FileUtil) Reading file /sys/devices/system/cpu/cpu10/cache/index3/size
[22:00:50] [main/DEBUG] (oshi.util.FileUtil) Reading file /sys/devices/system/cpu/cpu10/cache/index3/size
[22:00:50] [main/DEBUG] (oshi.util.FileUtil) Reading file /sys/devices/system/cpu/cpu10/cache/index1/level
[22:00:50] [main/DEBUG] (oshi.util.FileUtil) Reading file /sys/devices/system/cpu/cpu10/cache/index1/level
[22:00:50] [main/DEBUG] (oshi.util.FileUtil) Reading file /sys/devices/system/cpu/cpu10/cache/index1/type
[22:00:50] [main/DEBUG] (oshi.util.FileUtil) Reading file /sys/devices/system/cpu/cpu10/cache/index1/type
[22:00:50] [main/DEBUG] (oshi.util.FileUtil) Reading file /sys/devices/system/cpu/cpu10/cache/index1/ways_of_associativity
[22:00:50] [main/DEBUG] (oshi.util.FileUtil) Reading file /sys/devices/system/cpu/cpu10/cache/index1/ways_of_associativity
[22:00:50] [main/DEBUG] (oshi.util.FileUtil) Reading file /sys/devices/system/cpu/cpu10/cache/index1/coherency_line_size
[22:00:50] [main/DEBUG] (oshi.util.FileUtil) Reading file /sys/devices/system/cpu/cpu10/cache/index1/coherency_line_size
[22:00:50] [main/DEBUG] (oshi.util.FileUtil) Reading file /sys/devices/system/cpu/cpu10/cache/index1/size
[22:00:50] [main/DEBUG] (oshi.util.FileUtil) Reading file /sys/devices/system/cpu/cpu10/cache/index1/size
[22:00:50] [main/DEBUG] (oshi.util.FileUtil) Reading file /sys/devices/system/cpu/cpu11/topology/core_id
[22:00:50] [main/DEBUG] (oshi.util.FileUtil) Reading file /sys/devices/system/cpu/cpu11/topology/core_id
[22:00:50] [main/DEBUG] (oshi.util.FileUtil) Reading file /sys/devices/system/cpu/cpu11/topology/physical_package_id
[22:00:50] [main/DEBUG] (oshi.util.FileUtil) Reading file /sys/devices/system/cpu/cpu11/topology/physical_package_id
[22:00:50] [main/DEBUG] (oshi.util.FileUtil) Reading file /sys/devices/system/cpu/cpu11/cpu_capacity
[22:00:50] [main/DEBUG] (oshi.util.FileUtil) Reading file /sys/devices/system/cpu/cpu11/cpu_capacity
[22:00:50] [main/DEBUG] (oshi.util.FileUtil) Reading file /sys/devices/system/cpu/cpu11/cache/index2/level
[22:00:50] [main/DEBUG] (oshi.util.FileUtil) Reading file /sys/devices/system/cpu/cpu11/cache/index2/level
[22:00:50] [main/DEBUG] (oshi.util.FileUtil) Reading file /sys/devices/system/cpu/cpu11/cache/index2/type
[22:00:50] [main/DEBUG] (oshi.util.FileUtil) Reading file /sys/devices/system/cpu/cpu11/cache/index2/type
[22:00:50] [main/DEBUG] (oshi.util.FileUtil) Reading file /sys/devices/system/cpu/cpu11/cache/index2/ways_of_associativity
[22:00:50] [main/DEBUG] (oshi.util.FileUtil) Reading file /sys/devices/system/cpu/cpu11/cache/index2/ways_of_associativity
[22:00:50] [main/DEBUG] (oshi.util.FileUtil) Reading file /sys/devices/system/cpu/cpu11/cache/index2/coherency_line_size
[22:00:50] [main/DEBUG] (oshi.util.FileUtil) Reading file /sys/devices/system/cpu/cpu11/cache/index2/coherency_line_size
[22:00:50] [main/DEBUG] (oshi.util.FileUtil) Reading file /sys/devices/system/cpu/cpu11/cache/index2/size
[22:00:50] [main/DEBUG] (oshi.util.FileUtil) Reading file /sys/devices/system/cpu/cpu11/cache/index2/size
[22:00:50] [main/DEBUG] (oshi.util.FileUtil) Reading file /sys/devices/system/cpu/cpu11/cache/index0/level
[22:00:50] [main/DEBUG] (oshi.util.FileUtil) Reading file /sys/devices/system/cpu/cpu11/cache/index0/level
[22:00:50] [main/DEBUG] (oshi.util.FileUtil) Reading file /sys/devices/system/cpu/cpu11/cache/index0/type
[22:00:50] [main/DEBUG] (oshi.util.FileUtil) Reading file /sys/devices/system/cpu/cpu11/cache/index0/type
[22:00:50] [main/DEBUG] (oshi.util.FileUtil) Reading file /sys/devices/system/cpu/cpu11/cache/index0/ways_of_associativity
[22:00:50] [main/DEBUG] (oshi.util.FileUtil) Reading file /sys/devices/system/cpu/cpu11/cache/index0/ways_of_associativity
[22:00:50] [main/DEBUG] (oshi.util.FileUtil) Reading file /sys/devices/system/cpu/cpu11/cache/index0/coherency_line_size
[22:00:50] [main/DEBUG] (oshi.util.FileUtil) Reading file /sys/devices/system/cpu/cpu11/cache/index0/coherency_line_size
[22:00:50] [main/DEBUG] (oshi.util.FileUtil) Reading file /sys/devices/system/cpu/cpu11/cache/index0/size
[22:00:50] [main/DEBUG] (oshi.util.FileUtil) Reading file /sys/devices/system/cpu/cpu11/cache/index0/size
[22:00:50] [main/DEBUG] (oshi.util.FileUtil) Reading file /sys/devices/system/cpu/cpu11/cache/index3/level
[22:00:50] [main/DEBUG] (oshi.util.FileUtil) Reading file /sys/devices/system/cpu/cpu11/cache/index3/level
[22:00:50] [main/DEBUG] (oshi.util.FileUtil) Reading file /sys/devices/system/cpu/cpu11/cache/index3/type
[22:00:50] [main/DEBUG] (oshi.util.FileUtil) Reading file /sys/devices/system/cpu/cpu11/cache/index3/type
[22:00:50] [main/DEBUG] (oshi.util.FileUtil) Reading file /sys/devices/system/cpu/cpu11/cache/index3/ways_of_associativity
[22:00:50] [main/DEBUG] (oshi.util.FileUtil) Reading file /sys/devices/system/cpu/cpu11/cache/index3/ways_of_associativity
[22:00:50] [main/DEBUG] (oshi.util.FileUtil) Reading file /sys/devices/system/cpu/cpu11/cache/index3/coherency_line_size
[22:00:50] [main/DEBUG] (oshi.util.FileUtil) Reading file /sys/devices/system/cpu/cpu11/cache/index3/coherency_line_size
[22:00:50] [main/DEBUG] (oshi.util.FileUtil) Reading file /sys/devices/system/cpu/cpu11/cache/index3/size
[22:00:50] [main/DEBUG] (oshi.util.FileUtil) Reading file /sys/devices/system/cpu/cpu11/cache/index3/size
[22:00:50] [main/DEBUG] (oshi.util.FileUtil) Reading file /sys/devices/system/cpu/cpu11/cache/index1/level
[22:00:50] [main/DEBUG] (oshi.util.FileUtil) Reading file /sys/devices/system/cpu/cpu11/cache/index1/level
[22:00:50] [main/DEBUG] (oshi.util.FileUtil) Reading file /sys/devices/system/cpu/cpu11/cache/index1/type
[22:00:50] [main/DEBUG] (oshi.util.FileUtil) Reading file /sys/devices/system/cpu/cpu11/cache/index1/type
[22:00:50] [main/DEBUG] (oshi.util.FileUtil) Reading file /sys/devices/system/cpu/cpu11/cache/index1/ways_of_associativity
[22:00:50] [main/DEBUG] (oshi.util.FileUtil) Reading file /sys/devices/system/cpu/cpu11/cache/index1/ways_of_associativity
[22:00:50] [main/DEBUG] (oshi.util.FileUtil) Reading file /sys/devices/system/cpu/cpu11/cache/index1/coherency_line_size
[22:00:50] [main/DEBUG] (oshi.util.FileUtil) Reading file /sys/devices/system/cpu/cpu11/cache/index1/coherency_line_size
[22:00:50] [main/DEBUG] (oshi.util.FileUtil) Reading file /sys/devices/system/cpu/cpu11/cache/index1/size
[22:00:50] [main/DEBUG] (oshi.util.FileUtil) Reading file /sys/devices/system/cpu/cpu11/cache/index1/size
[22:00:50] [main/DEBUG] (oshi.util.FileUtil) Reading file /sys/devices/system/cpu/cpu12/topology/core_id
[22:00:50] [main/DEBUG] (oshi.util.FileUtil) Reading file /sys/devices/system/cpu/cpu12/topology/core_id
[22:00:50] [main/DEBUG] (oshi.util.FileUtil) Reading file /sys/devices/system/cpu/cpu12/topology/physical_package_id
[22:00:50] [main/DEBUG] (oshi.util.FileUtil) Reading file /sys/devices/system/cpu/cpu12/topology/physical_package_id
[22:00:50] [main/DEBUG] (oshi.util.FileUtil) Reading file /sys/devices/system/cpu/cpu12/cpu_capacity
[22:00:50] [main/DEBUG] (oshi.util.FileUtil) Reading file /sys/devices/system/cpu/cpu12/cpu_capacity
[22:00:50] [main/DEBUG] (oshi.util.FileUtil) Reading file /sys/devices/system/cpu/cpu12/cache/index2/level
[22:00:50] [main/DEBUG] (oshi.util.FileUtil) Reading file /sys/devices/system/cpu/cpu12/cache/index2/level
[22:00:50] [main/DEBUG] (oshi.util.FileUtil) Reading file /sys/devices/system/cpu/cpu12/cache/index2/type
[22:00:50] [main/DEBUG] (oshi.util.FileUtil) Reading file /sys/devices/system/cpu/cpu12/cache/index2/type
[22:00:50] [main/DEBUG] (oshi.util.FileUtil) Reading file /sys/devices/system/cpu/cpu12/cache/index2/ways_of_associativity
[22:00:50] [main/DEBUG] (oshi.util.FileUtil) Reading file /sys/devices/system/cpu/cpu12/cache/index2/ways_of_associativity
[22:00:50] [main/DEBUG] (oshi.util.FileUtil) Reading file /sys/devices/system/cpu/cpu12/cache/index2/coherency_line_size
[22:00:50] [main/DEBUG] (oshi.util.FileUtil) Reading file /sys/devices/system/cpu/cpu12/cache/index2/coherency_line_size
[22:00:50] [main/DEBUG] (oshi.util.FileUtil) Reading file /sys/devices/system/cpu/cpu12/cache/index2/size
[22:00:50] [main/DEBUG] (oshi.util.FileUtil) Reading file /sys/devices/system/cpu/cpu12/cache/index2/size
[22:00:50] [main/DEBUG] (oshi.util.FileUtil) Reading file /sys/devices/system/cpu/cpu12/cache/index0/level
[22:00:50] [main/DEBUG] (oshi.util.FileUtil) Reading file /sys/devices/system/cpu/cpu12/cache/index0/level
[22:00:50] [main/DEBUG] (oshi.util.FileUtil) Reading file /sys/devices/system/cpu/cpu12/cache/index0/type
[22:00:50] [main/DEBUG] (oshi.util.FileUtil) Reading file /sys/devices/system/cpu/cpu12/cache/index0/type
[22:00:50] [main/DEBUG] (oshi.util.FileUtil) Reading file /sys/devices/system/cpu/cpu12/cache/index0/ways_of_associativity
[22:00:50] [main/DEBUG] (oshi.util.FileUtil) Reading file /sys/devices/system/cpu/cpu12/cache/index0/ways_of_associativity
[22:00:50] [main/DEBUG] (oshi.util.FileUtil) Reading file /sys/devices/system/cpu/cpu12/cache/index0/coherency_line_size
[22:00:50] [main/DEBUG] (oshi.util.FileUtil) Reading file /sys/devices/system/cpu/cpu12/cache/index0/coherency_line_size
[22:00:50] [main/DEBUG] (oshi.util.FileUtil) Reading file /sys/devices/system/cpu/cpu12/cache/index0/size
[22:00:50] [main/DEBUG] (oshi.util.FileUtil) Reading file /sys/devices/system/cpu/cpu12/cache/index0/size
[22:00:50] [main/DEBUG] (oshi.util.FileUtil) Reading file /sys/devices/system/cpu/cpu12/cache/index3/level
[22:00:50] [main/DEBUG] (oshi.util.FileUtil) Reading file /sys/devices/system/cpu/cpu12/cache/index3/level
[22:00:50] [main/DEBUG] (oshi.util.FileUtil) Reading file /sys/devices/system/cpu/cpu12/cache/index3/type
[22:00:50] [main/DEBUG] (oshi.util.FileUtil) Reading file /sys/devices/system/cpu/cpu12/cache/index3/type
[22:00:50] [main/DEBUG] (oshi.util.FileUtil) Reading file /sys/devices/system/cpu/cpu12/cache/index3/ways_of_associativity
[22:00:50] [main/DEBUG] (oshi.util.FileUtil) Reading file /sys/devices/system/cpu/cpu12/cache/index3/ways_of_associativity
[22:00:50] [main/DEBUG] (oshi.util.FileUtil) Reading file /sys/devices/system/cpu/cpu12/cache/index3/coherency_line_size
[22:00:50] [main/DEBUG] (oshi.util.FileUtil) Reading file /sys/devices/system/cpu/cpu12/cache/index3/coherency_line_size
[22:00:50] [main/DEBUG] (oshi.util.FileUtil) Reading file /sys/devices/system/cpu/cpu12/cache/index3/size
[22:00:50] [main/DEBUG] (oshi.util.FileUtil) Reading file /sys/devices/system/cpu/cpu12/cache/index3/size
[22:00:50] [main/DEBUG] (oshi.util.FileUtil) Reading file /sys/devices/system/cpu/cpu12/cache/index1/level
[22:00:50] [main/DEBUG] (oshi.util.FileUtil) Reading file /sys/devices/system/cpu/cpu12/cache/index1/level
[22:00:50] [main/DEBUG] (oshi.util.FileUtil) Reading file /sys/devices/system/cpu/cpu12/cache/index1/type
[22:00:50] [main/DEBUG] (oshi.util.FileUtil) Reading file /sys/devices/system/cpu/cpu12/cache/index1/type
[22:00:50] [main/DEBUG] (oshi.util.FileUtil) Reading file /sys/devices/system/cpu/cpu12/cache/index1/ways_of_associativity
[22:00:50] [main/DEBUG] (oshi.util.FileUtil) Reading file /sys/devices/system/cpu/cpu12/cache/index1/ways_of_associativity
[22:00:50] [main/DEBUG] (oshi.util.FileUtil) Reading file /sys/devices/system/cpu/cpu12/cache/index1/coherency_line_size
[22:00:50] [main/DEBUG] (oshi.util.FileUtil) Reading file /sys/devices/system/cpu/cpu12/cache/index1/coherency_line_size
[22:00:50] [main/DEBUG] (oshi.util.FileUtil) Reading file /sys/devices/system/cpu/cpu12/cache/index1/size
[22:00:50] [main/DEBUG] (oshi.util.FileUtil) Reading file /sys/devices/system/cpu/cpu12/cache/index1/size
[22:00:50] [main/DEBUG] (oshi.util.FileUtil) Reading file /sys/devices/system/cpu/cpu13/topology/core_id
[22:00:50] [main/DEBUG] (oshi.util.FileUtil) Reading file /sys/devices/system/cpu/cpu13/topology/core_id
[22:00:50] [main/DEBUG] (oshi.util.FileUtil) Reading file /sys/devices/system/cpu/cpu13/topology/physical_package_id
[22:00:50] [main/DEBUG] (oshi.util.FileUtil) Reading file /sys/devices/system/cpu/cpu13/topology/physical_package_id
[22:00:50] [main/DEBUG] (oshi.util.FileUtil) Reading file /sys/devices/system/cpu/cpu13/cpu_capacity
[22:00:50] [main/DEBUG] (oshi.util.FileUtil) Reading file /sys/devices/system/cpu/cpu13/cpu_capacity
[22:00:50] [main/DEBUG] (oshi.util.FileUtil) Reading file /sys/devices/system/cpu/cpu13/cache/index2/level
[22:00:50] [main/DEBUG] (oshi.util.FileUtil) Reading file /sys/devices/system/cpu/cpu13/cache/index2/level
[22:00:50] [main/DEBUG] (oshi.util.FileUtil) Reading file /sys/devices/system/cpu/cpu13/cache/index2/type
[22:00:50] [main/DEBUG] (oshi.util.FileUtil) Reading file /sys/devices/system/cpu/cpu13/cache/index2/type
[22:00:50] [main/DEBUG] (oshi.util.FileUtil) Reading file /sys/devices/system/cpu/cpu13/cache/index2/ways_of_associativity
[22:00:50] [main/DEBUG] (oshi.util.FileUtil) Reading file /sys/devices/system/cpu/cpu13/cache/index2/ways_of_associativity
[22:00:50] [main/DEBUG] (oshi.util.FileUtil) Reading file /sys/devices/system/cpu/cpu13/cache/index2/coherency_line_size
[22:00:50] [main/DEBUG] (oshi.util.FileUtil) Reading file /sys/devices/system/cpu/cpu13/cache/index2/coherency_line_size
[22:00:50] [main/DEBUG] (oshi.util.FileUtil) Reading file /sys/devices/system/cpu/cpu13/cache/index2/size
[22:00:50] [main/DEBUG] (oshi.util.FileUtil) Reading file /sys/devices/system/cpu/cpu13/cache/index2/size
[22:00:50] [main/DEBUG] (oshi.util.FileUtil) Reading file /sys/devices/system/cpu/cpu13/cache/index0/level
[22:00:50] [main/DEBUG] (oshi.util.FileUtil) Reading file /sys/devices/system/cpu/cpu13/cache/index0/level
[22:00:50] [main/DEBUG] (oshi.util.FileUtil) Reading file /sys/devices/system/cpu/cpu13/cache/index0/type
[22:00:50] [main/DEBUG] (oshi.util.FileUtil) Reading file /sys/devices/system/cpu/cpu13/cache/index0/type
[22:00:50] [main/DEBUG] (oshi.util.FileUtil) Reading file /sys/devices/system/cpu/cpu13/cache/index0/ways_of_associativity
[22:00:50] [main/DEBUG] (oshi.util.FileUtil) Reading file /sys/devices/system/cpu/cpu13/cache/index0/ways_of_associativity
[22:00:50] [main/DEBUG] (oshi.util.FileUtil) Reading file /sys/devices/system/cpu/cpu13/cache/index0/coherency_line_size
[22:00:50] [main/DEBUG] (oshi.util.FileUtil) Reading file /sys/devices/system/cpu/cpu13/cache/index0/coherency_line_size
[22:00:50] [main/DEBUG] (oshi.util.FileUtil) Reading file /sys/devices/system/cpu/cpu13/cache/index0/size
[22:00:50] [main/DEBUG] (oshi.util.FileUtil) Reading file /sys/devices/system/cpu/cpu13/cache/index0/size
[22:00:50] [main/DEBUG] (oshi.util.FileUtil) Reading file /sys/devices/system/cpu/cpu13/cache/index3/level
[22:00:50] [main/DEBUG] (oshi.util.FileUtil) Reading file /sys/devices/system/cpu/cpu13/cache/index3/level
[22:00:50] [main/DEBUG] (oshi.util.FileUtil) Reading file /sys/devices/system/cpu/cpu13/cache/index3/type
[22:00:50] [main/DEBUG] (oshi.util.FileUtil) Reading file /sys/devices/system/cpu/cpu13/cache/index3/type
[22:00:50] [main/DEBUG] (oshi.util.FileUtil) Reading file /sys/devices/system/cpu/cpu13/cache/index3/ways_of_associativity
[22:00:50] [main/DEBUG] (oshi.util.FileUtil) Reading file /sys/devices/system/cpu/cpu13/cache/index3/ways_of_associativity
[22:00:50] [main/DEBUG] (oshi.util.FileUtil) Reading file /sys/devices/system/cpu/cpu13/cache/index3/coherency_line_size
[22:00:50] [main/DEBUG] (oshi.util.FileUtil) Reading file /sys/devices/system/cpu/cpu13/cache/index3/coherency_line_size
[22:00:50] [main/DEBUG] (oshi.util.FileUtil) Reading file /sys/devices/system/cpu/cpu13/cache/index3/size
[22:00:50] [main/DEBUG] (oshi.util.FileUtil) Reading file /sys/devices/system/cpu/cpu13/cache/index3/size
[22:00:50] [main/DEBUG] (oshi.util.FileUtil) Reading file /sys/devices/system/cpu/cpu13/cache/index1/level
[22:00:50] [main/DEBUG] (oshi.util.FileUtil) Reading file /sys/devices/system/cpu/cpu13/cache/index1/level
[22:00:50] [main/DEBUG] (oshi.util.FileUtil) Reading file /sys/devices/system/cpu/cpu13/cache/index1/type
[22:00:50] [main/DEBUG] (oshi.util.FileUtil) Reading file /sys/devices/system/cpu/cpu13/cache/index1/type
[22:00:50] [main/DEBUG] (oshi.util.FileUtil) Reading file /sys/devices/system/cpu/cpu13/cache/index1/ways_of_associativity
[22:00:50] [main/DEBUG] (oshi.util.FileUtil) Reading file /sys/devices/system/cpu/cpu13/cache/index1/ways_of_associativity
[22:00:50] [main/DEBUG] (oshi.util.FileUtil) Reading file /sys/devices/system/cpu/cpu13/cache/index1/coherency_line_size
[22:00:50] [main/DEBUG] (oshi.util.FileUtil) Reading file /sys/devices/system/cpu/cpu13/cache/index1/coherency_line_size
[22:00:50] [main/DEBUG] (oshi.util.FileUtil) Reading file /sys/devices/system/cpu/cpu13/cache/index1/size
[22:00:50] [main/DEBUG] (oshi.util.FileUtil) Reading file /sys/devices/system/cpu/cpu13/cache/index1/size
[22:00:50] [main/DEBUG] (oshi.util.FileUtil) Reading file /sys/devices/system/cpu/cpu14/topology/core_id
[22:00:50] [main/DEBUG] (oshi.util.FileUtil) Reading file /sys/devices/system/cpu/cpu14/topology/core_id
[22:00:50] [main/DEBUG] (oshi.util.FileUtil) Reading file /sys/devices/system/cpu/cpu14/topology/physical_package_id
[22:00:50] [main/DEBUG] (oshi.util.FileUtil) Reading file /sys/devices/system/cpu/cpu14/topology/physical_package_id
[22:00:50] [main/DEBUG] (oshi.util.FileUtil) Reading file /sys/devices/system/cpu/cpu14/cpu_capacity
[22:00:50] [main/DEBUG] (oshi.util.FileUtil) Reading file /sys/devices/system/cpu/cpu14/cpu_capacity
[22:00:50] [main/DEBUG] (oshi.util.FileUtil) Reading file /sys/devices/system/cpu/cpu14/cache/index2/level
[22:00:50] [main/DEBUG] (oshi.util.FileUtil) Reading file /sys/devices/system/cpu/cpu14/cache/index2/level
[22:00:50] [main/DEBUG] (oshi.util.FileUtil) Reading file /sys/devices/system/cpu/cpu14/cache/index2/type
[22:00:50] [main/DEBUG] (oshi.util.FileUtil) Reading file /sys/devices/system/cpu/cpu14/cache/index2/type
[22:00:50] [main/DEBUG] (oshi.util.FileUtil) Reading file /sys/devices/system/cpu/cpu14/cache/index2/ways_of_associativity
[22:00:50] [main/DEBUG] (oshi.util.FileUtil) Reading file /sys/devices/system/cpu/cpu14/cache/index2/ways_of_associativity
[22:00:50] [main/DEBUG] (oshi.util.FileUtil) Reading file /sys/devices/system/cpu/cpu14/cache/index2/coherency_line_size
[22:00:50] [main/DEBUG] (oshi.util.FileUtil) Reading file /sys/devices/system/cpu/cpu14/cache/index2/coherency_line_size
[22:00:50] [main/DEBUG] (oshi.util.FileUtil) Reading file /sys/devices/system/cpu/cpu14/cache/index2/size
[22:00:50] [main/DEBUG] (oshi.util.FileUtil) Reading file /sys/devices/system/cpu/cpu14/cache/index2/size
[22:00:50] [main/DEBUG] (oshi.util.FileUtil) Reading file /sys/devices/system/cpu/cpu14/cache/index0/level
[22:00:50] [main/DEBUG] (oshi.util.FileUtil) Reading file /sys/devices/system/cpu/cpu14/cache/index0/level
[22:00:50] [main/DEBUG] (oshi.util.FileUtil) Reading file /sys/devices/system/cpu/cpu14/cache/index0/type
[22:00:50] [main/DEBUG] (oshi.util.FileUtil) Reading file /sys/devices/system/cpu/cpu14/cache/index0/type
[22:00:50] [main/DEBUG] (oshi.util.FileUtil) Reading file /sys/devices/system/cpu/cpu14/cache/index0/ways_of_associativity
[22:00:50] [main/DEBUG] (oshi.util.FileUtil) Reading file /sys/devices/system/cpu/cpu14/cache/index0/ways_of_associativity
[22:00:50] [main/DEBUG] (oshi.util.FileUtil) Reading file /sys/devices/system/cpu/cpu14/cache/index0/coherency_line_size
[22:00:50] [main/DEBUG] (oshi.util.FileUtil) Reading file /sys/devices/system/cpu/cpu14/cache/index0/coherency_line_size
[22:00:50] [main/DEBUG] (oshi.util.FileUtil) Reading file /sys/devices/system/cpu/cpu14/cache/index0/size
[22:00:50] [main/DEBUG] (oshi.util.FileUtil) Reading file /sys/devices/system/cpu/cpu14/cache/index0/size
[22:00:50] [main/DEBUG] (oshi.util.FileUtil) Reading file /sys/devices/system/cpu/cpu14/cache/index3/level
[22:00:50] [main/DEBUG] (oshi.util.FileUtil) Reading file /sys/devices/system/cpu/cpu14/cache/index3/level
[22:00:50] [main/DEBUG] (oshi.util.FileUtil) Reading file /sys/devices/system/cpu/cpu14/cache/index3/type
[22:00:50] [main/DEBUG] (oshi.util.FileUtil) Reading file /sys/devices/system/cpu/cpu14/cache/index3/type
[22:00:50] [main/DEBUG] (oshi.util.FileUtil) Reading file /sys/devices/system/cpu/cpu14/cache/index3/ways_of_associativity
[22:00:50] [main/DEBUG] (oshi.util.FileUtil) Reading file /sys/devices/system/cpu/cpu14/cache/index3/ways_of_associativity
[22:00:50] [main/DEBUG] (oshi.util.FileUtil) Reading file /sys/devices/system/cpu/cpu14/cache/index3/coherency_line_size
[22:00:50] [main/DEBUG] (oshi.util.FileUtil) Reading file /sys/devices/system/cpu/cpu14/cache/index3/coherency_line_size
[22:00:50] [main/DEBUG] (oshi.util.FileUtil) Reading file /sys/devices/system/cpu/cpu14/cache/index3/size
[22:00:50] [main/DEBUG] (oshi.util.FileUtil) Reading file /sys/devices/system/cpu/cpu14/cache/index3/size
[22:00:50] [main/DEBUG] (oshi.util.FileUtil) Reading file /sys/devices/system/cpu/cpu14/cache/index1/level
[22:00:50] [main/DEBUG] (oshi.util.FileUtil) Reading file /sys/devices/system/cpu/cpu14/cache/index1/level
[22:00:50] [main/DEBUG] (oshi.util.FileUtil) Reading file /sys/devices/system/cpu/cpu14/cache/index1/type
[22:00:50] [main/DEBUG] (oshi.util.FileUtil) Reading file /sys/devices/system/cpu/cpu14/cache/index1/type
[22:00:50] [main/DEBUG] (oshi.util.FileUtil) Reading file /sys/devices/system/cpu/cpu14/cache/index1/ways_of_associativity
[22:00:50] [main/DEBUG] (oshi.util.FileUtil) Reading file /sys/devices/system/cpu/cpu14/cache/index1/ways_of_associativity
[22:00:50] [main/DEBUG] (oshi.util.FileUtil) Reading file /sys/devices/system/cpu/cpu14/cache/index1/coherency_line_size
[22:00:50] [main/DEBUG] (oshi.util.FileUtil) Reading file /sys/devices/system/cpu/cpu14/cache/index1/coherency_line_size
[22:00:50] [main/DEBUG] (oshi.util.FileUtil) Reading file /sys/devices/system/cpu/cpu14/cache/index1/size
[22:00:50] [main/DEBUG] (oshi.util.FileUtil) Reading file /sys/devices/system/cpu/cpu14/cache/index1/size
[22:00:50] [main/DEBUG] (oshi.util.FileUtil) Reading file /sys/devices/system/cpu/cpu15/topology/core_id
[22:00:50] [main/DEBUG] (oshi.util.FileUtil) Reading file /sys/devices/system/cpu/cpu15/topology/core_id
[22:00:50] [main/DEBUG] (oshi.util.FileUtil) Reading file /sys/devices/system/cpu/cpu15/topology/physical_package_id
[22:00:50] [main/DEBUG] (oshi.util.FileUtil) Reading file /sys/devices/system/cpu/cpu15/topology/physical_package_id
[22:00:50] [main/DEBUG] (oshi.util.FileUtil) Reading file /sys/devices/system/cpu/cpu15/cpu_capacity
[22:00:50] [main/DEBUG] (oshi.util.FileUtil) Reading file /sys/devices/system/cpu/cpu15/cpu_capacity
[22:00:50] [main/DEBUG] (oshi.util.FileUtil) Reading file /sys/devices/system/cpu/cpu15/cache/index2/level
[22:00:50] [main/DEBUG] (oshi.util.FileUtil) Reading file /sys/devices/system/cpu/cpu15/cache/index2/level
[22:00:50] [main/DEBUG] (oshi.util.FileUtil) Reading file /sys/devices/system/cpu/cpu15/cache/index2/type
[22:00:50] [main/DEBUG] (oshi.util.FileUtil) Reading file /sys/devices/system/cpu/cpu15/cache/index2/type
[22:00:50] [main/DEBUG] (oshi.util.FileUtil) Reading file /sys/devices/system/cpu/cpu15/cache/index2/ways_of_associativity
[22:00:50] [main/DEBUG] (oshi.util.FileUtil) Reading file /sys/devices/system/cpu/cpu15/cache/index2/ways_of_associativity
[22:00:50] [main/DEBUG] (oshi.util.FileUtil) Reading file /sys/devices/system/cpu/cpu15/cache/index2/coherency_line_size
[22:00:50] [main/DEBUG] (oshi.util.FileUtil) Reading file /sys/devices/system/cpu/cpu15/cache/index2/coherency_line_size
[22:00:50] [main/DEBUG] (oshi.util.FileUtil) Reading file /sys/devices/system/cpu/cpu15/cache/index2/size
[22:00:50] [main/DEBUG] (oshi.util.FileUtil) Reading file /sys/devices/system/cpu/cpu15/cache/index2/size
[22:00:50] [main/DEBUG] (oshi.util.FileUtil) Reading file /sys/devices/system/cpu/cpu15/cache/index0/level
[22:00:50] [main/DEBUG] (oshi.util.FileUtil) Reading file /sys/devices/system/cpu/cpu15/cache/index0/level
[22:00:50] [main/DEBUG] (oshi.util.FileUtil) Reading file /sys/devices/system/cpu/cpu15/cache/index0/type
[22:00:50] [main/DEBUG] (oshi.util.FileUtil) Reading file /sys/devices/system/cpu/cpu15/cache/index0/type
[22:00:50] [main/DEBUG] (oshi.util.FileUtil) Reading file /sys/devices/system/cpu/cpu15/cache/index0/ways_of_associativity
[22:00:50] [main/DEBUG] (oshi.util.FileUtil) Reading file /sys/devices/system/cpu/cpu15/cache/index0/ways_of_associativity
[22:00:50] [main/DEBUG] (oshi.util.FileUtil) Reading file /sys/devices/system/cpu/cpu15/cache/index0/coherency_line_size
[22:00:50] [main/DEBUG] (oshi.util.FileUtil) Reading file /sys/devices/system/cpu/cpu15/cache/index0/coherency_line_size
[22:00:50] [main/DEBUG] (oshi.util.FileUtil) Reading file /sys/devices/system/cpu/cpu15/cache/index0/size
[22:00:50] [main/DEBUG] (oshi.util.FileUtil) Reading file /sys/devices/system/cpu/cpu15/cache/index0/size
[22:00:50] [main/DEBUG] (oshi.util.FileUtil) Reading file /sys/devices/system/cpu/cpu15/cache/index3/level
[22:00:50] [main/DEBUG] (oshi.util.FileUtil) Reading file /sys/devices/system/cpu/cpu15/cache/index3/level
[22:00:50] [main/DEBUG] (oshi.util.FileUtil) Reading file /sys/devices/system/cpu/cpu15/cache/index3/type
[22:00:50] [main/DEBUG] (oshi.util.FileUtil) Reading file /sys/devices/system/cpu/cpu15/cache/index3/type
[22:00:50] [main/DEBUG] (oshi.util.FileUtil) Reading file /sys/devices/system/cpu/cpu15/cache/index3/ways_of_associativity
[22:00:50] [main/DEBUG] (oshi.util.FileUtil) Reading file /sys/devices/system/cpu/cpu15/cache/index3/ways_of_associativity
[22:00:50] [main/DEBUG] (oshi.util.FileUtil) Reading file /sys/devices/system/cpu/cpu15/cache/index3/coherency_line_size
[22:00:50] [main/DEBUG] (oshi.util.FileUtil) Reading file /sys/devices/system/cpu/cpu15/cache/index3/coherency_line_size
[22:00:50] [main/DEBUG] (oshi.util.FileUtil) Reading file /sys/devices/system/cpu/cpu15/cache/index3/size
[22:00:50] [main/DEBUG] (oshi.util.FileUtil) Reading file /sys/devices/system/cpu/cpu15/cache/index3/size
[22:00:50] [main/DEBUG] (oshi.util.FileUtil) Reading file /sys/devices/system/cpu/cpu15/cache/index1/level
[22:00:50] [main/DEBUG] (oshi.util.FileUtil) Reading file /sys/devices/system/cpu/cpu15/cache/index1/level
[22:00:50] [main/DEBUG] (oshi.util.FileUtil) Reading file /sys/devices/system/cpu/cpu15/cache/index1/type
[22:00:50] [main/DEBUG] (oshi.util.FileUtil) Reading file /sys/devices/system/cpu/cpu15/cache/index1/type
[22:00:50] [main/DEBUG] (oshi.util.FileUtil) Reading file /sys/devices/system/cpu/cpu15/cache/index1/ways_of_associativity
[22:00:50] [main/DEBUG] (oshi.util.FileUtil) Reading file /sys/devices/system/cpu/cpu15/cache/index1/ways_of_associativity
[22:00:50] [main/DEBUG] (oshi.util.FileUtil) Reading file /sys/devices/system/cpu/cpu15/cache/index1/coherency_line_size
[22:00:50] [main/DEBUG] (oshi.util.FileUtil) Reading file /sys/devices/system/cpu/cpu15/cache/index1/coherency_line_size
[22:00:50] [main/DEBUG] (oshi.util.FileUtil) Reading file /sys/devices/system/cpu/cpu15/cache/index1/size
[22:00:50] [main/DEBUG] (oshi.util.FileUtil) Reading file /sys/devices/system/cpu/cpu15/cache/index1/size
[22:00:50] [main/DEBUG] (oshi.util.FileUtil) Reading file /sys/devices/system/cpu/cpu2/topology/core_id
[22:00:50] [main/DEBUG] (oshi.util.FileUtil) Reading file /sys/devices/system/cpu/cpu2/topology/core_id
[22:00:50] [main/DEBUG] (oshi.util.FileUtil) Reading file /sys/devices/system/cpu/cpu2/topology/physical_package_id
[22:00:50] [main/DEBUG] (oshi.util.FileUtil) Reading file /sys/devices/system/cpu/cpu2/topology/physical_package_id
[22:00:50] [main/DEBUG] (oshi.util.FileUtil) Reading file /sys/devices/system/cpu/cpu2/cpu_capacity
[22:00:50] [main/DEBUG] (oshi.util.FileUtil) Reading file /sys/devices/system/cpu/cpu2/cpu_capacity
[22:00:50] [main/DEBUG] (oshi.util.FileUtil) Reading file /sys/devices/system/cpu/cpu2/cache/index2/level
[22:00:50] [main/DEBUG] (oshi.util.FileUtil) Reading file /sys/devices/system/cpu/cpu2/cache/index2/level
[22:00:50] [main/DEBUG] (oshi.util.FileUtil) Reading file /sys/devices/system/cpu/cpu2/cache/index2/type
[22:00:50] [main/DEBUG] (oshi.util.FileUtil) Reading file /sys/devices/system/cpu/cpu2/cache/index2/type
[22:00:50] [main/DEBUG] (oshi.util.FileUtil) Reading file /sys/devices/system/cpu/cpu2/cache/index2/ways_of_associativity
[22:00:50] [main/DEBUG] (oshi.util.FileUtil) Reading file /sys/devices/system/cpu/cpu2/cache/index2/ways_of_associativity
[22:00:50] [main/DEBUG] (oshi.util.FileUtil) Reading file /sys/devices/system/cpu/cpu2/cache/index2/coherency_line_size
[22:00:50] [main/DEBUG] (oshi.util.FileUtil) Reading file /sys/devices/system/cpu/cpu2/cache/index2/coherency_line_size
[22:00:50] [main/DEBUG] (oshi.util.FileUtil) Reading file /sys/devices/system/cpu/cpu2/cache/index2/size
[22:00:50] [main/DEBUG] (oshi.util.FileUtil) Reading file /sys/devices/system/cpu/cpu2/cache/index2/size
[22:00:50] [main/DEBUG] (oshi.util.FileUtil) Reading file /sys/devices/system/cpu/cpu2/cache/index0/level
[22:00:50] [main/DEBUG] (oshi.util.FileUtil) Reading file /sys/devices/system/cpu/cpu2/cache/index0/level
[22:00:50] [main/DEBUG] (oshi.util.FileUtil) Reading file /sys/devices/system/cpu/cpu2/cache/index0/type
[22:00:50] [main/DEBUG] (oshi.util.FileUtil) Reading file /sys/devices/system/cpu/cpu2/cache/index0/type
[22:00:50] [main/DEBUG] (oshi.util.FileUtil) Reading file /sys/devices/system/cpu/cpu2/cache/index0/ways_of_associativity
[22:00:50] [main/DEBUG] (oshi.util.FileUtil) Reading file /sys/devices/system/cpu/cpu2/cache/index0/ways_of_associativity
[22:00:50] [main/DEBUG] (oshi.util.FileUtil) Reading file /sys/devices/system/cpu/cpu2/cache/index0/coherency_line_size
[22:00:50] [main/DEBUG] (oshi.util.FileUtil) Reading file /sys/devices/system/cpu/cpu2/cache/index0/coherency_line_size
[22:00:50] [main/DEBUG] (oshi.util.FileUtil) Reading file /sys/devices/system/cpu/cpu2/cache/index0/size
[22:00:50] [main/DEBUG] (oshi.util.FileUtil) Reading file /sys/devices/system/cpu/cpu2/cache/index0/size
[22:00:50] [main/DEBUG] (oshi.util.FileUtil) Reading file /sys/devices/system/cpu/cpu2/cache/index3/level
[22:00:50] [main/DEBUG] (oshi.util.FileUtil) Reading file /sys/devices/system/cpu/cpu2/cache/index3/level
[22:00:50] [main/DEBUG] (oshi.util.FileUtil) Reading file /sys/devices/system/cpu/cpu2/cache/index3/type
[22:00:50] [main/DEBUG] (oshi.util.FileUtil) Reading file /sys/devices/system/cpu/cpu2/cache/index3/type
[22:00:50] [main/DEBUG] (oshi.util.FileUtil) Reading file /sys/devices/system/cpu/cpu2/cache/index3/ways_of_associativity
[22:00:50] [main/DEBUG] (oshi.util.FileUtil) Reading file /sys/devices/system/cpu/cpu2/cache/index3/ways_of_associativity
[22:00:50] [main/DEBUG] (oshi.util.FileUtil) Reading file /sys/devices/system/cpu/cpu2/cache/index3/coherency_line_size
[22:00:50] [main/DEBUG] (oshi.util.FileUtil) Reading file /sys/devices/system/cpu/cpu2/cache/index3/coherency_line_size
[22:00:50] [main/DEBUG] (oshi.util.FileUtil) Reading file /sys/devices/system/cpu/cpu2/cache/index3/size
[22:00:50] [main/DEBUG] (oshi.util.FileUtil) Reading file /sys/devices/system/cpu/cpu2/cache/index3/size
[22:00:50] [main/DEBUG] (oshi.util.FileUtil) Reading file /sys/devices/system/cpu/cpu2/cache/index1/level
[22:00:50] [main/DEBUG] (oshi.util.FileUtil) Reading file /sys/devices/system/cpu/cpu2/cache/index1/level
[22:00:50] [main/DEBUG] (oshi.util.FileUtil) Reading file /sys/devices/system/cpu/cpu2/cache/index1/type
[22:00:50] [main/DEBUG] (oshi.util.FileUtil) Reading file /sys/devices/system/cpu/cpu2/cache/index1/type
[22:00:50] [main/DEBUG] (oshi.util.FileUtil) Reading file /sys/devices/system/cpu/cpu2/cache/index1/ways_of_associativity
[22:00:50] [main/DEBUG] (oshi.util.FileUtil) Reading file /sys/devices/system/cpu/cpu2/cache/index1/ways_of_associativity
[22:00:50] [main/DEBUG] (oshi.util.FileUtil) Reading file /sys/devices/system/cpu/cpu2/cache/index1/coherency_line_size
[22:00:50] [main/DEBUG] (oshi.util.FileUtil) Reading file /sys/devices/system/cpu/cpu2/cache/index1/coherency_line_size
[22:00:50] [main/DEBUG] (oshi.util.FileUtil) Reading file /sys/devices/system/cpu/cpu2/cache/index1/size
[22:00:50] [main/DEBUG] (oshi.util.FileUtil) Reading file /sys/devices/system/cpu/cpu2/cache/index1/size
[22:00:50] [main/DEBUG] (oshi.util.FileUtil) Reading file /sys/devices/system/cpu/cpu3/topology/core_id
[22:00:50] [main/DEBUG] (oshi.util.FileUtil) Reading file /sys/devices/system/cpu/cpu3/topology/core_id
[22:00:50] [main/DEBUG] (oshi.util.FileUtil) Reading file /sys/devices/system/cpu/cpu3/topology/physical_package_id
[22:00:50] [main/DEBUG] (oshi.util.FileUtil) Reading file /sys/devices/system/cpu/cpu3/topology/physical_package_id
[22:00:50] [main/DEBUG] (oshi.util.FileUtil) Reading file /sys/devices/system/cpu/cpu3/cpu_capacity
[22:00:50] [main/DEBUG] (oshi.util.FileUtil) Reading file /sys/devices/system/cpu/cpu3/cpu_capacity
[22:00:50] [main/DEBUG] (oshi.util.FileUtil) Reading file /sys/devices/system/cpu/cpu3/cache/index2/level
[22:00:50] [main/DEBUG] (oshi.util.FileUtil) Reading file /sys/devices/system/cpu/cpu3/cache/index2/level
[22:00:50] [main/DEBUG] (oshi.util.FileUtil) Reading file /sys/devices/system/cpu/cpu3/cache/index2/type
[22:00:50] [main/DEBUG] (oshi.util.FileUtil) Reading file /sys/devices/system/cpu/cpu3/cache/index2/type
[22:00:50] [main/DEBUG] (oshi.util.FileUtil) Reading file /sys/devices/system/cpu/cpu3/cache/index2/ways_of_associativity
[22:00:50] [main/DEBUG] (oshi.util.FileUtil) Reading file /sys/devices/system/cpu/cpu3/cache/index2/ways_of_associativity
[22:00:50] [main/DEBUG] (oshi.util.FileUtil) Reading file /sys/devices/system/cpu/cpu3/cache/index2/coherency_line_size
[22:00:50] [main/DEBUG] (oshi.util.FileUtil) Reading file /sys/devices/system/cpu/cpu3/cache/index2/coherency_line_size
[22:00:50] [main/DEBUG] (oshi.util.FileUtil) Reading file /sys/devices/system/cpu/cpu3/cache/index2/size
[22:00:50] [main/DEBUG] (oshi.util.FileUtil) Reading file /sys/devices/system/cpu/cpu3/cache/index2/size
[22:00:50] [main/DEBUG] (oshi.util.FileUtil) Reading file /sys/devices/system/cpu/cpu3/cache/index0/level
[22:00:50] [main/DEBUG] (oshi.util.FileUtil) Reading file /sys/devices/system/cpu/cpu3/cache/index0/level
[22:00:50] [main/DEBUG] (oshi.util.FileUtil) Reading file /sys/devices/system/cpu/cpu3/cache/index0/type
[22:00:50] [main/DEBUG] (oshi.util.FileUtil) Reading file /sys/devices/system/cpu/cpu3/cache/index0/type
[22:00:50] [main/DEBUG] (oshi.util.FileUtil) Reading file /sys/devices/system/cpu/cpu3/cache/index0/ways_of_associativity
[22:00:50] [main/DEBUG] (oshi.util.FileUtil) Reading file /sys/devices/system/cpu/cpu3/cache/index0/ways_of_associativity
[22:00:50] [main/DEBUG] (oshi.util.FileUtil) Reading file /sys/devices/system/cpu/cpu3/cache/index0/coherency_line_size
[22:00:50] [main/DEBUG] (oshi.util.FileUtil) Reading file /sys/devices/system/cpu/cpu3/cache/index0/coherency_line_size
[22:00:50] [main/DEBUG] (oshi.util.FileUtil) Reading file /sys/devices/system/cpu/cpu3/cache/index0/size
[22:00:50] [main/DEBUG] (oshi.util.FileUtil) Reading file /sys/devices/system/cpu/cpu3/cache/index0/size
[22:00:50] [main/DEBUG] (oshi.util.FileUtil) Reading file /sys/devices/system/cpu/cpu3/cache/index3/level
[22:00:50] [main/DEBUG] (oshi.util.FileUtil) Reading file /sys/devices/system/cpu/cpu3/cache/index3/level
[22:00:50] [main/DEBUG] (oshi.util.FileUtil) Reading file /sys/devices/system/cpu/cpu3/cache/index3/type
[22:00:50] [main/DEBUG] (oshi.util.FileUtil) Reading file /sys/devices/system/cpu/cpu3/cache/index3/type
[22:00:50] [main/DEBUG] (oshi.util.FileUtil) Reading file /sys/devices/system/cpu/cpu3/cache/index3/ways_of_associativity
[22:00:50] [main/DEBUG] (oshi.util.FileUtil) Reading file /sys/devices/system/cpu/cpu3/cache/index3/ways_of_associativity
[22:00:50] [main/DEBUG] (oshi.util.FileUtil) Reading file /sys/devices/system/cpu/cpu3/cache/index3/coherency_line_size
[22:00:50] [main/DEBUG] (oshi.util.FileUtil) Reading file /sys/devices/system/cpu/cpu3/cache/index3/coherency_line_size
[22:00:50] [main/DEBUG] (oshi.util.FileUtil) Reading file /sys/devices/system/cpu/cpu3/cache/index3/size
[22:00:50] [main/DEBUG] (oshi.util.FileUtil) Reading file /sys/devices/system/cpu/cpu3/cache/index3/size
[22:00:50] [main/DEBUG] (oshi.util.FileUtil) Reading file /sys/devices/system/cpu/cpu3/cache/index1/level
[22:00:50] [main/DEBUG] (oshi.util.FileUtil) Reading file /sys/devices/system/cpu/cpu3/cache/index1/level
[22:00:50] [main/DEBUG] (oshi.util.FileUtil) Reading file /sys/devices/system/cpu/cpu3/cache/index1/type
[22:00:50] [main/DEBUG] (oshi.util.FileUtil) Reading file /sys/devices/system/cpu/cpu3/cache/index1/type
[22:00:50] [main/DEBUG] (oshi.util.FileUtil) Reading file /sys/devices/system/cpu/cpu3/cache/index1/ways_of_associativity
[22:00:50] [main/DEBUG] (oshi.util.FileUtil) Reading file /sys/devices/system/cpu/cpu3/cache/index1/ways_of_associativity
[22:00:50] [main/DEBUG] (oshi.util.FileUtil) Reading file /sys/devices/system/cpu/cpu3/cache/index1/coherency_line_size
[22:00:50] [main/DEBUG] (oshi.util.FileUtil) Reading file /sys/devices/system/cpu/cpu3/cache/index1/coherency_line_size
[22:00:50] [main/DEBUG] (oshi.util.FileUtil) Reading file /sys/devices/system/cpu/cpu3/cache/index1/size
[22:00:50] [main/DEBUG] (oshi.util.FileUtil) Reading file /sys/devices/system/cpu/cpu3/cache/index1/size
[22:00:50] [main/DEBUG] (oshi.util.FileUtil) Reading file /sys/devices/system/cpu/cpu4/topology/core_id
[22:00:50] [main/DEBUG] (oshi.util.FileUtil) Reading file /sys/devices/system/cpu/cpu4/topology/core_id
[22:00:50] [main/DEBUG] (oshi.util.FileUtil) Reading file /sys/devices/system/cpu/cpu4/topology/physical_package_id
[22:00:50] [main/DEBUG] (oshi.util.FileUtil) Reading file /sys/devices/system/cpu/cpu4/topology/physical_package_id
[22:00:50] [main/DEBUG] (oshi.util.FileUtil) Reading file /sys/devices/system/cpu/cpu4/cpu_capacity
[22:00:50] [main/DEBUG] (oshi.util.FileUtil) Reading file /sys/devices/system/cpu/cpu4/cpu_capacity
[22:00:50] [main/DEBUG] (oshi.util.FileUtil) Reading file /sys/devices/system/cpu/cpu4/cache/index2/level
[22:00:50] [main/DEBUG] (oshi.util.FileUtil) Reading file /sys/devices/system/cpu/cpu4/cache/index2/level
[22:00:50] [main/DEBUG] (oshi.util.FileUtil) Reading file /sys/devices/system/cpu/cpu4/cache/index2/type
[22:00:50] [main/DEBUG] (oshi.util.FileUtil) Reading file /sys/devices/system/cpu/cpu4/cache/index2/type
[22:00:50] [main/DEBUG] (oshi.util.FileUtil) Reading file /sys/devices/system/cpu/cpu4/cache/index2/ways_of_associativity
[22:00:50] [main/DEBUG] (oshi.util.FileUtil) Reading file /sys/devices/system/cpu/cpu4/cache/index2/ways_of_associativity
[22:00:50] [main/DEBUG] (oshi.util.FileUtil) Reading file /sys/devices/system/cpu/cpu4/cache/index2/coherency_line_size
[22:00:50] [main/DEBUG] (oshi.util.FileUtil) Reading file /sys/devices/system/cpu/cpu4/cache/index2/coherency_line_size
[22:00:50] [main/DEBUG] (oshi.util.FileUtil) Reading file /sys/devices/system/cpu/cpu4/cache/index2/size
[22:00:50] [main/DEBUG] (oshi.util.FileUtil) Reading file /sys/devices/system/cpu/cpu4/cache/index2/size
[22:00:50] [main/DEBUG] (oshi.util.FileUtil) Reading file /sys/devices/system/cpu/cpu4/cache/index0/level
[22:00:50] [main/DEBUG] (oshi.util.FileUtil) Reading file /sys/devices/system/cpu/cpu4/cache/index0/level
[22:00:50] [main/DEBUG] (oshi.util.FileUtil) Reading file /sys/devices/system/cpu/cpu4/cache/index0/type
[22:00:50] [main/DEBUG] (oshi.util.FileUtil) Reading file /sys/devices/system/cpu/cpu4/cache/index0/type
[22:00:50] [main/DEBUG] (oshi.util.FileUtil) Reading file /sys/devices/system/cpu/cpu4/cache/index0/ways_of_associativity
[22:00:50] [main/DEBUG] (oshi.util.FileUtil) Reading file /sys/devices/system/cpu/cpu4/cache/index0/ways_of_associativity
[22:00:50] [main/DEBUG] (oshi.util.FileUtil) Reading file /sys/devices/system/cpu/cpu4/cache/index0/coherency_line_size
[22:00:50] [main/DEBUG] (oshi.util.FileUtil) Reading file /sys/devices/system/cpu/cpu4/cache/index0/coherency_line_size
[22:00:50] [main/DEBUG] (oshi.util.FileUtil) Reading file /sys/devices/system/cpu/cpu4/cache/index0/size
[22:00:50] [main/DEBUG] (oshi.util.FileUtil) Reading file /sys/devices/system/cpu/cpu4/cache/index0/size
[22:00:50] [main/DEBUG] (oshi.util.FileUtil) Reading file /sys/devices/system/cpu/cpu4/cache/index3/level
[22:00:50] [main/DEBUG] (oshi.util.FileUtil) Reading file /sys/devices/system/cpu/cpu4/cache/index3/level
[22:00:50] [main/DEBUG] (oshi.util.FileUtil) Reading file /sys/devices/system/cpu/cpu4/cache/index3/type
[22:00:50] [main/DEBUG] (oshi.util.FileUtil) Reading file /sys/devices/system/cpu/cpu4/cache/index3/type
[22:00:50] [main/DEBUG] (oshi.util.FileUtil) Reading file /sys/devices/system/cpu/cpu4/cache/index3/ways_of_associativity
[22:00:50] [main/DEBUG] (oshi.util.FileUtil) Reading file /sys/devices/system/cpu/cpu4/cache/index3/ways_of_associativity
[22:00:50] [main/DEBUG] (oshi.util.FileUtil) Reading file /sys/devices/system/cpu/cpu4/cache/index3/coherency_line_size
[22:00:50] [main/DEBUG] (oshi.util.FileUtil) Reading file /sys/devices/system/cpu/cpu4/cache/index3/coherency_line_size
[22:00:50] [main/DEBUG] (oshi.util.FileUtil) Reading file /sys/devices/system/cpu/cpu4/cache/index3/size
[22:00:50] [main/DEBUG] (oshi.util.FileUtil) Reading file /sys/devices/system/cpu/cpu4/cache/index3/size
[22:00:50] [main/DEBUG] (oshi.util.FileUtil) Reading file /sys/devices/system/cpu/cpu4/cache/index1/level
[22:00:50] [main/DEBUG] (oshi.util.FileUtil) Reading file /sys/devices/system/cpu/cpu4/cache/index1/level
[22:00:50] [main/DEBUG] (oshi.util.FileUtil) Reading file /sys/devices/system/cpu/cpu4/cache/index1/type
[22:00:50] [main/DEBUG] (oshi.util.FileUtil) Reading file /sys/devices/system/cpu/cpu4/cache/index1/type
[22:00:50] [main/DEBUG] (oshi.util.FileUtil) Reading file /sys/devices/system/cpu/cpu4/cache/index1/ways_of_associativity
[22:00:50] [main/DEBUG] (oshi.util.FileUtil) Reading file /sys/devices/system/cpu/cpu4/cache/index1/ways_of_associativity
[22:00:50] [main/DEBUG] (oshi.util.FileUtil) Reading file /sys/devices/system/cpu/cpu4/cache/index1/coherency_line_size
[22:00:50] [main/DEBUG] (oshi.util.FileUtil) Reading file /sys/devices/system/cpu/cpu4/cache/index1/coherency_line_size
[22:00:50] [main/DEBUG] (oshi.util.FileUtil) Reading file /sys/devices/system/cpu/cpu4/cache/index1/size
[22:00:50] [main/DEBUG] (oshi.util.FileUtil) Reading file /sys/devices/system/cpu/cpu4/cache/index1/size
[22:00:50] [main/DEBUG] (oshi.util.FileUtil) Reading file /sys/devices/system/cpu/cpu5/topology/core_id
[22:00:50] [main/DEBUG] (oshi.util.FileUtil) Reading file /sys/devices/system/cpu/cpu5/topology/core_id
[22:00:50] [main/DEBUG] (oshi.util.FileUtil) Reading file /sys/devices/system/cpu/cpu5/topology/physical_package_id
[22:00:50] [main/DEBUG] (oshi.util.FileUtil) Reading file /sys/devices/system/cpu/cpu5/topology/physical_package_id
[22:00:50] [main/DEBUG] (oshi.util.FileUtil) Reading file /sys/devices/system/cpu/cpu5/cpu_capacity
[22:00:50] [main/DEBUG] (oshi.util.FileUtil) Reading file /sys/devices/system/cpu/cpu5/cpu_capacity
[22:00:50] [main/DEBUG] (oshi.util.FileUtil) Reading file /sys/devices/system/cpu/cpu5/cache/index2/level
[22:00:50] [main/DEBUG] (oshi.util.FileUtil) Reading file /sys/devices/system/cpu/cpu5/cache/index2/level
[22:00:50] [main/DEBUG] (oshi.util.FileUtil) Reading file /sys/devices/system/cpu/cpu5/cache/index2/type
[22:00:50] [main/DEBUG] (oshi.util.FileUtil) Reading file /sys/devices/system/cpu/cpu5/cache/index2/type
[22:00:50] [main/DEBUG] (oshi.util.FileUtil) Reading file /sys/devices/system/cpu/cpu5/cache/index2/ways_of_associativity
[22:00:50] [main/DEBUG] (oshi.util.FileUtil) Reading file /sys/devices/system/cpu/cpu5/cache/index2/ways_of_associativity
[22:00:50] [main/DEBUG] (oshi.util.FileUtil) Reading file /sys/devices/system/cpu/cpu5/cache/index2/coherency_line_size
[22:00:50] [main/DEBUG] (oshi.util.FileUtil) Reading file /sys/devices/system/cpu/cpu5/cache/index2/coherency_line_size
[22:00:50] [main/DEBUG] (oshi.util.FileUtil) Reading file /sys/devices/system/cpu/cpu5/cache/index2/size
[22:00:50] [main/DEBUG] (oshi.util.FileUtil) Reading file /sys/devices/system/cpu/cpu5/cache/index2/size
[22:00:50] [main/DEBUG] (oshi.util.FileUtil) Reading file /sys/devices/system/cpu/cpu5/cache/index0/level
[22:00:50] [main/DEBUG] (oshi.util.FileUtil) Reading file /sys/devices/system/cpu/cpu5/cache/index0/level
[22:00:50] [main/DEBUG] (oshi.util.FileUtil) Reading file /sys/devices/system/cpu/cpu5/cache/index0/type
[22:00:50] [main/DEBUG] (oshi.util.FileUtil) Reading file /sys/devices/system/cpu/cpu5/cache/index0/type
[22:00:50] [main/DEBUG] (oshi.util.FileUtil) Reading file /sys/devices/system/cpu/cpu5/cache/index0/ways_of_associativity
[22:00:50] [main/DEBUG] (oshi.util.FileUtil) Reading file /sys/devices/system/cpu/cpu5/cache/index0/ways_of_associativity
[22:00:50] [main/DEBUG] (oshi.util.FileUtil) Reading file /sys/devices/system/cpu/cpu5/cache/index0/coherency_line_size
[22:00:50] [main/DEBUG] (oshi.util.FileUtil) Reading file /sys/devices/system/cpu/cpu5/cache/index0/coherency_line_size
[22:00:50] [main/DEBUG] (oshi.util.FileUtil) Reading file /sys/devices/system/cpu/cpu5/cache/index0/size
[22:00:50] [main/DEBUG] (oshi.util.FileUtil) Reading file /sys/devices/system/cpu/cpu5/cache/index0/size
[22:00:50] [main/DEBUG] (oshi.util.FileUtil) Reading file /sys/devices/system/cpu/cpu5/cache/index3/level
[22:00:50] [main/DEBUG] (oshi.util.FileUtil) Reading file /sys/devices/system/cpu/cpu5/cache/index3/level
[22:00:50] [main/DEBUG] (oshi.util.FileUtil) Reading file /sys/devices/system/cpu/cpu5/cache/index3/type
[22:00:50] [main/DEBUG] (oshi.util.FileUtil) Reading file /sys/devices/system/cpu/cpu5/cache/index3/type
[22:00:50] [main/DEBUG] (oshi.util.FileUtil) Reading file /sys/devices/system/cpu/cpu5/cache/index3/ways_of_associativity
[22:00:50] [main/DEBUG] (oshi.util.FileUtil) Reading file /sys/devices/system/cpu/cpu5/cache/index3/ways_of_associativity
[22:00:50] [main/DEBUG] (oshi.util.FileUtil) Reading file /sys/devices/system/cpu/cpu5/cache/index3/coherency_line_size
[22:00:50] [main/DEBUG] (oshi.util.FileUtil) Reading file /sys/devices/system/cpu/cpu5/cache/index3/coherency_line_size
[22:00:50] [main/DEBUG] (oshi.util.FileUtil) Reading file /sys/devices/system/cpu/cpu5/cache/index3/size
[22:00:50] [main/DEBUG] (oshi.util.FileUtil) Reading file /sys/devices/system/cpu/cpu5/cache/index3/size
[22:00:50] [main/DEBUG] (oshi.util.FileUtil) Reading file /sys/devices/system/cpu/cpu5/cache/index1/level
[22:00:50] [main/DEBUG] (oshi.util.FileUtil) Reading file /sys/devices/system/cpu/cpu5/cache/index1/level
[22:00:50] [main/DEBUG] (oshi.util.FileUtil) Reading file /sys/devices/system/cpu/cpu5/cache/index1/type
[22:00:50] [main/DEBUG] (oshi.util.FileUtil) Reading file /sys/devices/system/cpu/cpu5/cache/index1/type
[22:00:50] [main/DEBUG] (oshi.util.FileUtil) Reading file /sys/devices/system/cpu/cpu5/cache/index1/ways_of_associativity
[22:00:50] [main/DEBUG] (oshi.util.FileUtil) Reading file /sys/devices/system/cpu/cpu5/cache/index1/ways_of_associativity
[22:00:50] [main/DEBUG] (oshi.util.FileUtil) Reading file /sys/devices/system/cpu/cpu5/cache/index1/coherency_line_size
[22:00:50] [main/DEBUG] (oshi.util.FileUtil) Reading file /sys/devices/system/cpu/cpu5/cache/index1/coherency_line_size
[22:00:50] [main/DEBUG] (oshi.util.FileUtil) Reading file /sys/devices/system/cpu/cpu5/cache/index1/size
[22:00:50] [main/DEBUG] (oshi.util.FileUtil) Reading file /sys/devices/system/cpu/cpu5/cache/index1/size
[22:00:50] [main/DEBUG] (oshi.util.FileUtil) Reading file /sys/devices/system/cpu/cpu6/topology/core_id
[22:00:50] [main/DEBUG] (oshi.util.FileUtil) Reading file /sys/devices/system/cpu/cpu6/topology/core_id
[22:00:50] [main/DEBUG] (oshi.util.FileUtil) Reading file /sys/devices/system/cpu/cpu6/topology/physical_package_id
[22:00:50] [main/DEBUG] (oshi.util.FileUtil) Reading file /sys/devices/system/cpu/cpu6/topology/physical_package_id
[22:00:50] [main/DEBUG] (oshi.util.FileUtil) Reading file /sys/devices/system/cpu/cpu6/cpu_capacity
[22:00:50] [main/DEBUG] (oshi.util.FileUtil) Reading file /sys/devices/system/cpu/cpu6/cpu_capacity
[22:00:50] [main/DEBUG] (oshi.util.FileUtil) Reading file /sys/devices/system/cpu/cpu6/cache/index2/level
[22:00:50] [main/DEBUG] (oshi.util.FileUtil) Reading file /sys/devices/system/cpu/cpu6/cache/index2/level
[22:00:50] [main/DEBUG] (oshi.util.FileUtil) Reading file /sys/devices/system/cpu/cpu6/cache/index2/type
[22:00:50] [main/DEBUG] (oshi.util.FileUtil) Reading file /sys/devices/system/cpu/cpu6/cache/index2/type
[22:00:50] [main/DEBUG] (oshi.util.FileUtil) Reading file /sys/devices/system/cpu/cpu6/cache/index2/ways_of_associativity
[22:00:50] [main/DEBUG] (oshi.util.FileUtil) Reading file /sys/devices/system/cpu/cpu6/cache/index2/ways_of_associativity
[22:00:50] [main/DEBUG] (oshi.util.FileUtil) Reading file /sys/devices/system/cpu/cpu6/cache/index2/coherency_line_size
[22:00:50] [main/DEBUG] (oshi.util.FileUtil) Reading file /sys/devices/system/cpu/cpu6/cache/index2/coherency_line_size
[22:00:50] [main/DEBUG] (oshi.util.FileUtil) Reading file /sys/devices/system/cpu/cpu6/cache/index2/size
[22:00:50] [main/DEBUG] (oshi.util.FileUtil) Reading file /sys/devices/system/cpu/cpu6/cache/index2/size
[22:00:50] [main/DEBUG] (oshi.util.FileUtil) Reading file /sys/devices/system/cpu/cpu6/cache/index0/level
[22:00:50] [main/DEBUG] (oshi.util.FileUtil) Reading file /sys/devices/system/cpu/cpu6/cache/index0/level
[22:00:50] [main/DEBUG] (oshi.util.FileUtil) Reading file /sys/devices/system/cpu/cpu6/cache/index0/type
[22:00:50] [main/DEBUG] (oshi.util.FileUtil) Reading file /sys/devices/system/cpu/cpu6/cache/index0/type
[22:00:50] [main/DEBUG] (oshi.util.FileUtil) Reading file /sys/devices/system/cpu/cpu6/cache/index0/ways_of_associativity
[22:00:50] [main/DEBUG] (oshi.util.FileUtil) Reading file /sys/devices/system/cpu/cpu6/cache/index0/ways_of_associativity
[22:00:50] [main/DEBUG] (oshi.util.FileUtil) Reading file /sys/devices/system/cpu/cpu6/cache/index0/coherency_line_size
[22:00:50] [main/DEBUG] (oshi.util.FileUtil) Reading file /sys/devices/system/cpu/cpu6/cache/index0/coherency_line_size
[22:00:50] [main/DEBUG] (oshi.util.FileUtil) Reading file /sys/devices/system/cpu/cpu6/cache/index0/size
[22:00:50] [main/DEBUG] (oshi.util.FileUtil) Reading file /sys/devices/system/cpu/cpu6/cache/index0/size
[22:00:50] [main/DEBUG] (oshi.util.FileUtil) Reading file /sys/devices/system/cpu/cpu6/cache/index3/level
[22:00:50] [main/DEBUG] (oshi.util.FileUtil) Reading file /sys/devices/system/cpu/cpu6/cache/index3/level
[22:00:50] [main/DEBUG] (oshi.util.FileUtil) Reading file /sys/devices/system/cpu/cpu6/cache/index3/type
[22:00:50] [main/DEBUG] (oshi.util.FileUtil) Reading file /sys/devices/system/cpu/cpu6/cache/index3/type
[22:00:50] [main/DEBUG] (oshi.util.FileUtil) Reading file /sys/devices/system/cpu/cpu6/cache/index3/ways_of_associativity
[22:00:50] [main/DEBUG] (oshi.util.FileUtil) Reading file /sys/devices/system/cpu/cpu6/cache/index3/ways_of_associativity
[22:00:50] [main/DEBUG] (oshi.util.FileUtil) Reading file /sys/devices/system/cpu/cpu6/cache/index3/coherency_line_size
[22:00:50] [main/DEBUG] (oshi.util.FileUtil) Reading file /sys/devices/system/cpu/cpu6/cache/index3/coherency_line_size
[22:00:50] [main/DEBUG] (oshi.util.FileUtil) Reading file /sys/devices/system/cpu/cpu6/cache/index3/size
[22:00:50] [main/DEBUG] (oshi.util.FileUtil) Reading file /sys/devices/system/cpu/cpu6/cache/index3/size
[22:00:50] [main/DEBUG] (oshi.util.FileUtil) Reading file /sys/devices/system/cpu/cpu6/cache/index1/level
[22:00:50] [main/DEBUG] (oshi.util.FileUtil) Reading file /sys/devices/system/cpu/cpu6/cache/index1/level
[22:00:50] [main/DEBUG] (oshi.util.FileUtil) Reading file /sys/devices/system/cpu/cpu6/cache/index1/type
[22:00:50] [main/DEBUG] (oshi.util.FileUtil) Reading file /sys/devices/system/cpu/cpu6/cache/index1/type
[22:00:50] [main/DEBUG] (oshi.util.FileUtil) Reading file /sys/devices/system/cpu/cpu6/cache/index1/ways_of_associativity
[22:00:50] [main/DEBUG] (oshi.util.FileUtil) Reading file /sys/devices/system/cpu/cpu6/cache/index1/ways_of_associativity
[22:00:50] [main/DEBUG] (oshi.util.FileUtil) Reading file /sys/devices/system/cpu/cpu6/cache/index1/coherency_line_size
[22:00:50] [main/DEBUG] (oshi.util.FileUtil) Reading file /sys/devices/system/cpu/cpu6/cache/index1/coherency_line_size
[22:00:50] [main/DEBUG] (oshi.util.FileUtil) Reading file /sys/devices/system/cpu/cpu6/cache/index1/size
[22:00:50] [main/DEBUG] (oshi.util.FileUtil) Reading file /sys/devices/system/cpu/cpu6/cache/index1/size
[22:00:50] [main/DEBUG] (oshi.util.FileUtil) Reading file /sys/devices/system/cpu/cpu7/topology/core_id
[22:00:50] [main/DEBUG] (oshi.util.FileUtil) Reading file /sys/devices/system/cpu/cpu7/topology/core_id
[22:00:50] [main/DEBUG] (oshi.util.FileUtil) Reading file /sys/devices/system/cpu/cpu7/topology/physical_package_id
[22:00:50] [main/DEBUG] (oshi.util.FileUtil) Reading file /sys/devices/system/cpu/cpu7/topology/physical_package_id
[22:00:50] [main/DEBUG] (oshi.util.FileUtil) Reading file /sys/devices/system/cpu/cpu7/cpu_capacity
[22:00:50] [main/DEBUG] (oshi.util.FileUtil) Reading file /sys/devices/system/cpu/cpu7/cpu_capacity
[22:00:50] [main/DEBUG] (oshi.util.FileUtil) Reading file /sys/devices/system/cpu/cpu7/cache/index2/level
[22:00:50] [main/DEBUG] (oshi.util.FileUtil) Reading file /sys/devices/system/cpu/cpu7/cache/index2/level
[22:00:50] [main/DEBUG] (oshi.util.FileUtil) Reading file /sys/devices/system/cpu/cpu7/cache/index2/type
[22:00:50] [main/DEBUG] (oshi.util.FileUtil) Reading file /sys/devices/system/cpu/cpu7/cache/index2/type
[22:00:50] [main/DEBUG] (oshi.util.FileUtil) Reading file /sys/devices/system/cpu/cpu7/cache/index2/ways_of_associativity
[22:00:50] [main/DEBUG] (oshi.util.FileUtil) Reading file /sys/devices/system/cpu/cpu7/cache/index2/ways_of_associativity
[22:00:50] [main/DEBUG] (oshi.util.FileUtil) Reading file /sys/devices/system/cpu/cpu7/cache/index2/coherency_line_size
[22:00:50] [main/DEBUG] (oshi.util.FileUtil) Reading file /sys/devices/system/cpu/cpu7/cache/index2/coherency_line_size
[22:00:50] [main/DEBUG] (oshi.util.FileUtil) Reading file /sys/devices/system/cpu/cpu7/cache/index2/size
[22:00:50] [main/DEBUG] (oshi.util.FileUtil) Reading file /sys/devices/system/cpu/cpu7/cache/index2/size
[22:00:50] [main/DEBUG] (oshi.util.FileUtil) Reading file /sys/devices/system/cpu/cpu7/cache/index0/level
[22:00:50] [main/DEBUG] (oshi.util.FileUtil) Reading file /sys/devices/system/cpu/cpu7/cache/index0/level
[22:00:50] [main/DEBUG] (oshi.util.FileUtil) Reading file /sys/devices/system/cpu/cpu7/cache/index0/type
[22:00:50] [main/DEBUG] (oshi.util.FileUtil) Reading file /sys/devices/system/cpu/cpu7/cache/index0/type
[22:00:50] [main/DEBUG] (oshi.util.FileUtil) Reading file /sys/devices/system/cpu/cpu7/cache/index0/ways_of_associativity
[22:00:50] [main/DEBUG] (oshi.util.FileUtil) Reading file /sys/devices/system/cpu/cpu7/cache/index0/ways_of_associativity
[22:00:50] [main/DEBUG] (oshi.util.FileUtil) Reading file /sys/devices/system/cpu/cpu7/cache/index0/coherency_line_size
[22:00:50] [main/DEBUG] (oshi.util.FileUtil) Reading file /sys/devices/system/cpu/cpu7/cache/index0/coherency_line_size
[22:00:50] [main/DEBUG] (oshi.util.FileUtil) Reading file /sys/devices/system/cpu/cpu7/cache/index0/size
[22:00:50] [main/DEBUG] (oshi.util.FileUtil) Reading file /sys/devices/system/cpu/cpu7/cache/index0/size
[22:00:50] [main/DEBUG] (oshi.util.FileUtil) Reading file /sys/devices/system/cpu/cpu7/cache/index3/level
[22:00:50] [main/DEBUG] (oshi.util.FileUtil) Reading file /sys/devices/system/cpu/cpu7/cache/index3/level
[22:00:50] [main/DEBUG] (oshi.util.FileUtil) Reading file /sys/devices/system/cpu/cpu7/cache/index3/type
[22:00:50] [main/DEBUG] (oshi.util.FileUtil) Reading file /sys/devices/system/cpu/cpu7/cache/index3/type
[22:00:50] [main/DEBUG] (oshi.util.FileUtil) Reading file /sys/devices/system/cpu/cpu7/cache/index3/ways_of_associativity
[22:00:50] [main/DEBUG] (oshi.util.FileUtil) Reading file /sys/devices/system/cpu/cpu7/cache/index3/ways_of_associativity
[22:00:50] [main/DEBUG] (oshi.util.FileUtil) Reading file /sys/devices/system/cpu/cpu7/cache/index3/coherency_line_size
[22:00:50] [main/DEBUG] (oshi.util.FileUtil) Reading file /sys/devices/system/cpu/cpu7/cache/index3/coherency_line_size
[22:00:50] [main/DEBUG] (oshi.util.FileUtil) Reading file /sys/devices/system/cpu/cpu7/cache/index3/size
[22:00:50] [main/DEBUG] (oshi.util.FileUtil) Reading file /sys/devices/system/cpu/cpu7/cache/index3/size
[22:00:50] [main/DEBUG] (oshi.util.FileUtil) Reading file /sys/devices/system/cpu/cpu7/cache/index1/level
[22:00:50] [main/DEBUG] (oshi.util.FileUtil) Reading file /sys/devices/system/cpu/cpu7/cache/index1/level
[22:00:50] [main/DEBUG] (oshi.util.FileUtil) Reading file /sys/devices/system/cpu/cpu7/cache/index1/type
[22:00:50] [main/DEBUG] (oshi.util.FileUtil) Reading file /sys/devices/system/cpu/cpu7/cache/index1/type
[22:00:50] [main/DEBUG] (oshi.util.FileUtil) Reading file /sys/devices/system/cpu/cpu7/cache/index1/ways_of_associativity
[22:00:50] [main/DEBUG] (oshi.util.FileUtil) Reading file /sys/devices/system/cpu/cpu7/cache/index1/ways_of_associativity
[22:00:50] [main/DEBUG] (oshi.util.FileUtil) Reading file /sys/devices/system/cpu/cpu7/cache/index1/coherency_line_size
[22:00:50] [main/DEBUG] (oshi.util.FileUtil) Reading file /sys/devices/system/cpu/cpu7/cache/index1/coherency_line_size
[22:00:50] [main/DEBUG] (oshi.util.FileUtil) Reading file /sys/devices/system/cpu/cpu7/cache/index1/size
[22:00:50] [main/DEBUG] (oshi.util.FileUtil) Reading file /sys/devices/system/cpu/cpu7/cache/index1/size
[22:00:50] [main/DEBUG] (oshi.util.FileUtil) Reading file /sys/devices/system/cpu/cpu8/topology/core_id
[22:00:50] [main/DEBUG] (oshi.util.FileUtil) Reading file /sys/devices/system/cpu/cpu8/topology/core_id
[22:00:50] [main/DEBUG] (oshi.util.FileUtil) Reading file /sys/devices/system/cpu/cpu8/topology/physical_package_id
[22:00:50] [main/DEBUG] (oshi.util.FileUtil) Reading file /sys/devices/system/cpu/cpu8/topology/physical_package_id
[22:00:50] [main/DEBUG] (oshi.util.FileUtil) Reading file /sys/devices/system/cpu/cpu8/cpu_capacity
[22:00:50] [main/DEBUG] (oshi.util.FileUtil) Reading file /sys/devices/system/cpu/cpu8/cpu_capacity
[22:00:50] [main/DEBUG] (oshi.util.FileUtil) Reading file /sys/devices/system/cpu/cpu8/cache/index2/level
[22:00:50] [main/DEBUG] (oshi.util.FileUtil) Reading file /sys/devices/system/cpu/cpu8/cache/index2/level
[22:00:50] [main/DEBUG] (oshi.util.FileUtil) Reading file /sys/devices/system/cpu/cpu8/cache/index2/type
[22:00:50] [main/DEBUG] (oshi.util.FileUtil) Reading file /sys/devices/system/cpu/cpu8/cache/index2/type
[22:00:50] [main/DEBUG] (oshi.util.FileUtil) Reading file /sys/devices/system/cpu/cpu8/cache/index2/ways_of_associativity
[22:00:50] [main/DEBUG] (oshi.util.FileUtil) Reading file /sys/devices/system/cpu/cpu8/cache/index2/ways_of_associativity
[22:00:50] [main/DEBUG] (oshi.util.FileUtil) Reading file /sys/devices/system/cpu/cpu8/cache/index2/coherency_line_size
[22:00:50] [main/DEBUG] (oshi.util.FileUtil) Reading file /sys/devices/system/cpu/cpu8/cache/index2/coherency_line_size
[22:00:50] [main/DEBUG] (oshi.util.FileUtil) Reading file /sys/devices/system/cpu/cpu8/cache/index2/size
[22:00:50] [main/DEBUG] (oshi.util.FileUtil) Reading file /sys/devices/system/cpu/cpu8/cache/index2/size
[22:00:50] [main/DEBUG] (oshi.util.FileUtil) Reading file /sys/devices/system/cpu/cpu8/cache/index0/level
[22:00:50] [main/DEBUG] (oshi.util.FileUtil) Reading file /sys/devices/system/cpu/cpu8/cache/index0/level
[22:00:50] [main/DEBUG] (oshi.util.FileUtil) Reading file /sys/devices/system/cpu/cpu8/cache/index0/type
[22:00:50] [main/DEBUG] (oshi.util.FileUtil) Reading file /sys/devices/system/cpu/cpu8/cache/index0/type
[22:00:50] [main/DEBUG] (oshi.util.FileUtil) Reading file /sys/devices/system/cpu/cpu8/cache/index0/ways_of_associativity
[22:00:50] [main/DEBUG] (oshi.util.FileUtil) Reading file /sys/devices/system/cpu/cpu8/cache/index0/ways_of_associativity
[22:00:50] [main/DEBUG] (oshi.util.FileUtil) Reading file /sys/devices/system/cpu/cpu8/cache/index0/coherency_line_size
[22:00:50] [main/DEBUG] (oshi.util.FileUtil) Reading file /sys/devices/system/cpu/cpu8/cache/index0/coherency_line_size
[22:00:50] [main/DEBUG] (oshi.util.FileUtil) Reading file /sys/devices/system/cpu/cpu8/cache/index0/size
[22:00:50] [main/DEBUG] (oshi.util.FileUtil) Reading file /sys/devices/system/cpu/cpu8/cache/index0/size
[22:00:50] [main/DEBUG] (oshi.util.FileUtil) Reading file /sys/devices/system/cpu/cpu8/cache/index3/level
[22:00:50] [main/DEBUG] (oshi.util.FileUtil) Reading file /sys/devices/system/cpu/cpu8/cache/index3/level
[22:00:50] [main/DEBUG] (oshi.util.FileUtil) Reading file /sys/devices/system/cpu/cpu8/cache/index3/type
[22:00:50] [main/DEBUG] (oshi.util.FileUtil) Reading file /sys/devices/system/cpu/cpu8/cache/index3/type
[22:00:50] [main/DEBUG] (oshi.util.FileUtil) Reading file /sys/devices/system/cpu/cpu8/cache/index3/ways_of_associativity
[22:00:50] [main/DEBUG] (oshi.util.FileUtil) Reading file /sys/devices/system/cpu/cpu8/cache/index3/ways_of_associativity
[22:00:50] [main/DEBUG] (oshi.util.FileUtil) Reading file /sys/devices/system/cpu/cpu8/cache/index3/coherency_line_size
[22:00:50] [main/DEBUG] (oshi.util.FileUtil) Reading file /sys/devices/system/cpu/cpu8/cache/index3/coherency_line_size
[22:00:50] [main/DEBUG] (oshi.util.FileUtil) Reading file /sys/devices/system/cpu/cpu8/cache/index3/size
[22:00:50] [main/DEBUG] (oshi.util.FileUtil) Reading file /sys/devices/system/cpu/cpu8/cache/index3/size
[22:00:50] [main/DEBUG] (oshi.util.FileUtil) Reading file /sys/devices/system/cpu/cpu8/cache/index1/level
[22:00:50] [main/DEBUG] (oshi.util.FileUtil) Reading file /sys/devices/system/cpu/cpu8/cache/index1/level
[22:00:50] [main/DEBUG] (oshi.util.FileUtil) Reading file /sys/devices/system/cpu/cpu8/cache/index1/type
[22:00:50] [main/DEBUG] (oshi.util.FileUtil) Reading file /sys/devices/system/cpu/cpu8/cache/index1/type
[22:00:50] [main/DEBUG] (oshi.util.FileUtil) Reading file /sys/devices/system/cpu/cpu8/cache/index1/ways_of_associativity
[22:00:50] [main/DEBUG] (oshi.util.FileUtil) Reading file /sys/devices/system/cpu/cpu8/cache/index1/ways_of_associativity
[22:00:50] [main/DEBUG] (oshi.util.FileUtil) Reading file /sys/devices/system/cpu/cpu8/cache/index1/coherency_line_size
[22:00:50] [main/DEBUG] (oshi.util.FileUtil) Reading file /sys/devices/system/cpu/cpu8/cache/index1/coherency_line_size
[22:00:50] [main/DEBUG] (oshi.util.FileUtil) Reading file /sys/devices/system/cpu/cpu8/cache/index1/size
[22:00:50] [main/DEBUG] (oshi.util.FileUtil) Reading file /sys/devices/system/cpu/cpu8/cache/index1/size
[22:00:50] [main/DEBUG] (oshi.util.FileUtil) Reading file /sys/devices/system/cpu/cpu9/topology/core_id
[22:00:50] [main/DEBUG] (oshi.util.FileUtil) Reading file /sys/devices/system/cpu/cpu9/topology/core_id
[22:00:50] [main/DEBUG] (oshi.util.FileUtil) Reading file /sys/devices/system/cpu/cpu9/topology/physical_package_id
[22:00:50] [main/DEBUG] (oshi.util.FileUtil) Reading file /sys/devices/system/cpu/cpu9/topology/physical_package_id
[22:00:50] [main/DEBUG] (oshi.util.FileUtil) Reading file /sys/devices/system/cpu/cpu9/cpu_capacity
[22:00:50] [main/DEBUG] (oshi.util.FileUtil) Reading file /sys/devices/system/cpu/cpu9/cpu_capacity
[22:00:50] [main/DEBUG] (oshi.util.FileUtil) Reading file /sys/devices/system/cpu/cpu9/cache/index2/level
[22:00:50] [main/DEBUG] (oshi.util.FileUtil) Reading file /sys/devices/system/cpu/cpu9/cache/index2/level
[22:00:50] [main/DEBUG] (oshi.util.FileUtil) Reading file /sys/devices/system/cpu/cpu9/cache/index2/type
[22:00:50] [main/DEBUG] (oshi.util.FileUtil) Reading file /sys/devices/system/cpu/cpu9/cache/index2/type
[22:00:50] [main/DEBUG] (oshi.util.FileUtil) Reading file /sys/devices/system/cpu/cpu9/cache/index2/ways_of_associativity
[22:00:50] [main/DEBUG] (oshi.util.FileUtil) Reading file /sys/devices/system/cpu/cpu9/cache/index2/ways_of_associativity
[22:00:50] [main/DEBUG] (oshi.util.FileUtil) Reading file /sys/devices/system/cpu/cpu9/cache/index2/coherency_line_size
[22:00:50] [main/DEBUG] (oshi.util.FileUtil) Reading file /sys/devices/system/cpu/cpu9/cache/index2/coherency_line_size
[22:00:50] [main/DEBUG] (oshi.util.FileUtil) Reading file /sys/devices/system/cpu/cpu9/cache/index2/size
[22:00:50] [main/DEBUG] (oshi.util.FileUtil) Reading file /sys/devices/system/cpu/cpu9/cache/index2/size
[22:00:50] [main/DEBUG] (oshi.util.FileUtil) Reading file /sys/devices/system/cpu/cpu9/cache/index0/level
[22:00:50] [main/DEBUG] (oshi.util.FileUtil) Reading file /sys/devices/system/cpu/cpu9/cache/index0/level
[22:00:50] [main/DEBUG] (oshi.util.FileUtil) Reading file /sys/devices/system/cpu/cpu9/cache/index0/type
[22:00:50] [main/DEBUG] (oshi.util.FileUtil) Reading file /sys/devices/system/cpu/cpu9/cache/index0/type
[22:00:50] [main/DEBUG] (oshi.util.FileUtil) Reading file /sys/devices/system/cpu/cpu9/cache/index0/ways_of_associativity
[22:00:50] [main/DEBUG] (oshi.util.FileUtil) Reading file /sys/devices/system/cpu/cpu9/cache/index0/ways_of_associativity
[22:00:50] [main/DEBUG] (oshi.util.FileUtil) Reading file /sys/devices/system/cpu/cpu9/cache/index0/coherency_line_size
[22:00:50] [main/DEBUG] (oshi.util.FileUtil) Reading file /sys/devices/system/cpu/cpu9/cache/index0/coherency_line_size
[22:00:50] [main/DEBUG] (oshi.util.FileUtil) Reading file /sys/devices/system/cpu/cpu9/cache/index0/size
[22:00:50] [main/DEBUG] (oshi.util.FileUtil) Reading file /sys/devices/system/cpu/cpu9/cache/index0/size
[22:00:50] [main/DEBUG] (oshi.util.FileUtil) Reading file /sys/devices/system/cpu/cpu9/cache/index3/level
[22:00:50] [main/DEBUG] (oshi.util.FileUtil) Reading file /sys/devices/system/cpu/cpu9/cache/index3/level
[22:00:50] [main/DEBUG] (oshi.util.FileUtil) Reading file /sys/devices/system/cpu/cpu9/cache/index3/type
[22:00:50] [main/DEBUG] (oshi.util.FileUtil) Reading file /sys/devices/system/cpu/cpu9/cache/index3/type
[22:00:50] [main/DEBUG] (oshi.util.FileUtil) Reading file /sys/devices/system/cpu/cpu9/cache/index3/ways_of_associativity
[22:00:50] [main/DEBUG] (oshi.util.FileUtil) Reading file /sys/devices/system/cpu/cpu9/cache/index3/ways_of_associativity
[22:00:50] [main/DEBUG] (oshi.util.FileUtil) Reading file /sys/devices/system/cpu/cpu9/cache/index3/coherency_line_size
[22:00:50] [main/DEBUG] (oshi.util.FileUtil) Reading file /sys/devices/system/cpu/cpu9/cache/index3/coherency_line_size
[22:00:50] [main/DEBUG] (oshi.util.FileUtil) Reading file /sys/devices/system/cpu/cpu9/cache/index3/size
[22:00:50] [main/DEBUG] (oshi.util.FileUtil) Reading file /sys/devices/system/cpu/cpu9/cache/index3/size
[22:00:50] [main/DEBUG] (oshi.util.FileUtil) Reading file /sys/devices/system/cpu/cpu9/cache/index1/level
[22:00:50] [main/DEBUG] (oshi.util.FileUtil) Reading file /sys/devices/system/cpu/cpu9/cache/index1/level
[22:00:50] [main/DEBUG] (oshi.util.FileUtil) Reading file /sys/devices/system/cpu/cpu9/cache/index1/type
[22:00:50] [main/DEBUG] (oshi.util.FileUtil) Reading file /sys/devices/system/cpu/cpu9/cache/index1/type
[22:00:50] [main/DEBUG] (oshi.util.FileUtil) Reading file /sys/devices/system/cpu/cpu9/cache/index1/ways_of_associativity
[22:00:50] [main/DEBUG] (oshi.util.FileUtil) Reading file /sys/devices/system/cpu/cpu9/cache/index1/ways_of_associativity
[22:00:50] [main/DEBUG] (oshi.util.FileUtil) Reading file /sys/devices/system/cpu/cpu9/cache/index1/coherency_line_size
[22:00:50] [main/DEBUG] (oshi.util.FileUtil) Reading file /sys/devices/system/cpu/cpu9/cache/index1/coherency_line_size
[22:00:50] [main/DEBUG] (oshi.util.FileUtil) Reading file /sys/devices/system/cpu/cpu9/cache/index1/size
[22:00:50] [main/DEBUG] (oshi.util.FileUtil) Reading file /sys/devices/system/cpu/cpu9/cache/index1/size
[22:00:50] [main/DEBUG] (oshi.util.FileUtil) Reading file /proc/cpuinfo
[22:00:50] [main/DEBUG] (oshi.util.FileUtil) Reading file /proc/cpuinfo
[22:00:50] [main/DEBUG] (oshi.util.FileUtil) Reading file /proc/self/auxv
[22:00:50] [main/DEBUG] (oshi.util.FileUtil) Reading file /proc/meminfo
[22:00:50] [main/DEBUG] (oshi.util.FileUtil) Reading file /proc/meminfo
[22:00:50] [main/DEBUG] (FabricLoader/Mixin) Mixing BootstrapMixin from fabric-registry-sync-v0.mixins.json into net.minecraft.Bootstrap
[22:00:50] [main/DEBUG] (FabricLoader/Mixin) Renaming synthetic method lambda$afterInitialize$1(Lnet/minecraft/fluid/Fluid;)Ljava/util/Collection; to mdffa551$fabric-registry-sync-v0$lambda$afterInitialize$1$0 in fabric-registry-sync-v0.mixins.json:BootstrapMixin from mod fabric-registry-sync-v0
[22:00:50] [main/DEBUG] (FabricLoader/Mixin) Renaming synthetic method lambda$afterInitialize$0(Lnet/minecraft/block/Block;)Ljava/util/Collection; to mdffa551$fabric-registry-sync-v0$lambda$afterInitialize$0$1 in fabric-registry-sync-v0.mixins.json:BootstrapMixin from mod fabric-registry-sync-v0
[22:00:50] [main/DEBUG] (FabricLoader/Mixin) fabric-registry-sync-v0.mixins.json:BootstrapMixin from mod fabric-registry-sync-v0->@Inject::afterInitialize(Lorg/spongepowered/asm/mixin/injection/callback/CallbackInfo;)V doesn't use it's CallbackInfo
[22:00:50] [main/DEBUG] (FabricLoader/Mixin) Mixing RegistryMixin from fabric-registry-sync-v0.mixins.json into net.minecraft.registry.Registry
[22:00:50] [main/DEBUG] (FabricLoader/Mixin) Mixing BuiltInRegistriesMixin from fabric-item-api-v1.mixins.json into net.minecraft.registry.Registries
[22:00:50] [main/DEBUG] (FabricLoader/Mixin) Mixing BuiltInRegistriesAccessor from fabric-registry-sync-v0.mixins.json into net.minecraft.registry.Registries
[22:00:50] [main/DEBUG] (FabricLoader/Mixin) Renaming @Accessor method getWRITABLE_REGISTRY()Lnet/minecraft/registry/MutableRegistry; to getWRITABLE_REGISTRY$fabric-registry-sync-v0_$md$ffa551$0 in fabric-registry-sync-v0.mixins.json:BuiltInRegistriesAccessor from mod fabric-registry-sync-v0
[22:00:50] [main/DEBUG] (FabricLoader/Mixin) Mixing BuiltInRegistriesMixin from fabric-registry-sync-v0.mixins.json into net.minecraft.registry.Registries
[22:00:50] [main/DEBUG] (FabricLoader/Mixin) fabric-item-api-v1.mixins.json:BuiltInRegistriesMixin from mod fabric-item-api-v1->@Inject::modifyDefaultItemComponents(Lorg/spongepowered/asm/mixin/injection/callback/CallbackInfo;)V doesn't use it's CallbackInfo
[22:00:50] [main/DEBUG] (FabricLoader/Mixin) fabric-registry-sync-v0.mixins.json:BuiltInRegistriesMixin from mod fabric-registry-sync-v0->@Inject::init(Lorg/spongepowered/asm/mixin/injection/callback/CallbackInfo;)V does use it's CallbackInfo
[22:00:50] [main/DEBUG] (FabricLoader/Mixin) Mixing MappedRegistryMixin from fabric-tag-api-v1.mixins.json into net.minecraft.registry.SimpleRegistry
[22:00:50] [main/DEBUG] (FabricLoader/Mixin) Mixing MappedRegistryAccessor from fabric-registry-sync-v0.mixins.json into net.minecraft.registry.SimpleRegistry
[22:00:50] [main/DEBUG] (FabricLoader/Mixin) Mixing MappedRegistryMixin from fabric-registry-sync-v0.mixins.json into net.minecraft.registry.SimpleRegistry
[22:00:50] [main/DEBUG] (FabricLoader/Mixin) Renaming synthetic method lambda$remap$5()Lnet/fabricmc/fabric/impl/registry/sync/RemapException; to mdffa551$fabric-registry-sync-v0$lambda$remap$5$0 in fabric-registry-sync-v0.mixins.json:MappedRegistryMixin from mod fabric-registry-sync-v0
[22:00:50] [main/DEBUG] (FabricLoader/Mixin) Renaming synthetic method lambda$init$4([Lnet/fabricmc/fabric/api/event/registry/RegistryIdRemapCallback;)Lnet/fabricmc/fabric/api/event/registry/RegistryIdRemapCallback; to mdffa551$fabric-registry-sync-v0$lambda$init$4$1 in fabric-registry-sync-v0.mixins.json:MappedRegistryMixin from mod fabric-registry-sync-v0
[22:00:50] [main/DEBUG] (FabricLoader/Mixin) Renaming synthetic method lambda$init$3([Lnet/fabricmc/fabric/api/event/registry/RegistryIdRemapCallback;Lnet/fabricmc/fabric/api/event/registry/RegistryIdRemapCallback$RemapState;)V to mdffa551$fabric-registry-sync-v0$lambda$init$3$2 in fabric-registry-sync-v0.mixins.json:MappedRegistryMixin from mod fabric-registry-sync-v0
[22:00:50] [main/DEBUG] (FabricLoader/Mixin) Renaming synthetic method lambda$init$2(ILnet/minecraft/util/Identifier;Ljava/lang/Object;)V to mdffa551$fabric-registry-sync-v0$lambda$init$2$3 in fabric-registry-sync-v0.mixins.json:MappedRegistryMixin from mod fabric-registry-sync-v0
[22:00:50] [main/DEBUG] (FabricLoader/Mixin) Renaming synthetic method lambda$init$1([Lnet/fabricmc/fabric/api/event/registry/RegistryEntryAddedCallback;)Lnet/fabricmc/fabric/api/event/registry/RegistryEntryAddedCallback; to mdffa551$fabric-registry-sync-v0$lambda$init$1$4 in fabric-registry-sync-v0.mixins.json:MappedRegistryMixin from mod fabric-registry-sync-v0
[22:00:50] [main/DEBUG] (FabricLoader/Mixin) Renaming synthetic method lambda$init$0([Lnet/fabricmc/fabric/api/event/registry/RegistryEntryAddedCallback;ILnet/minecraft/util/Identifier;Ljava/lang/Object;)V to mdffa551$fabric-registry-sync-v0$lambda$init$0$5 in fabric-registry-sync-v0.mixins.json:MappedRegistryMixin from mod fabric-registry-sync-v0
[22:00:50] [main/DEBUG] (FabricLoader/Mixin) fabric-registry-sync-v0.mixins.json:MappedRegistryMixin from mod fabric-registry-sync-v0->@Inject::init(Lnet/minecraft/registry/RegistryKey;Lcom/mojang/serialization/Lifecycle;ZLorg/spongepowered/asm/mixin/injection/callback/CallbackInfo;)V doesn't use it's CallbackInfo
[22:00:50] [main/DEBUG] (FabricLoader/Mixin) fabric-registry-sync-v0.mixins.json:MappedRegistryMixin from mod fabric-registry-sync-v0->@Inject::init(Lnet/minecraft/registry/RegistryKey;Lcom/mojang/serialization/Lifecycle;ZLorg/spongepowered/asm/mixin/injection/callback/CallbackInfo;)V has 0 override(s) in child classes
[22:00:50] [main/DEBUG] (FabricLoader/Mixin) fabric-registry-sync-v0.mixins.json:MappedRegistryMixin from mod fabric-registry-sync-v0->@Inject::init(Lnet/minecraft/registry/RegistryKey;Lcom/mojang/serialization/Lifecycle;ZLorg/spongepowered/asm/mixin/injection/callback/CallbackInfo;)V won't be passed a CallbackInfo as a result
[22:00:50] [main/DEBUG] (FabricLoader/Mixin) fabric-registry-sync-v0.mixins.json:MappedRegistryMixin from mod fabric-registry-sync-v0->@Inject::set(Lnet/minecraft/registry/RegistryKey;Ljava/lang/Object;Lnet/minecraft/registry/entry/RegistryEntryInfo;Lorg/spongepowered/asm/mixin/injection/callback/CallbackInfoReturnable;)V does use it's CallbackInfoReturnable
[22:00:50] [main/DEBUG] (FabricLoader/Mixin) Mixing RegistriesMixin from fabric-registry-sync-v0.mixins.json into net.minecraft.registry.RegistryKeys
[22:00:50] [main/DEBUG] (FabricLoader/Mixin) Mixing effect.MobEffectMixin from fabric-entity-events-v1.mixins.json into net.minecraft.entity.effect.StatusEffect
[22:00:50] [main/DEBUG] (FabricLoader/Mixin) Mixing ArgumentTypeInfosAccessor from fabric-command-api-v2.mixins.json into net.minecraft.command.argument.ArgumentTypes
[22:00:50] [main/DEBUG] (FabricLoader/Mixin) Renaming @Accessor method fabric_getClassMap()Ljava/util/Map; to fabric_getClassMap$fabric-command-api-v2_$md$ffa551$0 in fabric-command-api-v2.mixins.json:ArgumentTypeInfosAccessor from mod fabric-command-api-v2
[22:00:50] [Datafixer Bootstrap/INFO] (com.mojang.datafixers.DataFixerBuilder) 287 Datafixer optimizations took 470 milliseconds
[22:00:50] [main/DEBUG] (FabricLoader/Mixin) Mixing CreativeModeTabsMixin from fabric-item-group-api-v1.mixins.json into net.minecraft.item.ItemGroups
[22:00:50] [main/DEBUG] (FabricLoader/Mixin) Renaming synthetic method lambda$paginateGroups$0(Lnet/minecraft/registry/entry/RegistryEntry$Reference;Lnet/minecraft/registry/entry/RegistryEntry$Reference;)I to mdffa551$fabric-item-group-api-v1$lambda$paginateGroups$0$0 in fabric-item-group-api-v1.mixins.json:CreativeModeTabsMixin from mod fabric-item-group-api-v1
[22:00:50] [main/DEBUG] (FabricLoader/Mixin) fabric-item-group-api-v1.mixins.json:CreativeModeTabsMixin from mod fabric-item-group-api-v1->@Inject::deferDuplicateCheck(Lorg/spongepowered/asm/mixin/injection/callback/CallbackInfo;)V does use it's CallbackInfo
[22:00:50] [main/DEBUG] (FabricLoader/Mixin) fabric-item-group-api-v1.mixins.json:CreativeModeTabsMixin from mod fabric-item-group-api-v1->@Inject::paginateGroups(Lorg/spongepowered/asm/mixin/injection/callback/CallbackInfo;)V doesn't use it's CallbackInfo
[22:00:50] [main/DEBUG] (FabricLoader/Mixin) Mixing CreativeModeTabAccessor from fabric-item-group-api-v1.mixins.json into net.minecraft.item.ItemGroup
[22:00:50] [main/DEBUG] (FabricLoader/Mixin) Mixing CreativeModeTabMixin from fabric-item-group-api-v1.mixins.json into net.minecraft.item.ItemGroup
[22:00:50] [main/DEBUG] (FabricLoader/Mixin) Renaming synthetic method lambda$getStacks$0(Lnet/minecraft/item/ItemGroup;)Ljava/lang/IllegalStateException; to mdffa551$fabric-item-group-api-v1$lambda$getStacks$0$0 in fabric-item-group-api-v1.mixins.json:CreativeModeTabMixin from mod fabric-item-group-api-v1
[22:00:50] [main/DEBUG] (FabricLoader/Mixin) fabric-item-group-api-v1.mixins.json:CreativeModeTabMixin from mod fabric-item-group-api-v1->@Inject::getStacks(Lnet/minecraft/item/ItemGroup$DisplayContext;Lorg/spongepowered/asm/mixin/injection/callback/CallbackInfo;)V doesn't use it's CallbackInfo
[22:00:50] [main/DEBUG] (FabricLoader/Mixin) fabric-item-group-api-v1.mixins.json:CreativeModeTabMixin from mod fabric-item-group-api-v1->@Inject::getStacks(Lnet/minecraft/item/ItemGroup$DisplayContext;Lorg/spongepowered/asm/mixin/injection/callback/CallbackInfo;)V has 0 override(s) in child classes
[22:00:50] [main/DEBUG] (FabricLoader/Mixin) fabric-item-group-api-v1.mixins.json:CreativeModeTabMixin from mod fabric-item-group-api-v1->@Inject::getStacks(Lnet/minecraft/item/ItemGroup$DisplayContext;Lorg/spongepowered/asm/mixin/injection/callback/CallbackInfo;)V won't be passed a CallbackInfo as a result
[22:00:50] [main/DEBUG] (FabricLoader/Mixin) Mixing GameRuleMixin from fabric-game-rule-api-v1.mixins.json into net.minecraft.world.rule.GameRule
[22:00:50] [main/DEBUG] (FabricLoader/Mixin) Renaming synthetic method lambda$deserializeEnum$1(Ljava/lang/String;)Ljava/lang/String; to mdffa551$fabric-game-rule-api-v1$lambda$deserializeEnum$1$0 in fabric-game-rule-api-v1.mixins.json:GameRuleMixin from mod fabric-game-rule-api-v1
[22:00:50] [main/DEBUG] (FabricLoader/Mixin) Renaming synthetic method lambda$deserializeEnum$0(Ljava/lang/String;Ljava/lang/Class;)Ljava/lang/String; to mdffa551$fabric-game-rule-api-v1$lambda$deserializeEnum$0$1 in fabric-game-rule-api-v1.mixins.json:GameRuleMixin from mod fabric-game-rule-api-v1
[22:00:50] [main/DEBUG] (FabricLoader/Mixin) Mixing FireBlockMixin from fabric-content-registries-v0.mixins.json into net.minecraft.block.FireBlock
[22:00:50] [main/DEBUG] (FabricLoader/Mixin) fabric-content-registries-v0.mixins.json:FireBlockMixin from mod fabric-content-registries-v0->@Inject::afterConstruct(Lnet/minecraft/block/AbstractBlock$Settings;Lorg/spongepowered/asm/mixin/injection/callback/CallbackInfo;)V doesn't use it's CallbackInfo
[22:00:50] [main/DEBUG] (FabricLoader/Mixin) fabric-content-registries-v0.mixins.json:FireBlockMixin from mod fabric-content-registries-v0->@Inject::afterConstruct(Lnet/minecraft/block/AbstractBlock$Settings;Lorg/spongepowered/asm/mixin/injection/callback/CallbackInfo;)V has 0 override(s) in child classes
[22:00:50] [main/DEBUG] (FabricLoader/Mixin) fabric-content-registries-v0.mixins.json:FireBlockMixin from mod fabric-content-registries-v0->@Inject::afterConstruct(Lnet/minecraft/block/AbstractBlock$Settings;Lorg/spongepowered/asm/mixin/injection/callback/CallbackInfo;)V won't be passed a CallbackInfo as a result
[22:00:50] [main/DEBUG] (FabricLoader/Mixin) fabric-content-registries-v0.mixins.json:FireBlockMixin from mod fabric-content-registries-v0->@Inject::getFabricBurnChance(Lnet/minecraft/block/BlockState;Lorg/spongepowered/asm/mixin/injection/callback/CallbackInfoReturnable;)V does use it's CallbackInfoReturnable
[22:00:50] [main/DEBUG] (FabricLoader/Mixin) fabric-content-registries-v0.mixins.json:FireBlockMixin from mod fabric-content-registries-v0->@Inject::getFabricSpreadChance(Lnet/minecraft/block/BlockState;Lorg/spongepowered/asm/mixin/injection/callback/CallbackInfoReturnable;)V does use it's CallbackInfoReturnable
[22:00:50] [main/DEBUG] (FabricLoader/Mixin) Mixing BlockMixin from fabric-block-api-v1.mixins.json into net.minecraft.block.Block
[22:00:50] [main/DEBUG] (FabricLoader/Mixin) Mixing BlockBehaviourAccessor from fabric-content-registries-v0.mixins.json into net.minecraft.block.AbstractBlock
[22:00:50] [main/DEBUG] (FabricLoader/Mixin) Mixing BlockGetterMixin from fabric-block-view-api-v2.mixins.json into net.minecraft.world.BlockView
[22:00:50] [main/DEBUG] (FabricLoader/Mixin) Mixing EntityMixin from fabric-entity-events-v1.mixins.json into net.minecraft.entity.Entity
[22:00:50] [main/DEBUG] (FabricLoader/Mixin) Mixing EntityMixin from fabric-particles-v1.mixins.json into net.minecraft.entity.Entity
[22:00:50] [main/DEBUG] (FabricLoader/Mixin) Mixing AttachmentTargetsMixin from fabric-data-attachment-api-v1.mixins.json into net.minecraft.entity.Entity
[22:00:50] [main/DEBUG] (FabricLoader/Mixin) Renaming synthetic method lambda$fabric_readAttachmentsFromNbt$3(Lnet/minecraft/storage/ReadView;Lnet/fabricmc/fabric/api/attachment/v1/AttachmentType;Ljava/lang/Object;)V to mdffa551$fabric-data-attachment-api-v1$lambda$fabric_readAttachmentsFromNbt$3$0 in fabric-data-attachment-api-v1.mixins.json:AttachmentTargetsMixin from mod fabric-data-attachment-api-v1
[22:00:50] [main/DEBUG] (FabricLoader/Mixin) Renaming synthetic method lambda$onAttachedSet$2(Lnet/fabricmc/fabric/api/attachment/v1/AttachmentType;)Lnet/fabricmc/fabric/api/event/Event; to mdffa551$fabric-data-attachment-api-v1$lambda$onAttachedSet$2$1 in fabric-data-attachment-api-v1.mixins.json:AttachmentTargetsMixin from mod fabric-data-attachment-api-v1
[22:00:50] [main/DEBUG] (FabricLoader/Mixin) Renaming synthetic method lambda$onAttachedSet$1([Lnet/fabricmc/fabric/api/attachment/v1/AttachmentTarget$OnAttachedSet;)Lnet/fabricmc/fabric/api/attachment/v1/AttachmentTarget$OnAttachedSet; to mdffa551$fabric-data-attachment-api-v1$lambda$onAttachedSet$1$2 in fabric-data-attachment-api-v1.mixins.json:AttachmentTargetsMixin from mod fabric-data-attachment-api-v1
[22:00:50] [main/DEBUG] (FabricLoader/Mixin) Renaming synthetic method lambda$onAttachedSet$0([Lnet/fabricmc/fabric/api/attachment/v1/AttachmentTarget$OnAttachedSet;Ljava/lang/Object;Ljava/lang/Object;)V to mdffa551$fabric-data-attachment-api-v1$lambda$onAttachedSet$0$3 in fabric-data-attachment-api-v1.mixins.json:AttachmentTargetsMixin from mod fabric-data-attachment-api-v1
[22:00:50] [main/DEBUG] (FabricLoader/Mixin) Mixing EntityMixin from fabric-data-attachment-api-v1.mixins.json into net.minecraft.entity.Entity
[22:00:50] [main/DEBUG] (FabricLoader/Mixin) Renaming synthetic method lambda$fabric_syncChange$0(Lnet/fabricmc/fabric/api/attachment/v1/AttachmentSyncPredicate;Lnet/fabricmc/fabric/impl/attachment/sync/AttachmentChange;Lnet/minecraft/server/network/ServerPlayerEntity;)V to mdffa551$fabric-data-attachment-api-v1$lambda$fabric_syncChange$0$4 in fabric-data-attachment-api-v1.mixins.json:EntityMixin from mod fabric-data-attachment-api-v1
[22:00:50] [main/DEBUG] (FabricLoader/Mixin) fabric-data-attachment-api-v1.mixins.json:EntityMixin from mod fabric-data-attachment-api-v1->@Inject::readEntityAttachments(Lnet/minecraft/storage/ReadView;Lorg/spongepowered/asm/mixin/injection/callback/CallbackInfo;)V doesn't use it's CallbackInfo
[22:00:50] [main/DEBUG] (FabricLoader/Mixin) fabric-data-attachment-api-v1.mixins.json:EntityMixin from mod fabric-data-attachment-api-v1->@Inject::readEntityAttachments(Lnet/minecraft/storage/ReadView;Lorg/spongepowered/asm/mixin/injection/callback/CallbackInfo;)V has 0 override(s) in child classes
[22:00:50] [main/DEBUG] (FabricLoader/Mixin) fabric-data-attachment-api-v1.mixins.json:EntityMixin from mod fabric-data-attachment-api-v1->@Inject::readEntityAttachments(Lnet/minecraft/storage/ReadView;Lorg/spongepowered/asm/mixin/injection/callback/CallbackInfo;)V won't be passed a CallbackInfo as a result
[22:00:50] [main/DEBUG] (FabricLoader/Mixin) fabric-data-attachment-api-v1.mixins.json:EntityMixin from mod fabric-data-attachment-api-v1->@Inject::writeEntityAttachments(Lnet/minecraft/storage/WriteView;Lorg/spongepowered/asm/mixin/injection/callback/CallbackInfo;)V doesn't use it's CallbackInfo
[22:00:50] [main/DEBUG] (FabricLoader/Mixin) fabric-data-attachment-api-v1.mixins.json:EntityMixin from mod fabric-data-attachment-api-v1->@Inject::writeEntityAttachments(Lnet/minecraft/storage/WriteView;Lorg/spongepowered/asm/mixin/injection/callback/CallbackInfo;)V has 0 override(s) in child classes
[22:00:50] [main/DEBUG] (FabricLoader/Mixin) fabric-data-attachment-api-v1.mixins.json:EntityMixin from mod fabric-data-attachment-api-v1->@Inject::writeEntityAttachments(Lnet/minecraft/storage/WriteView;Lorg/spongepowered/asm/mixin/injection/callback/CallbackInfo;)V won't be passed a CallbackInfo as a result
[22:00:50] [main/DEBUG] (FabricLoader/Mixin) Mixing PlayerMixin from fabric-entity-events-v1.mixins.json into net.minecraft.entity.player.PlayerEntity
[22:00:50] [main/DEBUG] (FabricLoader/Mixin) fabric-entity-events-v1.mixins.json:PlayerMixin from mod fabric-entity-events-v1->@Inject::onTrySleep(Lnet/minecraft/util/math/BlockPos;Lorg/spongepowered/asm/mixin/injection/callback/CallbackInfoReturnable;)V does use it's CallbackInfoReturnable
[22:00:50] [main/DEBUG] (FabricLoader/Mixin) fabric-entity-events-v1.mixins.json:PlayerMixin from mod fabric-entity-events-v1->@Inject::onIsSleepingLongEnough(Lorg/spongepowered/asm/mixin/injection/callback/CallbackInfoReturnable;)V does use it's CallbackInfoReturnable
[22:00:50] [main/DEBUG] (FabricLoader/Mixin) Mixing LivingEntityMixin from fabric-entity-events-v1.mixins.json into net.minecraft.entity.LivingEntity
[22:00:50] [main/DEBUG] (FabricLoader/Mixin) Mixing effect.LivingEntityMixin from fabric-entity-events-v1.mixins.json into net.minecraft.entity.LivingEntity
[22:00:50] [main/DEBUG] (FabricLoader/Mixin) Mixing elytra.LivingEntityMixin from fabric-entity-events-v1.mixins.json into net.minecraft.entity.LivingEntity
[22:00:50] [main/DEBUG] (FabricLoader/Mixin) Mixing LivingEntityMixin from fabric-block-api-v1.mixins.json into net.minecraft.entity.LivingEntity
[22:00:50] [main/DEBUG] (FabricLoader/Mixin) Mixing LivingEntityMixin from fabric-lifecycle-events-v1.mixins.json into net.minecraft.entity.LivingEntity
[22:00:50] [main/DEBUG] (FabricLoader/Mixin) Mixing LivingEntityMixin from fabric-particles-v1.mixins.json into net.minecraft.entity.LivingEntity
[22:00:50] [main/DEBUG] (FabricLoader/Mixin) Mixing LivingEntityMixin from fabric-item-api-v1.mixins.json into net.minecraft.entity.LivingEntity
[22:00:50] [main/DEBUG] (FabricLoader/Mixin) fabric-entity-events-v1.mixins.json:LivingEntityMixin from mod fabric-entity-events-v1->@Inject::notifyDeath(Lnet/minecraft/entity/damage/DamageSource;Lorg/spongepowered/asm/mixin/injection/callback/CallbackInfo;)V doesn't use it's CallbackInfo
[22:00:50] [main/DEBUG] (FabricLoader/Mixin) fabric-entity-events-v1.mixins.json:LivingEntityMixin from mod fabric-entity-events-v1->@Inject::notifyDeath(Lnet/minecraft/entity/damage/DamageSource;Lorg/spongepowered/asm/mixin/injection/callback/CallbackInfo;)V has 0 override(s) in child classes
[22:00:50] [main/DEBUG] (FabricLoader/Mixin) fabric-entity-events-v1.mixins.json:LivingEntityMixin from mod fabric-entity-events-v1->@Inject::notifyDeath(Lnet/minecraft/entity/damage/DamageSource;Lorg/spongepowered/asm/mixin/injection/callback/CallbackInfo;)V won't be passed a CallbackInfo as a result
[22:00:50] [main/DEBUG] (FabricLoader/Mixin) fabric-entity-events-v1.mixins.json:LivingEntityMixin from mod fabric-entity-events-v1->@Inject::beforeDamage(Lnet/minecraft/server/world/ServerWorld;Lnet/minecraft/entity/damage/DamageSource;FLorg/spongepowered/asm/mixin/injection/callback/CallbackInfoReturnable;)V does use it's CallbackInfoReturnable
[22:00:50] [main/DEBUG] (FabricLoader/Mixin) fabric-entity-events-v1.mixins.json:LivingEntityMixin from mod fabric-entity-events-v1->@Inject::afterDamage(Lnet/minecraft/server/world/ServerWorld;Lnet/minecraft/entity/damage/DamageSource;FLorg/spongepowered/asm/mixin/injection/callback/CallbackInfoReturnable;)V doesn't use it's CallbackInfoReturnable
[22:00:50] [main/DEBUG] (FabricLoader/Mixin) fabric-entity-events-v1.mixins.json:LivingEntityMixin from mod fabric-entity-events-v1->@Inject::afterDamage(Lnet/minecraft/server/world/ServerWorld;Lnet/minecraft/entity/damage/DamageSource;FLorg/spongepowered/asm/mixin/injection/callback/CallbackInfoReturnable;)V has 0 override(s) in child classes
[22:00:50] [main/DEBUG] (FabricLoader/Mixin) fabric-entity-events-v1.mixins.json:LivingEntityMixin from mod fabric-entity-events-v1->@Inject::afterDamage(Lnet/minecraft/server/world/ServerWorld;Lnet/minecraft/entity/damage/DamageSource;FLorg/spongepowered/asm/mixin/injection/callback/CallbackInfoReturnable;)V won't be passed a CallbackInfoReturnable as a result
[22:00:50] [main/DEBUG] (FabricLoader/Mixin) fabric-entity-events-v1.mixins.json:LivingEntityMixin from mod fabric-entity-events-v1->@Inject::onSleep(Lnet/minecraft/util/math/BlockPos;Lorg/spongepowered/asm/mixin/injection/callback/CallbackInfo;)V doesn't use it's CallbackInfo
[22:00:50] [main/DEBUG] (FabricLoader/Mixin) fabric-entity-events-v1.mixins.json:LivingEntityMixin from mod fabric-entity-events-v1->@Inject::onSleep(Lnet/minecraft/util/math/BlockPos;Lorg/spongepowered/asm/mixin/injection/callback/CallbackInfo;)V has 0 override(s) in child classes
[22:00:50] [main/DEBUG] (FabricLoader/Mixin) fabric-entity-events-v1.mixins.json:LivingEntityMixin from mod fabric-entity-events-v1->@Inject::onSleep(Lnet/minecraft/util/math/BlockPos;Lorg/spongepowered/asm/mixin/injection/callback/CallbackInfo;)V won't be passed a CallbackInfo as a result
[22:00:50] [main/DEBUG] (FabricLoader/Mixin) fabric-entity-events-v1.mixins.json:LivingEntityMixin from mod fabric-entity-events-v1->@Inject::onWakeUp(Lorg/spongepowered/asm/mixin/injection/callback/CallbackInfo;)V doesn't use it's CallbackInfo
[22:00:50] [main/DEBUG] (FabricLoader/Mixin) fabric-entity-events-v1.mixins.json:LivingEntityMixin from mod fabric-entity-events-v1->@Inject::onWakeUp(Lorg/spongepowered/asm/mixin/injection/callback/CallbackInfo;)V has 0 override(s) in child classes
[22:00:50] [main/DEBUG] (FabricLoader/Mixin) fabric-entity-events-v1.mixins.json:LivingEntityMixin from mod fabric-entity-events-v1->@Inject::onWakeUp(Lorg/spongepowered/asm/mixin/injection/callback/CallbackInfo;)V won't be passed a CallbackInfo as a result
[22:00:50] [main/DEBUG] (FabricLoader/Mixin) fabric-entity-events-v1.mixins.json:LivingEntityMixin from mod fabric-entity-events-v1->@Inject::onIsSleepingInBed(Lnet/minecraft/util/math/BlockPos;Lorg/spongepowered/asm/mixin/injection/callback/CallbackInfoReturnable;)V does use it's CallbackInfoReturnable
[22:00:50] [main/DEBUG] (FabricLoader/Mixin) fabric-entity-events-v1.mixins.json:effect.LivingEntityMixin from mod fabric-entity-events-v1->@Inject::beforeAddEffect(Lnet/minecraft/entity/effect/StatusEffectInstance;Lnet/minecraft/entity/Entity;Lorg/spongepowered/asm/mixin/injection/callback/CallbackInfoReturnable;)V doesn't use it's CallbackInfoReturnable
[22:00:50] [main/DEBUG] (FabricLoader/Mixin) fabric-entity-events-v1.mixins.json:effect.LivingEntityMixin from mod fabric-entity-events-v1->@Inject::beforeAddEffect(Lnet/minecraft/entity/effect/StatusEffectInstance;Lnet/minecraft/entity/Entity;Lorg/spongepowered/asm/mixin/injection/callback/CallbackInfoReturnable;)V has 0 override(s) in child classes
[22:00:50] [main/DEBUG] (FabricLoader/Mixin) fabric-entity-events-v1.mixins.json:effect.LivingEntityMixin from mod fabric-entity-events-v1->@Inject::beforeAddEffect(Lnet/minecraft/entity/effect/StatusEffectInstance;Lnet/minecraft/entity/Entity;Lorg/spongepowered/asm/mixin/injection/callback/CallbackInfoReturnable;)V won't be passed a CallbackInfoReturnable as a result
[22:00:50] [main/DEBUG] (FabricLoader/Mixin) fabric-entity-events-v1.mixins.json:effect.LivingEntityMixin from mod fabric-entity-events-v1->@Inject::beforeForceAddEffect(Lnet/minecraft/entity/effect/StatusEffectInstance;Lnet/minecraft/entity/Entity;Lorg/spongepowered/asm/mixin/injection/callback/CallbackInfo;)V doesn't use it's CallbackInfo
[22:00:50] [main/DEBUG] (FabricLoader/Mixin) fabric-entity-events-v1.mixins.json:effect.LivingEntityMixin from mod fabric-entity-events-v1->@Inject::beforeForceAddEffect(Lnet/minecraft/entity/effect/StatusEffectInstance;Lnet/minecraft/entity/Entity;Lorg/spongepowered/asm/mixin/injection/callback/CallbackInfo;)V has 0 override(s) in child classes
[22:00:50] [main/DEBUG] (FabricLoader/Mixin) fabric-entity-events-v1.mixins.json:effect.LivingEntityMixin from mod fabric-entity-events-v1->@Inject::beforeForceAddEffect(Lnet/minecraft/entity/effect/StatusEffectInstance;Lnet/minecraft/entity/Entity;Lorg/spongepowered/asm/mixin/injection/callback/CallbackInfo;)V won't be passed a CallbackInfo as a result
[22:00:50] [main/DEBUG] (FabricLoader/Mixin) fabric-entity-events-v1.mixins.json:effect.LivingEntityMixin from mod fabric-entity-events-v1->@Inject::afterAddEffect(Lnet/minecraft/entity/effect/StatusEffectInstance;Lnet/minecraft/entity/Entity;Lorg/spongepowered/asm/mixin/injection/callback/CallbackInfo;)V doesn't use it's CallbackInfo
[22:00:50] [main/DEBUG] (FabricLoader/Mixin) fabric-entity-events-v1.mixins.json:effect.LivingEntityMixin from mod fabric-entity-events-v1->@Inject::afterAddEffect(Lnet/minecraft/entity/effect/StatusEffectInstance;Lnet/minecraft/entity/Entity;Lorg/spongepowered/asm/mixin/injection/callback/CallbackInfo;)V has 0 override(s) in child classes
[22:00:50] [main/DEBUG] (FabricLoader/Mixin) fabric-entity-events-v1.mixins.json:effect.LivingEntityMixin from mod fabric-entity-events-v1->@Inject::afterAddEffect(Lnet/minecraft/entity/effect/StatusEffectInstance;Lnet/minecraft/entity/Entity;Lorg/spongepowered/asm/mixin/injection/callback/CallbackInfo;)V won't be passed a CallbackInfo as a result
[22:00:50] [main/DEBUG] (FabricLoader/Mixin) fabric-entity-events-v1.mixins.json:effect.LivingEntityMixin from mod fabric-entity-events-v1->@Inject::beforeRemoveEffect(Lnet/minecraft/registry/entry/RegistryEntry;Lorg/spongepowered/asm/mixin/injection/callback/CallbackInfoReturnable;)V doesn't use it's CallbackInfoReturnable
[22:00:50] [main/DEBUG] (FabricLoader/Mixin) fabric-entity-events-v1.mixins.json:effect.LivingEntityMixin from mod fabric-entity-events-v1->@Inject::beforeRemoveEffect(Lnet/minecraft/registry/entry/RegistryEntry;Lorg/spongepowered/asm/mixin/injection/callback/CallbackInfoReturnable;)V has 0 override(s) in child classes
[22:00:50] [main/DEBUG] (FabricLoader/Mixin) fabric-entity-events-v1.mixins.json:effect.LivingEntityMixin from mod fabric-entity-events-v1->@Inject::beforeRemoveEffect(Lnet/minecraft/registry/entry/RegistryEntry;Lorg/spongepowered/asm/mixin/injection/callback/CallbackInfoReturnable;)V won't be passed a CallbackInfoReturnable as a result
[22:00:50] [main/DEBUG] (FabricLoader/Mixin) fabric-entity-events-v1.mixins.json:effect.LivingEntityMixin from mod fabric-entity-events-v1->@Inject::beforeExpireRemoveEffect(Lorg/spongepowered/asm/mixin/injection/callback/CallbackInfo;)V doesn't use it's CallbackInfo
[22:00:50] [main/DEBUG] (FabricLoader/Mixin) fabric-entity-events-v1.mixins.json:effect.LivingEntityMixin from mod fabric-entity-events-v1->@Inject::beforeExpireRemoveEffect(Lorg/spongepowered/asm/mixin/injection/callback/CallbackInfo;)V has 0 override(s) in child classes
[22:00:50] [main/DEBUG] (FabricLoader/Mixin) fabric-entity-events-v1.mixins.json:effect.LivingEntityMixin from mod fabric-entity-events-v1->@Inject::beforeExpireRemoveEffect(Lorg/spongepowered/asm/mixin/injection/callback/CallbackInfo;)V won't be passed a CallbackInfo as a result
[22:00:50] [main/DEBUG] (FabricLoader/Mixin) fabric-entity-events-v1.mixins.json:effect.LivingEntityMixin from mod fabric-entity-events-v1->@Inject::beforeRemoveAllEffects(Lorg/spongepowered/asm/mixin/injection/callback/CallbackInfoReturnable;)V doesn't use it's CallbackInfoReturnable
[22:00:50] [main/DEBUG] (FabricLoader/Mixin) fabric-entity-events-v1.mixins.json:effect.LivingEntityMixin from mod fabric-entity-events-v1->@Inject::beforeRemoveAllEffects(Lorg/spongepowered/asm/mixin/injection/callback/CallbackInfoReturnable;)V has 0 override(s) in child classes
[22:00:50] [main/DEBUG] (FabricLoader/Mixin) fabric-entity-events-v1.mixins.json:effect.LivingEntityMixin from mod fabric-entity-events-v1->@Inject::beforeRemoveAllEffects(Lorg/spongepowered/asm/mixin/injection/callback/CallbackInfoReturnable;)V won't be passed a CallbackInfoReturnable as a result
[22:00:50] [main/DEBUG] (FabricLoader/Mixin) fabric-entity-events-v1.mixins.json:effect.LivingEntityMixin from mod fabric-entity-events-v1->@Inject::afterRemoveEffect(Ljava/util/Collection;Lorg/spongepowered/asm/mixin/injection/callback/CallbackInfo;)V doesn't use it's CallbackInfo
[22:00:50] [main/DEBUG] (FabricLoader/Mixin) fabric-entity-events-v1.mixins.json:effect.LivingEntityMixin from mod fabric-entity-events-v1->@Inject::afterRemoveEffect(Ljava/util/Collection;Lorg/spongepowered/asm/mixin/injection/callback/CallbackInfo;)V has 0 override(s) in child classes
[22:00:50] [main/DEBUG] (FabricLoader/Mixin) fabric-entity-events-v1.mixins.json:effect.LivingEntityMixin from mod fabric-entity-events-v1->@Inject::afterRemoveEffect(Ljava/util/Collection;Lorg/spongepowered/asm/mixin/injection/callback/CallbackInfo;)V won't be passed a CallbackInfo as a result
[22:00:50] [main/DEBUG] (FabricLoader/Mixin) fabric-entity-events-v1.mixins.json:effect.LivingEntityMixin from mod fabric-entity-events-v1->@Inject::afterRemoveEffect(Ljava/util/Collection;Lorg/spongepowered/asm/mixin/injection/callback/CallbackInfo;)V doesn't use it's CallbackInfo
[22:00:50] [main/DEBUG] (FabricLoader/Mixin) fabric-entity-events-v1.mixins.json:effect.LivingEntityMixin from mod fabric-entity-events-v1->@Inject::afterRemoveEffect(Ljava/util/Collection;Lorg/spongepowered/asm/mixin/injection/callback/CallbackInfo;)V has 0 override(s) in child classes
[22:00:50] [main/DEBUG] (FabricLoader/Mixin) fabric-entity-events-v1.mixins.json:effect.LivingEntityMixin from mod fabric-entity-events-v1->@Inject::afterRemoveEffect(Ljava/util/Collection;Lorg/spongepowered/asm/mixin/injection/callback/CallbackInfo;)V won't be passed a CallbackInfo as a result
[22:00:50] [main/DEBUG] (FabricLoader/Mixin) fabric-entity-events-v1.mixins.json:elytra.LivingEntityMixin from mod fabric-entity-events-v1->@Inject::injectElytraTick(Lorg/spongepowered/asm/mixin/injection/callback/CallbackInfo;)V does use it's CallbackInfo
[22:00:50] [main/DEBUG] (FabricLoader/Mixin) fabric-entity-events-v1.mixins.json:elytra.LivingEntityMixin from mod fabric-entity-events-v1->@Inject::injectElytraCheck(Lorg/spongepowered/asm/mixin/injection/callback/CallbackInfoReturnable;)V does use it's CallbackInfoReturnable
[22:00:50] [main/DEBUG] (FabricLoader/Mixin) fabric-block-api-v1.mixins.json:LivingEntityMixin from mod fabric-block-api-v1->@Inject::allowTaggedBlocksForTrapdoorClimbing(Lnet/minecraft/util/math/BlockPos;Lnet/minecraft/block/BlockState;Lorg/spongepowered/asm/mixin/injection/callback/CallbackInfoReturnable;)V does use it's CallbackInfoReturnable
[22:00:50] [main/DEBUG] (FabricLoader/Mixin) fabric-lifecycle-events-v1.mixins.json:LivingEntityMixin from mod fabric-lifecycle-events-v1->@Inject::getEquipmentChanges(Lorg/spongepowered/asm/mixin/injection/callback/CallbackInfoReturnable;)V doesn't use it's CallbackInfoReturnable
[22:00:50] [main/DEBUG] (FabricLoader/Mixin) fabric-lifecycle-events-v1.mixins.json:LivingEntityMixin from mod fabric-lifecycle-events-v1->@Inject::getEquipmentChanges(Lorg/spongepowered/asm/mixin/injection/callback/CallbackInfoReturnable;)V has 0 override(s) in child classes
[22:00:50] [main/DEBUG] (FabricLoader/Mixin) fabric-lifecycle-events-v1.mixins.json:LivingEntityMixin from mod fabric-lifecycle-events-v1->@Inject::getEquipmentChanges(Lorg/spongepowered/asm/mixin/injection/callback/CallbackInfoReturnable;)V won't be passed a CallbackInfoReturnable as a result
[22:00:50] [main/DEBUG] (FabricLoader/Mixin) fabric-item-api-v1.mixins.json:LivingEntityMixin from mod fabric-item-api-v1->@Inject::onGetPreferredEquipmentSlot(Lnet/minecraft/item/ItemStack;Lorg/spongepowered/asm/mixin/injection/callback/CallbackInfoReturnable;)V does use it's CallbackInfoReturnable
[22:00:50] [main/DEBUG] (FabricLoader/Mixin) Mixing LevelReaderMixin from fabric-block-view-api-v2.mixins.json into net.minecraft.world.WorldView
[22:00:50] [main/DEBUG] (FabricLoader/Mixin) Mixing LevelMixin from fabric-lifecycle-events-v1.mixins.json into net.minecraft.world.World
[22:00:50] [main/DEBUG] (FabricLoader/Mixin) Mixing AttachmentTargetsMixin from fabric-data-attachment-api-v1.mixins.json into net.minecraft.world.World
[22:00:50] [main/DEBUG] (FabricLoader/Mixin) Mixing LevelMixin from fabric-data-attachment-api-v1.mixins.json into net.minecraft.world.World
[22:00:50] [main/DEBUG] (FabricLoader/Mixin) Mixing ServerLevelMixin from fabric-lifecycle-events-v1.mixins.json into net.minecraft.server.world.ServerWorld
[22:00:50] [main/DEBUG] (FabricLoader/Mixin) Mixing ServerLevelMixin from fabric-api-lookup-api-v1.mixins.json into net.minecraft.server.world.ServerWorld
[22:00:50] [main/DEBUG] (FabricLoader/Mixin) Renaming synthetic method lambda$fabric_invalidateCache$5(Ljava/util/Map$Entry;)Z to mdffa551$fabric-api-lookup-api-v1$lambda$fabric_invalidateCache$5$0 in fabric-api-lookup-api-v1.mixins.json:ServerLevelMixin from mod fabric-api-lookup-api-v1
[22:00:50] [main/DEBUG] (FabricLoader/Mixin) Renaming synthetic method lambda$fabric_invalidateCache$4(Ljava/lang/ref/WeakReference;)Z to mdffa551$fabric-api-lookup-api-v1$lambda$fabric_invalidateCache$4$1 in fabric-api-lookup-api-v1.mixins.json:ServerLevelMixin from mod fabric-api-lookup-api-v1
[22:00:50] [main/DEBUG] (FabricLoader/Mixin) Renaming synthetic method lambda$fabric_invalidateCache$3(Ljava/lang/ref/WeakReference;)V to mdffa551$fabric-api-lookup-api-v1$lambda$fabric_invalidateCache$3$2 in fabric-api-lookup-api-v1.mixins.json:ServerLevelMixin from mod fabric-api-lookup-api-v1
[22:00:50] [main/DEBUG] (FabricLoader/Mixin) Renaming synthetic method lambda$fabric_invalidateCache$2(Ljava/lang/ref/WeakReference;)Z to mdffa551$fabric-api-lookup-api-v1$lambda$fabric_invalidateCache$2$3 in fabric-api-lookup-api-v1.mixins.json:ServerLevelMixin from mod fabric-api-lookup-api-v1
[22:00:50] [main/DEBUG] (FabricLoader/Mixin) Renaming synthetic method lambda$fabric_registerCache$1(Ljava/lang/ref/WeakReference;)Z to mdffa551$fabric-api-lookup-api-v1$lambda$fabric_registerCache$1$4 in fabric-api-lookup-api-v1.mixins.json:ServerLevelMixin from mod fabric-api-lookup-api-v1
[22:00:50] [main/DEBUG] (FabricLoader/Mixin) Renaming synthetic method lambda$fabric_registerCache$0(Lnet/minecraft/util/math/BlockPos;)Ljava/util/List; to mdffa551$fabric-api-lookup-api-v1$lambda$fabric_registerCache$0$5 in fabric-api-lookup-api-v1.mixins.json:ServerLevelMixin from mod fabric-api-lookup-api-v1
[22:00:50] [main/DEBUG] (FabricLoader/Mixin) Mixing ServerLevelMixin from fabric-data-attachment-api-v1.mixins.json into net.minecraft.server.world.ServerWorld
[22:00:50] [main/DEBUG] (FabricLoader/Mixin) Discarding sythetic bridge method synthetic in getEnvironmentAttributes because existing method in fabric-data-attachment-api-v1.mixins.json:ServerLevelMixin from mod fabric-data-attachment-api-v1 is compatible
[22:00:50] [main/DEBUG] (FabricLoader/Mixin) Renaming synthetic method lambda$fabric_syncChange$1(Lnet/fabricmc/fabric/api/attachment/v1/AttachmentType;Lnet/fabricmc/fabric/impl/attachment/sync/AttachmentChange;Lnet/minecraft/server/network/ServerPlayerEntity;)V to mdffa551$fabric-data-attachment-api-v1$lambda$fabric_syncChange$1$6 in fabric-data-attachment-api-v1.mixins.json:ServerLevelMixin from mod fabric-data-attachment-api-v1
[22:00:50] [main/DEBUG] (FabricLoader/Mixin) Renaming synthetic method lambda$createAttachmentsPersistentState$0(Lnet/minecraft/server/world/ServerWorld;)Lnet/fabricmc/fabric/impl/attachment/AttachmentPersistentState; to mdffa551$fabric-data-attachment-api-v1$lambda$createAttachmentsPersistentState$0$7 in fabric-data-attachment-api-v1.mixins.json:ServerLevelMixin from mod fabric-data-attachment-api-v1
[22:00:50] [main/DEBUG] (FabricLoader/Mixin) fabric-lifecycle-events-v1.mixins.json:ServerLevelMixin from mod fabric-lifecycle-events-v1->@Inject::startWorldTick(Ljava/util/function/BooleanSupplier;Lorg/spongepowered/asm/mixin/injection/callback/CallbackInfo;)V doesn't use it's CallbackInfo
[22:00:50] [main/DEBUG] (FabricLoader/Mixin) fabric-lifecycle-events-v1.mixins.json:ServerLevelMixin from mod fabric-lifecycle-events-v1->@Inject::startWorldTick(Ljava/util/function/BooleanSupplier;Lorg/spongepowered/asm/mixin/injection/callback/CallbackInfo;)V has 0 override(s) in child classes
[22:00:50] [main/DEBUG] (FabricLoader/Mixin) fabric-lifecycle-events-v1.mixins.json:ServerLevelMixin from mod fabric-lifecycle-events-v1->@Inject::startWorldTick(Ljava/util/function/BooleanSupplier;Lorg/spongepowered/asm/mixin/injection/callback/CallbackInfo;)V won't be passed a CallbackInfo as a result
[22:00:50] [main/DEBUG] (FabricLoader/Mixin) fabric-lifecycle-events-v1.mixins.json:ServerLevelMixin from mod fabric-lifecycle-events-v1->@Inject::endWorldTick(Ljava/util/function/BooleanSupplier;Lorg/spongepowered/asm/mixin/injection/callback/CallbackInfo;)V doesn't use it's CallbackInfo
[22:00:50] [main/DEBUG] (FabricLoader/Mixin) fabric-lifecycle-events-v1.mixins.json:ServerLevelMixin from mod fabric-lifecycle-events-v1->@Inject::endWorldTick(Ljava/util/function/BooleanSupplier;Lorg/spongepowered/asm/mixin/injection/callback/CallbackInfo;)V has 0 override(s) in child classes
[22:00:50] [main/DEBUG] (FabricLoader/Mixin) fabric-lifecycle-events-v1.mixins.json:ServerLevelMixin from mod fabric-lifecycle-events-v1->@Inject::endWorldTick(Ljava/util/function/BooleanSupplier;Lorg/spongepowered/asm/mixin/injection/callback/CallbackInfo;)V won't be passed a CallbackInfo as a result
[22:00:50] [main/DEBUG] (FabricLoader/Mixin) fabric-data-attachment-api-v1.mixins.json:ServerLevelMixin from mod fabric-data-attachment-api-v1->@Inject::createAttachmentsPersistentState(Lorg/spongepowered/asm/mixin/injection/callback/CallbackInfo;)V doesn't use it's CallbackInfo
[22:00:50] [main/DEBUG] (FabricLoader/Mixin) fabric-data-attachment-api-v1.mixins.json:ServerLevelMixin from mod fabric-data-attachment-api-v1->@Inject::createAttachmentsPersistentState(Lorg/spongepowered/asm/mixin/injection/callback/CallbackInfo;)V has 0 override(s) in child classes
[22:00:50] [main/DEBUG] (FabricLoader/Mixin) fabric-data-attachment-api-v1.mixins.json:ServerLevelMixin from mod fabric-data-attachment-api-v1->@Inject::createAttachmentsPersistentState(Lorg/spongepowered/asm/mixin/injection/callback/CallbackInfo;)V won't be passed a CallbackInfo as a result
[22:00:50] [main/DEBUG] (FabricLoader/Mixin) Mixing BlockStateMixin from fabric-block-api-v1.mixins.json into net.minecraft.block.BlockState
[22:00:50] [main/DEBUG] (FabricLoader/Mixin) Mixing BlockBehaviourBlockStateBaseMixin from fabric-events-interaction-v0.mixins.json into net.minecraft.block.AbstractBlock$AbstractBlockState
[22:00:50] [main/DEBUG] (FabricLoader/Mixin) Mixing BlockBehaviourBlockStateBaseMixin from fabric-content-registries-v0.mixins.json into net.minecraft.block.AbstractBlock$AbstractBlockState
[22:00:50] [main/DEBUG] (FabricLoader/Mixin) fabric-events-interaction-v0.mixins.json:BlockBehaviourBlockStateBaseMixin from mod fabric-events-interaction-v0->@Inject::callUseItemOnEvent(Lnet/minecraft/item/ItemStack;Lnet/minecraft/world/World;Lnet/minecraft/entity/player/PlayerEntity;Lnet/minecraft/util/Hand;Lnet/minecraft/util/hit/BlockHitResult;Lorg/spongepowered/asm/mixin/injection/callback/CallbackInfoReturnable;)V does use it's CallbackInfoReturnable
[22:00:50] [main/DEBUG] (FabricLoader/Mixin) fabric-events-interaction-v0.mixins.json:BlockBehaviourBlockStateBaseMixin from mod fabric-events-interaction-v0->@Inject::callUseWithoutItemEvent(Lnet/minecraft/world/World;Lnet/minecraft/entity/player/PlayerEntity;Lnet/minecraft/util/hit/BlockHitResult;Lorg/spongepowered/asm/mixin/injection/callback/CallbackInfoReturnable;)V does use it's CallbackInfoReturnable
[22:00:50] [main/DEBUG] (FabricLoader/Mixin) Mixing IdMapperMixin from fabric-registry-sync-v0.mixins.json into net.minecraft.util.collection.IdList
[22:00:50] [main/DEBUG] (FabricLoader/Mixin) Renaming synthetic method lambda$fabric_remapIds$0(Lit/unimi/dsi/fastutil/ints/Int2IntMap;Ljava/lang/Object;Ljava/lang/Integer;)Ljava/lang/Integer; to mdffa551$fabric-registry-sync-v0$lambda$fabric_remapIds$0$0 in fabric-registry-sync-v0.mixins.json:IdMapperMixin from mod fabric-registry-sync-v0
[22:00:50] [main/DEBUG] (FabricLoader/Mixin) Mixing RegistryFriendlyByteBufMixin from fabric-networking-api-v1.mixins.json into net.minecraft.network.RegistryByteBuf
[22:00:50] [main/DEBUG] (FabricLoader/Mixin) Mixing FriendlyByteBufMixin from fabric-networking-api-v1.mixins.json into net.minecraft.network.PacketByteBuf
[22:00:51] [main/DEBUG] (FabricLoader/Mixin) Mixing BlocksMixin from fabric-registry-sync-v0.mixins.json into net.minecraft.block.Blocks
[22:00:51] [main/DEBUG] (FabricLoader/Mixin) Renaming synthetic method lambda$initShapeCache$0(ILnet/minecraft/util/Identifier;Lnet/minecraft/block/Block;)V to mdffa551$fabric-registry-sync-v0$lambda$initShapeCache$0$0 in fabric-registry-sync-v0.mixins.json:BlocksMixin from mod fabric-registry-sync-v0
[22:00:51] [main/DEBUG] (FabricLoader/Mixin) fabric-registry-sync-v0.mixins.json:BlocksMixin from mod fabric-registry-sync-v0->@Inject::initShapeCache(Lorg/spongepowered/asm/mixin/injection/callback/CallbackInfo;)V doesn't use it's CallbackInfo
[22:00:51] [main/DEBUG] (FabricLoader/Mixin) Mixing WeatheringCopperMixin from fabric-content-registries-v0.mixins.json into net.minecraft.block.Oxidizable
[22:00:51] [main/DEBUG] (FabricLoader/Mixin) fabric-content-registries-v0.mixins.json:WeatheringCopperMixin from mod fabric-content-registries-v0->@Inject::createOxidationLevelIncreasesMap(Lorg/spongepowered/asm/mixin/injection/callback/CallbackInfoReturnable;)V does use it's CallbackInfoReturnable
[22:00:51] [main/DEBUG] (FabricLoader/Mixin) Mixing EntityTypeMixin from fabric-object-builder-v1.mixins.json into net.minecraft.entity.EntityType
[22:00:51] [main/DEBUG] (FabricLoader/Mixin) fabric-object-builder-v1.mixins.json:EntityTypeMixin from mod fabric-object-builder-api-v1->@Inject::onAlwaysUpdateVelocity(Lorg/spongepowered/asm/mixin/injection/callback/CallbackInfoReturnable;)V does use it's CallbackInfoReturnable
[22:00:51] [main/DEBUG] (FabricLoader/Mixin) fabric-object-builder-v1.mixins.json:EntityTypeMixin from mod fabric-object-builder-api-v1->@Inject::onCanPotentiallyExecuteCommands(Lorg/spongepowered/asm/mixin/injection/callback/CallbackInfoReturnable;)V does use it's CallbackInfoReturnable
[22:00:51] [main/DEBUG] (FabricLoader/Mixin) Mixing FluidMixin from fabric-transfer-api-v1.mixins.json into net.minecraft.fluid.Fluid
[22:00:51] [main/DEBUG] (FabricLoader/Mixin) fabric-transfer-api-v1.mixins.json:FluidMixin from mod fabric-transfer-api-v1->@Inject::hookGetBucketFillSound(Lorg/spongepowered/asm/mixin/injection/callback/CallbackInfoReturnable;)V does use it's CallbackInfoReturnable
[22:00:51] [main/DEBUG] (FabricLoader/Mixin) Mixing DataComponentMapBuilderMixin from fabric-item-api-v1.mixins.json into net.minecraft.component.ComponentMap$Builder
[22:00:51] [main/DEBUG] (FabricLoader/Mixin) Mixing AttachmentTargetsMixin from fabric-data-attachment-api-v1.mixins.json into net.minecraft.block.entity.BlockEntity
[22:00:51] [main/DEBUG] (FabricLoader/Mixin) Mixing BlockEntityMixin from fabric-data-attachment-api-v1.mixins.json into net.minecraft.block.entity.BlockEntity
[22:00:51] [main/DEBUG] (FabricLoader/Mixin) Renaming synthetic method lambda$fabric_syncChange$0(Lnet/fabricmc/fabric/api/attachment/v1/AttachmentType;Lnet/fabricmc/fabric/impl/attachment/sync/AttachmentChange;Lnet/minecraft/server/network/ServerPlayerEntity;)V to mdffa551$fabric-data-attachment-api-v1$lambda$fabric_syncChange$0$0 in fabric-data-attachment-api-v1.mixins.json:BlockEntityMixin from mod fabric-data-attachment-api-v1
[22:00:51] [main/DEBUG] (FabricLoader/Mixin) Mixing BlockEntityMixin from fabric-block-view-api-v2.mixins.json into net.minecraft.block.entity.BlockEntity
[22:00:51] [main/DEBUG] (FabricLoader/Mixin) fabric-data-attachment-api-v1.mixins.json:BlockEntityMixin from mod fabric-data-attachment-api-v1->@Inject::readBlockEntityAttachments(Lnet/minecraft/storage/ReadView;Lorg/spongepowered/asm/mixin/injection/callback/CallbackInfo;)V doesn't use it's CallbackInfo
[22:00:51] [main/DEBUG] (FabricLoader/Mixin) fabric-data-attachment-api-v1.mixins.json:BlockEntityMixin from mod fabric-data-attachment-api-v1->@Inject::readBlockEntityAttachments(Lnet/minecraft/storage/ReadView;Lorg/spongepowered/asm/mixin/injection/callback/CallbackInfo;)V has 0 override(s) in child classes
[22:00:51] [main/DEBUG] (FabricLoader/Mixin) fabric-data-attachment-api-v1.mixins.json:BlockEntityMixin from mod fabric-data-attachment-api-v1->@Inject::readBlockEntityAttachments(Lnet/minecraft/storage/ReadView;Lorg/spongepowered/asm/mixin/injection/callback/CallbackInfo;)V won't be passed a CallbackInfo as a result
[22:00:51] [main/DEBUG] (FabricLoader/Mixin) fabric-data-attachment-api-v1.mixins.json:BlockEntityMixin from mod fabric-data-attachment-api-v1->@Inject::writeBlockEntityAttachments(Lnet/minecraft/storage/WriteView;Lorg/spongepowered/asm/mixin/injection/callback/CallbackInfo;)V doesn't use it's CallbackInfo
[22:00:51] [main/DEBUG] (FabricLoader/Mixin) fabric-data-attachment-api-v1.mixins.json:BlockEntityMixin from mod fabric-data-attachment-api-v1->@Inject::writeBlockEntityAttachments(Lnet/minecraft/storage/WriteView;Lorg/spongepowered/asm/mixin/injection/callback/CallbackInfo;)V has 0 override(s) in child classes
[22:00:51] [main/DEBUG] (FabricLoader/Mixin) fabric-data-attachment-api-v1.mixins.json:BlockEntityMixin from mod fabric-data-attachment-api-v1->@Inject::writeBlockEntityAttachments(Lnet/minecraft/storage/WriteView;Lorg/spongepowered/asm/mixin/injection/callback/CallbackInfo;)V won't be passed a CallbackInfo as a result
[22:00:51] [main/DEBUG] (FabricLoader/Mixin) Mixing BlockParticleOptionMixin from fabric-particles-v1.mixins.json into net.minecraft.particle.BlockStateParticleEffect
[22:00:51] [main/DEBUG] (FabricLoader/Mixin) Mixing MenuProviderMixin from fabric-screen-handler-api-v1.mixins.json into net.minecraft.screen.NamedScreenHandlerFactory
[22:00:51] [main/DEBUG] (FabricLoader/Mixin) Mixing BaseContainerBlockEntityMixin from fabric-transfer-api-v1.mixins.json into net.minecraft.block.entity.LockableContainerBlockEntity
[22:00:51] [main/DEBUG] (FabricLoader/Mixin) Mixing DetectorRailBlockMixin from fabric-object-builder-v1.mixins.json into net.minecraft.block.DetectorRailBlock
[22:00:51] [main/DEBUG] (FabricLoader/Mixin) Renaming synthetic method lambda$getCustomComparatorOutput$0(Lnet/minecraft/entity/Entity;)Z to mdffa551$fabric-object-builder-api-v1$lambda$getCustomComparatorOutput$0$0 in fabric-object-builder-v1.mixins.json:DetectorRailBlockMixin from mod fabric-object-builder-api-v1
[22:00:51] [main/DEBUG] (FabricLoader/Mixin) fabric-object-builder-v1.mixins.json:DetectorRailBlockMixin from mod fabric-object-builder-api-v1->@Inject::getCustomComparatorOutput(Lnet/minecraft/block/BlockState;Lnet/minecraft/world/World;Lnet/minecraft/util/math/BlockPos;Lnet/minecraft/util/math/Direction;Lorg/spongepowered/asm/mixin/injection/callback/CallbackInfoReturnable;)V does use it's CallbackInfoReturnable
[22:00:51] [main/DEBUG] (FabricLoader/Mixin) Mixing MobMixin from fabric-entity-events-v1.mixins.json into net.minecraft.entity.mob.MobEntity
[22:00:51] [main/DEBUG] (FabricLoader/Mixin) Mixing ChiseledBookShelfBlockEntityMixin from fabric-transfer-api-v1.mixins.json into net.minecraft.block.entity.ChiseledBookshelfBlockEntity
[22:00:51] [main/DEBUG] (FabricLoader/Mixin) fabric-transfer-api-v1.mixins.json:ChiseledBookShelfBlockEntityMixin from mod fabric-transfer-api-v1->@Inject::setStackBypass(ILnet/minecraft/item/ItemStack;Lorg/spongepowered/asm/mixin/injection/callback/CallbackInfo;)V does use it's CallbackInfo
[22:00:51] [main/DEBUG] (FabricLoader/Mixin) Mixing ListBackedContainerMixin from fabric-transfer-api-v1.mixins.json into net.minecraft.inventory.ListInventory
[22:00:51] [main/DEBUG] (FabricLoader/Mixin) Mixing ShelfBlockEntityMixin from fabric-transfer-api-v1.mixins.json into net.minecraft.block.entity.ShelfBlockEntity
[22:00:51] [main/DEBUG] (FabricLoader/Mixin) Mixing BlockEntityTypeMixin from fabric-object-builder-v1.mixins.json into net.minecraft.block.entity.BlockEntityType
[22:00:51] [main/DEBUG] (FabricLoader/Mixin) Mixing BlockEntityTypeAccessor from fabric-api-lookup-api-v1.mixins.json into net.minecraft.block.entity.BlockEntityType
[22:00:51] [main/DEBUG] (FabricLoader/Mixin) fabric-object-builder-v1.mixins.json:BlockEntityTypeMixin from mod fabric-object-builder-api-v1->@Inject::mutableBlocks(Lnet/minecraft/block/entity/BlockEntityType$BlockEntityFactory;Ljava/util/Set;Lorg/spongepowered/asm/mixin/injection/callback/CallbackInfo;)V doesn't use it's CallbackInfo
[22:00:51] [main/DEBUG] (FabricLoader/Mixin) fabric-object-builder-v1.mixins.json:BlockEntityTypeMixin from mod fabric-object-builder-api-v1->@Inject::mutableBlocks(Lnet/minecraft/block/entity/BlockEntityType$BlockEntityFactory;Ljava/util/Set;Lorg/spongepowered/asm/mixin/injection/callback/CallbackInfo;)V has 0 override(s) in child classes
[22:00:51] [main/DEBUG] (FabricLoader/Mixin) fabric-object-builder-v1.mixins.json:BlockEntityTypeMixin from mod fabric-object-builder-api-v1->@Inject::mutableBlocks(Lnet/minecraft/block/entity/BlockEntityType$BlockEntityFactory;Ljava/util/Set;Lorg/spongepowered/asm/mixin/injection/callback/CallbackInfo;)V won't be passed a CallbackInfo as a result
[22:00:51] [main/DEBUG] (FabricLoader/Mixin) Mixing AbstractFurnaceBlockEntityMixin from fabric-transfer-api-v1.mixins.json into net.minecraft.block.entity.AbstractFurnaceBlockEntity
[22:00:51] [main/DEBUG] (FabricLoader/Mixin) Mixing AbstractFurnaceBlockEntityMixin from fabric-item-api-v1.mixins.json into net.minecraft.block.entity.AbstractFurnaceBlockEntity
[22:00:51] [main/DEBUG] (FabricLoader/Mixin) fabric-transfer-api-v1.mixins.json:AbstractFurnaceBlockEntityMixin from mod fabric-transfer-api-v1->@Inject::setStackSuppressUpdate(ILnet/minecraft/item/ItemStack;Lorg/spongepowered/asm/mixin/injection/callback/CallbackInfo;)V does use it's CallbackInfo
[22:00:51] [main/DEBUG] (FabricLoader/Mixin) fabric-item-api-v1.mixins.json:AbstractFurnaceBlockEntityMixin from mod fabric-item-api-v1->@Inject::getStackRemainder(Lnet/minecraft/server/world/ServerWorld;Lnet/minecraft/util/math/BlockPos;Lnet/minecraft/block/BlockState;Lnet/minecraft/block/entity/AbstractFurnaceBlockEntity;Lorg/spongepowered/asm/mixin/injection/callback/CallbackInfo;)V doesn't use it's CallbackInfo
[22:00:51] [main/DEBUG] (FabricLoader/Mixin) Mixing WoodTypeMixin from fabric-object-builder-v1.client.mixins.json into net.minecraft.block.WoodType
[22:00:51] [main/DEBUG] (FabricLoader/Mixin) fabric-object-builder-v1.client.mixins.json:WoodTypeMixin from mod fabric-object-builder-api-v1->@Inject::onReturnRegister(Lnet/minecraft/block/WoodType;Lorg/spongepowered/asm/mixin/injection/callback/CallbackInfoReturnable;)V doesn't use it's CallbackInfoReturnable
[22:00:51] [main/DEBUG] (FabricLoader/Mixin) Mixing JukeboxBlockEntityMixin from fabric-transfer-api-v1.mixins.json into net.minecraft.block.entity.JukeboxBlockEntity
[22:00:51] [main/DEBUG] (FabricLoader/Mixin) fabric-transfer-api-v1.mixins.json:JukeboxBlockEntityMixin from mod fabric-transfer-api-v1->@Inject::setStackBypass(Lnet/minecraft/item/ItemStack;Lorg/spongepowered/asm/mixin/injection/callback/CallbackInfo;)V does use it's CallbackInfo
[22:00:51] [main/DEBUG] (FabricLoader/Mixin) Mixing BrewingStandBlockEntityMixin from fabric-item-api-v1.mixins.json into net.minecraft.block.entity.BrewingStandBlockEntity
[22:00:51] [main/DEBUG] (FabricLoader/Mixin) fabric-item-api-v1.mixins.json:BrewingStandBlockEntityMixin from mod fabric-item-api-v1->@Inject::captureItemStack(Lnet/minecraft/world/World;Lnet/minecraft/util/math/BlockPos;Lnet/minecraft/util/collection/DefaultedList;Lorg/spongepowered/asm/mixin/injection/callback/CallbackInfo;)V doesn't use it's CallbackInfo
[22:00:51] [main/DEBUG] (FabricLoader/Mixin) Mixing ItemStackMixin from fabric-events-interaction-v0.mixins.json into net.minecraft.item.ItemStack
[22:00:51] [main/DEBUG] (FabricLoader/Mixin) Mixing ItemStackMixin from fabric-item-api-v1.mixins.json into net.minecraft.item.ItemStack
[22:00:51] [main/DEBUG] (FabricLoader/Mixin) Renaming synthetic method lambda$hookDamage$0(Lorg/apache/commons/lang3/mutable/MutableBoolean;Ljava/util/function/Consumer;)V to mdffa551$fabric-item-api-v1$lambda$hookDamage$0$0 in fabric-item-api-v1.mixins.json:ItemStackMixin from mod fabric-item-api-v1
[22:00:51] [main/DEBUG] (FabricLoader/Mixin) Mixing ItemStackMixin from fabric-item-api-v1.client.mixins.json into net.minecraft.item.ItemStack
[22:00:51] [main/DEBUG] (FabricLoader/Mixin) fabric-item-api-v1.mixins.json:ItemStackMixin from mod fabric-item-api-v1->@Inject::preAttributeModifiers(Lnet/minecraft/item/Item$TooltipContext;Lnet/minecraft/component/type/TooltipDisplayComponent;Lnet/minecraft/entity/player/PlayerEntity;Lnet/minecraft/item/tooltip/TooltipType;Ljava/util/function/Consumer;Lorg/spongepowered/asm/mixin/injection/callback/CallbackInfo;)V doesn't use it's CallbackInfo
[22:00:51] [main/DEBUG] (FabricLoader/Mixin) fabric-item-api-v1.mixins.json:ItemStackMixin from mod fabric-item-api-v1->@Inject::postTooltipsAdvanced(Lnet/minecraft/item/Item$TooltipContext;Lnet/minecraft/component/type/TooltipDisplayComponent;Lnet/minecraft/entity/player/PlayerEntity;Lnet/minecraft/item/tooltip/TooltipType;Ljava/util/function/Consumer;Lorg/spongepowered/asm/mixin/injection/callback/CallbackInfo;)V doesn't use it's CallbackInfo
[22:00:51] [main/DEBUG] (FabricLoader/Mixin) fabric-item-api-v1.client.mixins.json:ItemStackMixin from mod fabric-item-api-v1->@Inject::getTooltip(Lnet/minecraft/item/Item$TooltipContext;Lnet/minecraft/entity/player/PlayerEntity;Lnet/minecraft/item/tooltip/TooltipType;Lorg/spongepowered/asm/mixin/injection/callback/CallbackInfoReturnable;)V does use it's CallbackInfoReturnable
[22:00:51] [main/DEBUG] (FabricLoader/Mixin) Mixing AnvilMenuMixin from fabric-item-api-v1.mixins.json into net.minecraft.screen.AnvilScreenHandler
[22:00:51] [main/DEBUG] (FabricLoader/Mixin) Mixing HopperBlockEntityMixin from fabric-transfer-api-v1.mixins.json into net.minecraft.block.entity.HopperBlockEntity
[22:00:51] [main/DEBUG] (FabricLoader/Mixin) Renaming synthetic method lambda$hookExtract$1(Lnet/fabricmc/fabric/api/transfer/v1/item/ItemVariant;)Z to mdffa551$fabric-transfer-api-v1$lambda$hookExtract$1$0 in fabric-transfer-api-v1.mixins.json:HopperBlockEntityMixin from mod fabric-transfer-api-v1
[22:00:51] [main/DEBUG] (FabricLoader/Mixin) Renaming synthetic method lambda$hookInsert$0(Lnet/fabricmc/fabric/api/transfer/v1/item/ItemVariant;)Z to mdffa551$fabric-transfer-api-v1$lambda$hookInsert$0$1 in fabric-transfer-api-v1.mixins.json:HopperBlockEntityMixin from mod fabric-transfer-api-v1
[22:00:51] [main/DEBUG] (FabricLoader/Mixin) fabric-transfer-api-v1.mixins.json:HopperBlockEntityMixin from mod fabric-transfer-api-v1->@Inject::hookInsert(Lnet/minecraft/world/World;Lnet/minecraft/util/math/BlockPos;Lnet/minecraft/block/entity/HopperBlockEntity;Lorg/spongepowered/asm/mixin/injection/callback/CallbackInfoReturnable;)V does use it's CallbackInfoReturnable
[22:00:51] [main/DEBUG] (FabricLoader/Mixin) fabric-transfer-api-v1.mixins.json:HopperBlockEntityMixin from mod fabric-transfer-api-v1->@Inject::hookExtract(Lnet/minecraft/world/World;Lnet/minecraft/block/entity/Hopper;Lorg/spongepowered/asm/mixin/injection/callback/CallbackInfoReturnable;)V does use it's CallbackInfoReturnable
[22:00:51] [main/DEBUG] (FabricLoader/Mixin) Mixing DropperBlockMixin from fabric-transfer-api-v1.mixins.json into net.minecraft.block.DropperBlock
[22:00:51] [main/DEBUG] (FabricLoader/Mixin) Renaming synthetic method lambda$hookDispense$0(Lnet/fabricmc/fabric/api/transfer/v1/item/ItemVariant;)Z to mdffa551$fabric-transfer-api-v1$lambda$hookDispense$0$0 in fabric-transfer-api-v1.mixins.json:DropperBlockMixin from mod fabric-transfer-api-v1
[22:00:51] [main/DEBUG] (FabricLoader/Mixin) fabric-transfer-api-v1.mixins.json:DropperBlockMixin from mod fabric-transfer-api-v1->@Inject::hookDispense(Lnet/minecraft/server/world/ServerWorld;Lnet/minecraft/block/BlockState;Lnet/minecraft/util/math/BlockPos;Lorg/spongepowered/asm/mixin/injection/callback/CallbackInfo;)V does use it's CallbackInfo
[22:00:51] [main/DEBUG] (FabricLoader/Mixin) Mixing BannerBlockEntityMixin from fabric-data-attachment-api-v1.mixins.json into net.minecraft.block.entity.BannerBlockEntity
[22:00:52] [main/DEBUG] (FabricLoader/Mixin) Mixing CrafterBlockMixin from fabric-transfer-api-v1.mixins.json into net.minecraft.block.CrafterBlock
[22:00:52] [main/DEBUG] (FabricLoader/Mixin) fabric-transfer-api-v1.mixins.json:CrafterBlockMixin from mod fabric-transfer-api-v1->@Inject::transferOrSpawnStack(Lnet/minecraft/server/world/ServerWorld;Lnet/minecraft/util/math/BlockPos;Lnet/minecraft/block/entity/CrafterBlockEntity;Lnet/minecraft/item/ItemStack;Lnet/minecraft/block/BlockState;Lnet/minecraft/recipe/RecipeEntry;Lorg/spongepowered/asm/mixin/injection/callback/CallbackInfo;)V doesn't use it's CallbackInfo
[22:00:52] [main/DEBUG] (FabricLoader/Mixin) fabric-transfer-api-v1.mixins.json:CrafterBlockMixin from mod fabric-transfer-api-v1->@Inject::transferOrSpawnStack(Lnet/minecraft/server/world/ServerWorld;Lnet/minecraft/util/math/BlockPos;Lnet/minecraft/block/entity/CrafterBlockEntity;Lnet/minecraft/item/ItemStack;Lnet/minecraft/block/BlockState;Lnet/minecraft/recipe/RecipeEntry;Lorg/spongepowered/asm/mixin/injection/callback/CallbackInfo;)V has 0 override(s) in child classes
[22:00:52] [main/DEBUG] (FabricLoader/Mixin) fabric-transfer-api-v1.mixins.json:CrafterBlockMixin from mod fabric-transfer-api-v1->@Inject::transferOrSpawnStack(Lnet/minecraft/server/world/ServerWorld;Lnet/minecraft/util/math/BlockPos;Lnet/minecraft/block/entity/CrafterBlockEntity;Lnet/minecraft/item/ItemStack;Lnet/minecraft/block/BlockState;Lnet/minecraft/recipe/RecipeEntry;Lorg/spongepowered/asm/mixin/injection/callback/CallbackInfo;)V won't be passed a CallbackInfo as a result
[22:00:52] [main/DEBUG] (FabricLoader/Mixin) fabric-transfer-api-v1.mixins.json:CrafterBlockMixin from mod fabric-transfer-api-v1->@Inject::transferOrSpawnStack(Lnet/minecraft/server/world/ServerWorld;Lnet/minecraft/util/math/BlockPos;Lnet/minecraft/block/entity/CrafterBlockEntity;Lnet/minecraft/item/ItemStack;Lnet/minecraft/block/BlockState;Lnet/minecraft/recipe/RecipeEntry;Lorg/spongepowered/asm/mixin/injection/callback/CallbackInfo;)V doesn't use it's CallbackInfo
[22:00:52] [main/DEBUG] (FabricLoader/Mixin) fabric-transfer-api-v1.mixins.json:CrafterBlockMixin from mod fabric-transfer-api-v1->@Inject::transferOrSpawnStack(Lnet/minecraft/server/world/ServerWorld;Lnet/minecraft/util/math/BlockPos;Lnet/minecraft/block/entity/CrafterBlockEntity;Lnet/minecraft/item/ItemStack;Lnet/minecraft/block/BlockState;Lnet/minecraft/recipe/RecipeEntry;Lorg/spongepowered/asm/mixin/injection/callback/CallbackInfo;)V has 0 override(s) in child classes
[22:00:52] [main/DEBUG] (FabricLoader/Mixin) fabric-transfer-api-v1.mixins.json:CrafterBlockMixin from mod fabric-transfer-api-v1->@Inject::transferOrSpawnStack(Lnet/minecraft/server/world/ServerWorld;Lnet/minecraft/util/math/BlockPos;Lnet/minecraft/block/entity/CrafterBlockEntity;Lnet/minecraft/item/ItemStack;Lnet/minecraft/block/BlockState;Lnet/minecraft/recipe/RecipeEntry;Lorg/spongepowered/asm/mixin/injection/callback/CallbackInfo;)V won't be passed a CallbackInfo as a result
[22:00:52] [main/DEBUG] (FabricLoader/Mixin) fabric-transfer-api-v1.mixins.json:CrafterBlockMixin from mod fabric-transfer-api-v1->@Inject::transferOrSpawnStack(Lnet/minecraft/server/world/ServerWorld;Lnet/minecraft/util/math/BlockPos;Lnet/minecraft/block/entity/CrafterBlockEntity;Lnet/minecraft/item/ItemStack;Lnet/minecraft/block/BlockState;Lnet/minecraft/recipe/RecipeEntry;Lorg/spongepowered/asm/mixin/injection/callback/CallbackInfo;)V doesn't use it's CallbackInfo
[22:00:52] [main/DEBUG] (FabricLoader/Mixin) fabric-transfer-api-v1.mixins.json:CrafterBlockMixin from mod fabric-transfer-api-v1->@Inject::transferOrSpawnStack(Lnet/minecraft/server/world/ServerWorld;Lnet/minecraft/util/math/BlockPos;Lnet/minecraft/block/entity/CrafterBlockEntity;Lnet/minecraft/item/ItemStack;Lnet/minecraft/block/BlockState;Lnet/minecraft/recipe/RecipeEntry;Lorg/spongepowered/asm/mixin/injection/callback/CallbackInfo;)V has 0 override(s) in child classes
[22:00:52] [main/DEBUG] (FabricLoader/Mixin) fabric-transfer-api-v1.mixins.json:CrafterBlockMixin from mod fabric-transfer-api-v1->@Inject::transferOrSpawnStack(Lnet/minecraft/server/world/ServerWorld;Lnet/minecraft/util/math/BlockPos;Lnet/minecraft/block/entity/CrafterBlockEntity;Lnet/minecraft/item/ItemStack;Lnet/minecraft/block/BlockState;Lnet/minecraft/recipe/RecipeEntry;Lorg/spongepowered/asm/mixin/injection/callback/CallbackInfo;)V won't be passed a CallbackInfo as a result
[22:00:52] [main/DEBUG] (FabricLoader/Mixin) fabric-transfer-api-v1.mixins.json:CrafterBlockMixin from mod fabric-transfer-api-v1->@Inject::transferOrSpawnStack(Lnet/minecraft/server/world/ServerWorld;Lnet/minecraft/util/math/BlockPos;Lnet/minecraft/block/entity/CrafterBlockEntity;Lnet/minecraft/item/ItemStack;Lnet/minecraft/block/BlockState;Lnet/minecraft/recipe/RecipeEntry;Lorg/spongepowered/asm/mixin/injection/callback/CallbackInfo;)V doesn't use it's CallbackInfo
[22:00:52] [main/DEBUG] (FabricLoader/Mixin) fabric-transfer-api-v1.mixins.json:CrafterBlockMixin from mod fabric-transfer-api-v1->@Inject::transferOrSpawnStack(Lnet/minecraft/server/world/ServerWorld;Lnet/minecraft/util/math/BlockPos;Lnet/minecraft/block/entity/CrafterBlockEntity;Lnet/minecraft/item/ItemStack;Lnet/minecraft/block/BlockState;Lnet/minecraft/recipe/RecipeEntry;Lorg/spongepowered/asm/mixin/injection/callback/CallbackInfo;)V has 0 override(s) in child classes
[22:00:52] [main/DEBUG] (FabricLoader/Mixin) fabric-transfer-api-v1.mixins.json:CrafterBlockMixin from mod fabric-transfer-api-v1->@Inject::transferOrSpawnStack(Lnet/minecraft/server/world/ServerWorld;Lnet/minecraft/util/math/BlockPos;Lnet/minecraft/block/entity/CrafterBlockEntity;Lnet/minecraft/item/ItemStack;Lnet/minecraft/block/BlockState;Lnet/minecraft/recipe/RecipeEntry;Lorg/spongepowered/asm/mixin/injection/callback/CallbackInfo;)V won't be passed a CallbackInfo as a result
[22:00:52] [main/DEBUG] (FabricLoader/Mixin) Mixing ItemMixin from fabric-transfer-api-v1.mixins.json into net.minecraft.item.Item
[22:00:52] [main/DEBUG] (FabricLoader/Mixin) Mixing ItemAccessor from fabric-item-api-v1.mixins.json into net.minecraft.item.Item
[22:00:52] [main/DEBUG] (FabricLoader/Mixin) Mixing ItemMixin from fabric-item-api-v1.mixins.json into net.minecraft.item.Item
[22:00:52] [main/DEBUG] (FabricLoader/Mixin) fabric-item-api-v1.mixins.json:ItemMixin from mod fabric-item-api-v1->@Inject::onConstruct(Lnet/minecraft/item/Item$Settings;Lorg/spongepowered/asm/mixin/injection/callback/CallbackInfo;)V doesn't use it's CallbackInfo
[22:00:52] [main/DEBUG] (FabricLoader/Mixin) fabric-item-api-v1.mixins.json:ItemMixin from mod fabric-item-api-v1->@Inject::onConstruct(Lnet/minecraft/item/Item$Settings;Lorg/spongepowered/asm/mixin/injection/callback/CallbackInfo;)V has 0 override(s) in child classes
[22:00:52] [main/DEBUG] (FabricLoader/Mixin) fabric-item-api-v1.mixins.json:ItemMixin from mod fabric-item-api-v1->@Inject::onConstruct(Lnet/minecraft/item/Item$Settings;Lorg/spongepowered/asm/mixin/injection/callback/CallbackInfo;)V won't be passed a CallbackInfo as a result
[22:00:52] [main/DEBUG] (FabricLoader/Mixin) Mixing BucketItemAccessor from fabric-transfer-api-v1.mixins.json into net.minecraft.item.BucketItem
[22:00:52] [main/DEBUG] (FabricLoader/Mixin) Mixing BucketItemMixin from fabric-transfer-api-v1.mixins.json into net.minecraft.item.BucketItem
[22:00:52] [main/DEBUG] (FabricLoader/Mixin) Mixing HoeItemAccessor from fabric-content-registries-v0.mixins.json into net.minecraft.item.HoeItem
[22:00:52] [main/DEBUG] (FabricLoader/Mixin) Renaming @Accessor method getTillingActions()Ljava/util/Map; to getTillingActions$fabric-content-registries-v0_$md$ffa551$0 in fabric-content-registries-v0.mixins.json:HoeItemAccessor from mod fabric-content-registries-v0
[22:00:52] [main/DEBUG] (FabricLoader/Mixin) Mixing AxeItemAccessor from fabric-content-registries-v0.mixins.json into net.minecraft.item.AxeItem
[22:00:52] [main/DEBUG] (FabricLoader/Mixin) Renaming @Accessor method getStrippedBlocks()Ljava/util/Map; to getStrippedBlocks$fabric-content-registries-v0_$md$ffa551$0 in fabric-content-registries-v0.mixins.json:AxeItemAccessor from mod fabric-content-registries-v0
[22:00:52] [main/DEBUG] (FabricLoader/Mixin) Renaming @Accessor method setStrippedBlocks(Ljava/util/Map;)V to setStrippedBlocks$fabric-content-registries-v0_$md$ffa551$1 in fabric-content-registries-v0.mixins.json:AxeItemAccessor from mod fabric-content-registries-v0
[22:00:52] [main/DEBUG] (FabricLoader/Mixin) Mixing AxeItemMixin from fabric-content-registries-v0.mixins.json into net.minecraft.item.AxeItem
[22:00:52] [main/DEBUG] (FabricLoader/Mixin) Renaming synthetic method lambda$handleCustomStrippingBehavior$0(Lnet/fabricmc/fabric/api/registry/StrippableBlockRegistry$StrippingTransformer;Lnet/minecraft/block/BlockState;Lnet/minecraft/block/Block;)Lnet/minecraft/block/BlockState; to mdffa551$fabric-content-registries-v0$lambda$handleCustomStrippingBehavior$0$2 in fabric-content-registries-v0.mixins.json:AxeItemMixin from mod fabric-content-registries-v0
[22:00:52] [main/DEBUG] (FabricLoader/Mixin) Mixing ShovelItemAccessor from fabric-content-registries-v0.mixins.json into net.minecraft.item.ShovelItem
[22:00:52] [main/DEBUG] (FabricLoader/Mixin) Renaming @Accessor method getPathStates()Ljava/util/Map; to getPathStates$fabric-content-registries-v0_$md$ffa551$0 in fabric-content-registries-v0.mixins.json:ShovelItemAccessor from mod fabric-content-registries-v0
[22:00:52] [main/DEBUG] (FabricLoader/Mixin) Mixing ItemPropertiesMixin from fabric-item-api-v1.mixins.json into net.minecraft.item.Item$Settings
[22:00:53] [main/DEBUG] (FabricLoader/Mixin) Mixing TagKeyMixin from fabric-convention-tags-api-v2.mixins.json into net.minecraft.registry.tag.TagKey
[22:00:53] [main/DEBUG] (FabricLoader/Mixin) Mixing ValueOutputMixin from fabric-serialization-api-v1.mixins.json into net.minecraft.storage.WriteView
[22:00:53] [main/DEBUG] (FabricLoader/Mixin) Mixing BundleContentsAccessor from fabric-transfer-api-v1.mixins.json into net.minecraft.component.type.BundleContentsComponent
[22:00:53] [main/DEBUG] (FabricLoader/Mixin) Renaming @Invoker method getOccupancy(Lnet/minecraft/item/ItemStack;)Lorg/apache/commons/lang3/math/Fraction; to getOccupancy$fabric-transfer-api-v1_$md$ffa551$0 in fabric-transfer-api-v1.mixins.json:BundleContentsAccessor from mod fabric-transfer-api-v1
[22:00:53] [main/DEBUG] (FabricLoader/Mixin) Mixing EntityTypeBuilderMixin from fabric-object-builder-v1.mixins.json into net.minecraft.entity.EntityType$Builder
[22:00:53] [main/DEBUG] (FabricLoader/Mixin) fabric-object-builder-v1.mixins.json:EntityTypeBuilderMixin from mod fabric-object-builder-api-v1->@Inject::applyChildBuilders(Lnet/minecraft/registry/RegistryKey;Lorg/spongepowered/asm/mixin/injection/callback/CallbackInfoReturnable;)V does use it's CallbackInfoReturnable
[22:00:53] [main/DEBUG] (FabricLoader/Mixin) Mixing ServerPlayerMixin from fabric-events-interaction-v0.mixins.json into net.minecraft.server.network.ServerPlayerEntity
[22:00:53] [main/DEBUG] (FabricLoader/Mixin) Mixing ServerPlayerMixin from fabric-entity-events-v1.mixins.json into net.minecraft.server.network.ServerPlayerEntity
[22:00:53] [main/DEBUG] (FabricLoader/Mixin) Mixing ServerPlayerMixin from fabric-screen-handler-api-v1.mixins.json into net.minecraft.server.network.ServerPlayerEntity
[22:00:53] [main/DEBUG] (FabricLoader/Mixin) Mixing ServerPlayerMixin from fabric-particles-v1.mixins.json into net.minecraft.server.network.ServerPlayerEntity
[22:00:53] [main/DEBUG] (FabricLoader/Mixin) fabric-events-interaction-v0.mixins.json:ServerPlayerMixin from mod fabric-events-interaction-v0->@Inject::onPlayerInteractEntity(Lnet/minecraft/entity/Entity;Lorg/spongepowered/asm/mixin/injection/callback/CallbackInfo;)V does use it's CallbackInfo
[22:00:53] [main/DEBUG] (FabricLoader/Mixin) fabric-events-interaction-v0.mixins.json:ServerPlayerMixin from mod fabric-events-interaction-v0->@Inject::fakePlayerGameMode(Lnet/minecraft/world/GameMode;Lorg/spongepowered/asm/mixin/injection/callback/CallbackInfoReturnable;)V does use it's CallbackInfoReturnable
[22:00:53] [main/DEBUG] (FabricLoader/Mixin) fabric-entity-events-v1.mixins.json:ServerPlayerMixin from mod fabric-entity-events-v1->@Inject::callOnKillForPlayer(Lnet/minecraft/entity/damage/DamageSource;Lorg/spongepowered/asm/mixin/injection/callback/CallbackInfo;)V doesn't use it's CallbackInfo
[22:00:53] [main/DEBUG] (FabricLoader/Mixin) fabric-entity-events-v1.mixins.json:ServerPlayerMixin from mod fabric-entity-events-v1->@Inject::callOnKillForPlayer(Lnet/minecraft/entity/damage/DamageSource;Lorg/spongepowered/asm/mixin/injection/callback/CallbackInfo;)V has 0 override(s) in child classes
[22:00:53] [main/DEBUG] (FabricLoader/Mixin) fabric-entity-events-v1.mixins.json:ServerPlayerMixin from mod fabric-entity-events-v1->@Inject::callOnKillForPlayer(Lnet/minecraft/entity/damage/DamageSource;Lorg/spongepowered/asm/mixin/injection/callback/CallbackInfo;)V won't be passed a CallbackInfo as a result
[22:00:53] [main/DEBUG] (FabricLoader/Mixin) fabric-entity-events-v1.mixins.json:ServerPlayerMixin from mod fabric-entity-events-v1->@Inject::notifyDeath(Lnet/minecraft/entity/damage/DamageSource;Lorg/spongepowered/asm/mixin/injection/callback/CallbackInfo;)V doesn't use it's CallbackInfo
[22:00:53] [main/DEBUG] (FabricLoader/Mixin) fabric-entity-events-v1.mixins.json:ServerPlayerMixin from mod fabric-entity-events-v1->@Inject::notifyDeath(Lnet/minecraft/entity/damage/DamageSource;Lorg/spongepowered/asm/mixin/injection/callback/CallbackInfo;)V has 0 override(s) in child classes
[22:00:53] [main/DEBUG] (FabricLoader/Mixin) fabric-entity-events-v1.mixins.json:ServerPlayerMixin from mod fabric-entity-events-v1->@Inject::notifyDeath(Lnet/minecraft/entity/damage/DamageSource;Lorg/spongepowered/asm/mixin/injection/callback/CallbackInfo;)V won't be passed a CallbackInfo as a result
[22:00:53] [main/DEBUG] (FabricLoader/Mixin) fabric-entity-events-v1.mixins.json:ServerPlayerMixin from mod fabric-entity-events-v1->@Inject::afterWorldChanged(Lnet/minecraft/server/world/ServerWorld;Lorg/spongepowered/asm/mixin/injection/callback/CallbackInfo;)V doesn't use it's CallbackInfo
[22:00:53] [main/DEBUG] (FabricLoader/Mixin) fabric-entity-events-v1.mixins.json:ServerPlayerMixin from mod fabric-entity-events-v1->@Inject::afterWorldChanged(Lnet/minecraft/server/world/ServerWorld;Lorg/spongepowered/asm/mixin/injection/callback/CallbackInfo;)V has 0 override(s) in child classes
[22:00:53] [main/DEBUG] (FabricLoader/Mixin) fabric-entity-events-v1.mixins.json:ServerPlayerMixin from mod fabric-entity-events-v1->@Inject::afterWorldChanged(Lnet/minecraft/server/world/ServerWorld;Lorg/spongepowered/asm/mixin/injection/callback/CallbackInfo;)V won't be passed a CallbackInfo as a result
[22:00:53] [main/DEBUG] (FabricLoader/Mixin) fabric-entity-events-v1.mixins.json:ServerPlayerMixin from mod fabric-entity-events-v1->@Inject::onCopyFrom(Lnet/minecraft/server/network/ServerPlayerEntity;ZLorg/spongepowered/asm/mixin/injection/callback/CallbackInfo;)V doesn't use it's CallbackInfo
[22:00:53] [main/DEBUG] (FabricLoader/Mixin) fabric-entity-events-v1.mixins.json:ServerPlayerMixin from mod fabric-entity-events-v1->@Inject::onCopyFrom(Lnet/minecraft/server/network/ServerPlayerEntity;ZLorg/spongepowered/asm/mixin/injection/callback/CallbackInfo;)V has 0 override(s) in child classes
[22:00:53] [main/DEBUG] (FabricLoader/Mixin) fabric-entity-events-v1.mixins.json:ServerPlayerMixin from mod fabric-entity-events-v1->@Inject::onCopyFrom(Lnet/minecraft/server/network/ServerPlayerEntity;ZLorg/spongepowered/asm/mixin/injection/callback/CallbackInfo;)V won't be passed a CallbackInfo as a result
[22:00:53] [main/DEBUG] (FabricLoader/Mixin) fabric-screen-handler-api-v1.mixins.json:ServerPlayerMixin from mod fabric-screen-handler-api-v1->@Inject::fabric_storeOpenedScreenHandler(Lnet/minecraft/screen/NamedScreenHandlerFactory;Lorg/spongepowered/asm/mixin/injection/callback/CallbackInfoReturnable;)V doesn't use it's CallbackInfoReturnable
[22:00:53] [main/DEBUG] (FabricLoader/Mixin) fabric-screen-handler-api-v1.mixins.json:ServerPlayerMixin from mod fabric-screen-handler-api-v1->@Inject::fabric_storeOpenedScreenHandler(Lnet/minecraft/screen/NamedScreenHandlerFactory;Lorg/spongepowered/asm/mixin/injection/callback/CallbackInfoReturnable;)V has 0 override(s) in child classes
[22:00:53] [main/DEBUG] (FabricLoader/Mixin) fabric-screen-handler-api-v1.mixins.json:ServerPlayerMixin from mod fabric-screen-handler-api-v1->@Inject::fabric_storeOpenedScreenHandler(Lnet/minecraft/screen/NamedScreenHandlerFactory;Lorg/spongepowered/asm/mixin/injection/callback/CallbackInfoReturnable;)V won't be passed a CallbackInfoReturnable as a result
[22:00:53] [main/DEBUG] (FabricLoader/Mixin) Mixing BreezeMixin from fabric-particles-v1.mixins.json into net.minecraft.entity.mob.BreezeEntity
[22:00:53] [main/DEBUG] (FabricLoader/Mixin) Mixing VillagerAccessor from fabric-content-registries-v0.mixins.json into net.minecraft.entity.passive.VillagerEntity
[22:00:53] [main/DEBUG] (FabricLoader/Mixin) Renaming @Accessor method fabric_setItemFoodValues(Ljava/util/Map;)V to fabric_setItemFoodValues$fabric-content-registries-v0_$md$ffa551$0 in fabric-content-registries-v0.mixins.json:VillagerAccessor from mod fabric-content-registries-v0
[22:00:53] [main/DEBUG] (FabricLoader/Mixin) Mixing VillagerMixin from fabric-content-registries-v0.mixins.json into net.minecraft.entity.passive.VillagerEntity
[22:00:53] [main/DEBUG] (FabricLoader/Mixin) Mixing EntityDataSerializersAccessor from fabric-object-builder-v1.mixins.json into net.minecraft.entity.data.TrackedDataHandlerRegistry
[22:00:53] [main/DEBUG] (FabricLoader/Mixin) Renaming @Accessor method fabric_getDataHandlers()Lnet/minecraft/util/collection/Int2ObjectBiMap; to fabric_getDataHandlers$fabric-object-builder-api-v1_$md$ffa551$0 in fabric-object-builder-v1.mixins.json:EntityDataSerializersAccessor from mod fabric-object-builder-api-v1
[22:00:53] [main/DEBUG] (FabricLoader/Mixin) Mixing EntityDataSerializersMixin from fabric-object-builder-v1.mixins.json into net.minecraft.entity.data.TrackedDataHandlerRegistry
[22:00:53] [main/DEBUG] (FabricLoader/Mixin) fabric-object-builder-v1.mixins.json:EntityDataSerializersMixin from mod fabric-object-builder-api-v1->@Inject::storeVanillaHandlers(Lorg/spongepowered/asm/mixin/injection/callback/CallbackInfo;)V doesn't use it's CallbackInfo
[22:00:53] [main/DEBUG] (FabricLoader/Mixin) fabric-object-builder-v1.mixins.json:EntityDataSerializersMixin from mod fabric-object-builder-api-v1->@Inject::onHeadRegister(Lnet/minecraft/entity/data/TrackedDataHandler;Lorg/spongepowered/asm/mixin/injection/callback/CallbackInfo;)V doesn't use it's CallbackInfo
[22:00:53] [main/DEBUG] (FabricLoader/Mixin) Mixing AttachmentTargetsMixin from fabric-data-attachment-api-v1.mixins.json into net.minecraft.world.chunk.Chunk
[22:00:53] [main/DEBUG] (FabricLoader/Mixin) Mixing ChunkAccessMixin from fabric-data-attachment-api-v1.mixins.json into net.minecraft.world.chunk.Chunk
[22:00:53] [main/DEBUG] (FabricLoader/Mixin) Mixing LevelChunkMixin from fabric-lifecycle-events-v1.client.mixins.json into net.minecraft.world.chunk.WorldChunk
[22:00:53] [main/DEBUG] (FabricLoader/Mixin) Mixing LevelChunkMixin from fabric-data-attachment-api-v1.mixins.json into net.minecraft.world.chunk.WorldChunk
[22:00:53] [main/DEBUG] (FabricLoader/Mixin) Renaming synthetic method lambda$fabric_syncChange$0(Lnet/fabricmc/fabric/api/attachment/v1/AttachmentType;Lnet/fabricmc/fabric/impl/attachment/sync/AttachmentChange;Lnet/minecraft/server/network/ServerPlayerEntity;)V to mdffa551$fabric-data-attachment-api-v1$lambda$fabric_syncChange$0$0 in fabric-data-attachment-api-v1.mixins.json:LevelChunkMixin from mod fabric-data-attachment-api-v1
[22:00:53] [main/DEBUG] (FabricLoader/Mixin) fabric-lifecycle-events-v1.client.mixins.json:LevelChunkMixin from mod fabric-lifecycle-events-v1->@Inject::onRemoveBlockEntity(Lnet/minecraft/block/entity/BlockEntity;Lorg/spongepowered/asm/mixin/injection/callback/CallbackInfo;)V doesn't use it's CallbackInfo
[22:00:53] [main/DEBUG] (FabricLoader/Mixin) fabric-lifecycle-events-v1.client.mixins.json:LevelChunkMixin from mod fabric-lifecycle-events-v1->@Inject::onRemoveBlockEntity(Lnet/minecraft/block/entity/BlockEntity;Lorg/spongepowered/asm/mixin/injection/callback/CallbackInfo;)V has 0 override(s) in child classes
[22:00:53] [main/DEBUG] (FabricLoader/Mixin) fabric-lifecycle-events-v1.client.mixins.json:LevelChunkMixin from mod fabric-lifecycle-events-v1->@Inject::onRemoveBlockEntity(Lnet/minecraft/block/entity/BlockEntity;Lorg/spongepowered/asm/mixin/injection/callback/CallbackInfo;)V won't be passed a CallbackInfo as a result
[22:00:53] [main/DEBUG] (FabricLoader/Mixin) fabric-lifecycle-events-v1.client.mixins.json:LevelChunkMixin from mod fabric-lifecycle-events-v1->@Inject::onRemoveBlockEntity(Lnet/minecraft/util/math/BlockPos;Lorg/spongepowered/asm/mixin/injection/callback/CallbackInfo;)V doesn't use it's CallbackInfo
[22:00:53] [main/DEBUG] (FabricLoader/Mixin) fabric-lifecycle-events-v1.client.mixins.json:LevelChunkMixin from mod fabric-lifecycle-events-v1->@Inject::onRemoveBlockEntity(Lnet/minecraft/util/math/BlockPos;Lorg/spongepowered/asm/mixin/injection/callback/CallbackInfo;)V has 0 override(s) in child classes
[22:00:53] [main/DEBUG] (FabricLoader/Mixin) fabric-lifecycle-events-v1.client.mixins.json:LevelChunkMixin from mod fabric-lifecycle-events-v1->@Inject::onRemoveBlockEntity(Lnet/minecraft/util/math/BlockPos;Lorg/spongepowered/asm/mixin/injection/callback/CallbackInfo;)V won't be passed a CallbackInfo as a result
[22:00:53] [main/DEBUG] (FabricLoader/Mixin) fabric-data-attachment-api-v1.mixins.json:LevelChunkMixin from mod fabric-data-attachment-api-v1->@Inject::transferProtoChunkAttachment(Lnet/minecraft/server/world/ServerWorld;Lnet/minecraft/world/chunk/ProtoChunk;Lnet/minecraft/world/chunk/WorldChunk$EntityLoader;Lorg/spongepowered/asm/mixin/injection/callback/CallbackInfo;)V doesn't use it's CallbackInfo
[22:00:53] [main/DEBUG] (FabricLoader/Mixin) fabric-data-attachment-api-v1.mixins.json:LevelChunkMixin from mod fabric-data-attachment-api-v1->@Inject::transferProtoChunkAttachment(Lnet/minecraft/server/world/ServerWorld;Lnet/minecraft/world/chunk/ProtoChunk;Lnet/minecraft/world/chunk/WorldChunk$EntityLoader;Lorg/spongepowered/asm/mixin/injection/callback/CallbackInfo;)V has 0 override(s) in child classes
[22:00:53] [main/DEBUG] (FabricLoader/Mixin) fabric-data-attachment-api-v1.mixins.json:LevelChunkMixin from mod fabric-data-attachment-api-v1->@Inject::transferProtoChunkAttachment(Lnet/minecraft/server/world/ServerWorld;Lnet/minecraft/world/chunk/ProtoChunk;Lnet/minecraft/world/chunk/WorldChunk$EntityLoader;Lorg/spongepowered/asm/mixin/injection/callback/CallbackInfo;)V won't be passed a CallbackInfo as a result
[22:00:53] [main/DEBUG] (net.fabricmc.fabric.impl.object.builder.FabricTrackedDataRegistryImpl) Stored 39 vanilla handlers
[22:00:53] [main/DEBUG] (FabricLoader/Mixin) Mixing WardenMixin from fabric-particles-v1.mixins.json into net.minecraft.entity.mob.WardenEntity
[22:00:53] [main/DEBUG] (FabricLoader/Mixin) Mixing ItemContainerContentsAccessor from fabric-transfer-api-v1.mixins.json into net.minecraft.component.type.ContainerComponent
[22:00:53] [main/DEBUG] (FabricLoader/Mixin) Mixing LootTableAccessor from fabric-loot-api-v3.mixins.json into net.minecraft.loot.LootTable
[22:00:53] [main/DEBUG] (FabricLoader/Mixin) Mixing LootTableMixin from fabric-loot-api-v3.mixins.json into net.minecraft.loot.LootTable
[22:00:53] [main/DEBUG] (FabricLoader/Mixin) Mixing EnchantRandomlyFunctionMixin from fabric-item-api-v1.mixins.json into net.minecraft.loot.function.EnchantRandomlyLootFunction
[22:00:53] [main/DEBUG] (FabricLoader/Mixin) Mixing HoneycombItemMixin from fabric-content-registries-v0.mixins.json into net.minecraft.item.HoneycombItem
[22:00:53] [main/DEBUG] (FabricLoader/Mixin) fabric-content-registries-v0.mixins.json:HoneycombItemMixin from mod fabric-content-registries-v0->@Inject::createUnwaxedToWaxedMap(Lorg/spongepowered/asm/mixin/injection/callback/CallbackInfoReturnable;)V does use it's CallbackInfoReturnable
[22:00:53] [main/DEBUG] (FabricLoader/Mixin) Mixing BrushItemMixin from fabric-particles-v1.mixins.json into net.minecraft.item.BrushItem
[22:00:54] [main/DEBUG] (FabricLoader/Mixin) Mixing EntitySelectorOptionsAccessor from fabric-command-api-v2.mixins.json into net.minecraft.command.EntitySelectorOptions
[22:00:54] [main/DEBUG] (FabricLoader/Mixin) Renaming @Invoker method callPutOption(Ljava/lang/String;Lnet/minecraft/command/EntitySelectorOptions$SelectorHandler;Ljava/util/function/Predicate;Lnet/minecraft/text/Text;)V to callPutOption$fabric-command-api-v2_$md$ffa551$0 in fabric-command-api-v2.mixins.json:EntitySelectorOptionsAccessor from mod fabric-command-api-v2
[22:00:54] [main/DEBUG] (FabricLoader/Mixin) Mixing EntitySelectorParserMixin from fabric-command-api-v2.mixins.json into net.minecraft.command.EntitySelectorReader
[22:00:54] [main/DEBUG] (FabricLoader/Mixin) Generating mapped inner class net/minecraft/block/entity/ChiseledBookshelfBlockEntity$Anonymous$6b8fabc9a3dd3f94be74f1199f97fdb5 (originally net/fabricmc/fabric/mixin/transfer/ChiseledBookShelfBlockEntityMixin$1)
[22:00:54] [main/DEBUG] (FabricLoader/Mixin) Mixing SimpleContainerMixin from fabric-transfer-api-v1.mixins.json into net.minecraft.inventory.SimpleInventory
[22:00:54] [main/DEBUG] (FabricLoader/Mixin) Mixing CraftingRecipeMixin from fabric-item-api-v1.mixins.json into net.minecraft.recipe.CraftingRecipe
[22:00:54] [main/DEBUG] (FabricLoader/Mixin) Mixing ingredient.IngredientMixin from fabric-recipe-api-v1.mixins.json into net.minecraft.recipe.Ingredient
[22:00:54] [main/DEBUG] (FabricLoader/Mixin) Renaming synthetic method lambda$injectCodec$2(Lnet/minecraft/recipe/Ingredient;)Lcom/mojang/datafixers/util/Either; to mdffa551$fabric-recipe-api-v1$lambda$injectCodec$2$0 in fabric-recipe-api-v1.mixins.json:ingredient.IngredientMixin from mod fabric-recipe-api-v1
[22:00:54] [main/DEBUG] (FabricLoader/Mixin) Renaming synthetic method lambda$injectCodec$1(Lcom/mojang/datafixers/util/Either;)Lnet/minecraft/recipe/Ingredient; to mdffa551$fabric-recipe-api-v1$lambda$injectCodec$1$1 in fabric-recipe-api-v1.mixins.json:ingredient.IngredientMixin from mod fabric-recipe-api-v1
[22:00:54] [main/DEBUG] (FabricLoader/Mixin) Renaming synthetic method lambda$injectCodec$0(Lnet/minecraft/recipe/Ingredient;)Lnet/minecraft/recipe/Ingredient; to mdffa551$fabric-recipe-api-v1$lambda$injectCodec$0$2 in fabric-recipe-api-v1.mixins.json:ingredient.IngredientMixin from mod fabric-recipe-api-v1
[22:00:54] [main/DEBUG] (FabricLoader/Mixin) fabric-recipe-api-v1.mixins.json:ingredient.IngredientMixin from mod fabric-recipe-api-v1->@Inject::injectCodec(Lorg/spongepowered/asm/mixin/injection/callback/CallbackInfo;)V doesn't use it's CallbackInfo
[22:00:54] [main/DEBUG] (FabricLoader/Mixin) fabric-recipe-api-v1.mixins.json:ingredient.IngredientMixin from mod fabric-recipe-api-v1->@Inject::onGetEntries(Lnet/minecraft/recipe/Ingredient;Lorg/spongepowered/asm/mixin/injection/callback/CallbackInfoReturnable;)V does use it's CallbackInfoReturnable
[22:00:54] [main/DEBUG] (FabricLoader/Mixin) fabric-recipe-api-v1.mixins.json:ingredient.IngredientMixin from mod fabric-recipe-api-v1->@Inject::onGetEntries(Lnet/minecraft/recipe/Ingredient;Lorg/spongepowered/asm/mixin/injection/callback/CallbackInfoReturnable;)V does use it's CallbackInfoReturnable
[22:00:54] [main/DEBUG] (FabricLoader/Mixin) fabric-recipe-api-v1.mixins.json:ingredient.IngredientMixin from mod fabric-recipe-api-v1->@Inject::onGetEntries(Lnet/minecraft/recipe/Ingredient;Lorg/spongepowered/asm/mixin/injection/callback/CallbackInfoReturnable;)V does use it's CallbackInfoReturnable
[22:00:54] [main/DEBUG] (FabricLoader/Mixin) fabric-recipe-api-v1.mixins.json:ingredient.IngredientMixin from mod fabric-recipe-api-v1->@Inject::onHeadEquals(Ljava/lang/Object;Lorg/spongepowered/asm/mixin/injection/callback/CallbackInfoReturnable;)V does use it's CallbackInfoReturnable
[22:00:54] [main/DEBUG] (FabricLoader/Mixin) Mixing ingredient.ShapelessRecipeMixin from fabric-recipe-api-v1.mixins.json into net.minecraft.recipe.ShapelessRecipe
[22:00:54] [main/DEBUG] (FabricLoader/Mixin) fabric-recipe-api-v1.mixins.json:ingredient.ShapelessRecipeMixin from mod fabric-recipe-api-v1->@Inject::cacheRequiresTesting(Ljava/lang/String;Lnet/minecraft/recipe/book/CraftingRecipeCategory;Lnet/minecraft/item/ItemStack;Ljava/util/List;Lorg/spongepowered/asm/mixin/injection/callback/CallbackInfo;)V doesn't use it's CallbackInfo
[22:00:54] [main/DEBUG] (FabricLoader/Mixin) fabric-recipe-api-v1.mixins.json:ingredient.ShapelessRecipeMixin from mod fabric-recipe-api-v1->@Inject::cacheRequiresTesting(Ljava/lang/String;Lnet/minecraft/recipe/book/CraftingRecipeCategory;Lnet/minecraft/item/ItemStack;Ljava/util/List;Lorg/spongepowered/asm/mixin/injection/callback/CallbackInfo;)V has 0 override(s) in child classes
[22:00:54] [main/DEBUG] (FabricLoader/Mixin) fabric-recipe-api-v1.mixins.json:ingredient.ShapelessRecipeMixin from mod fabric-recipe-api-v1->@Inject::cacheRequiresTesting(Ljava/lang/String;Lnet/minecraft/recipe/book/CraftingRecipeCategory;Lnet/minecraft/item/ItemStack;Ljava/util/List;Lorg/spongepowered/asm/mixin/injection/callback/CallbackInfo;)V won't be passed a CallbackInfo as a result
[22:00:54] [main/DEBUG] (FabricLoader/Mixin) fabric-recipe-api-v1.mixins.json:ingredient.ShapelessRecipeMixin from mod fabric-recipe-api-v1->@Inject::customIngredientMatch(Lnet/minecraft/recipe/input/CraftingRecipeInput;Lnet/minecraft/world/World;Lorg/spongepowered/asm/mixin/injection/callback/CallbackInfoReturnable;)V does use it's CallbackInfoReturnable
[22:00:54] [main/DEBUG] (FabricLoader/Mixin) Mixing ChunkStatusTasksMixin from fabric-lifecycle-events-v1.mixins.json into net.minecraft.world.chunk.ChunkGenerating
[22:00:54] [main/DEBUG] (FabricLoader/Mixin) fabric-lifecycle-events-v1.mixins.json:ChunkStatusTasksMixin from mod fabric-lifecycle-events-v1->@Inject::onChunkLoad(Lnet/minecraft/world/chunk/Chunk;Lnet/minecraft/world/chunk/ChunkGenerationContext;Lnet/minecraft/world/chunk/AbstractChunkHolder;Lorg/spongepowered/asm/mixin/injection/callback/CallbackInfoReturnable;)V does use it's CallbackInfoReturnable
[22:00:54] [main/DEBUG] (FabricLoader/Mixin) Mixing StructureTemplateManagerMixin from fabric-gametest-api-v1.mixins.json into net.minecraft.structure.StructureTemplateManager
[22:00:54] [main/DEBUG] (FabricLoader/Mixin) Renaming @Unique method streamTemplatesFromResource()Ljava/util/stream/Stream; to mdffa551$fabric-gametest-api-v1$streamTemplatesFromResource$0 in fabric-gametest-api-v1.mixins.json:StructureTemplateManagerMixin from mod fabric-gametest-api-v1
[22:00:54] [main/DEBUG] (FabricLoader/Mixin) fabric-gametest-api-v1.mixins.json:StructureTemplateManagerMixin from mod fabric-gametest-api-v1->@Inject::addFabricTemplateProvider(Lnet/minecraft/resource/ResourceManager;Lnet/minecraft/world/level/storage/LevelStorage$Session;Lcom/mojang/datafixers/DataFixer;Lnet/minecraft/registry/RegistryEntryLookup;Lorg/spongepowered/asm/mixin/injection/callback/CallbackInfo;)V doesn't use it's CallbackInfo
[22:00:54] [main/DEBUG] (FabricLoader/Mixin) fabric-gametest-api-v1.mixins.json:StructureTemplateManagerMixin from mod fabric-gametest-api-v1->@Inject::addFabricTemplateProvider(Lnet/minecraft/resource/ResourceManager;Lnet/minecraft/world/level/storage/LevelStorage$Session;Lcom/mojang/datafixers/DataFixer;Lnet/minecraft/registry/RegistryEntryLookup;Lorg/spongepowered/asm/mixin/injection/callback/CallbackInfo;)V has 0 override(s) in child classes
[22:00:54] [main/DEBUG] (FabricLoader/Mixin) fabric-gametest-api-v1.mixins.json:StructureTemplateManagerMixin from mod fabric-gametest-api-v1->@Inject::addFabricTemplateProvider(Lnet/minecraft/resource/ResourceManager;Lnet/minecraft/world/level/storage/LevelStorage$Session;Lcom/mojang/datafixers/DataFixer;Lnet/minecraft/registry/RegistryEntryLookup;Lorg/spongepowered/asm/mixin/injection/callback/CallbackInfo;)V won't be passed a CallbackInfo as a result
[22:00:54] [main/DEBUG] (FabricLoader/Mixin) Mixing BiomeSourceMixin from fabric-biome-api-v1.mixins.json into net.minecraft.world.biome.source.BiomeSource
[22:00:54] [main/DEBUG] (FabricLoader/Mixin) Mixing MultiNoiseBiomeSourceMixin from fabric-biome-api-v1.mixins.json into net.minecraft.world.biome.source.MultiNoiseBiomeSource
[22:00:54] [main/DEBUG] (FabricLoader/Mixin) Mixing NetherBiomePresetMixin from fabric-biome-api-v1.mixins.json into net.minecraft.world.biome.source.MultiNoiseBiomeSourceParameterList$Preset$1
[22:00:54] [main/DEBUG] (FabricLoader/Mixin) fabric-biome-api-v1.mixins.json:NetherBiomePresetMixin from mod fabric-biome-api-v1->@Inject::apply(Ljava/util/function/Function;Lorg/spongepowered/asm/mixin/injection/callback/CallbackInfoReturnable;)V does use it's CallbackInfoReturnable
[22:00:54] [main/DEBUG] (FabricLoader/Mixin) Mixing RegistryOpsAccessor from fabric-resource-conditions-api-v1.mixins.json into net.minecraft.registry.RegistryOps
[22:00:54] [main/DEBUG] (FabricLoader/Mixin) Mixing TheEndBiomeSourceMixin from fabric-biome-api-v1.mixins.json into net.minecraft.world.biome.source.TheEndBiomeSource
[22:00:54] [main/DEBUG] (FabricLoader/Mixin) Renaming synthetic method lambda$init$1(Lnet/minecraft/registry/RegistryEntryLookup;)Lnet/fabricmc/fabric/impl/biome/TheEndBiomeData$Overrides; to mdffa551$fabric-biome-api-v1$lambda$init$1$0 in fabric-biome-api-v1.mixins.json:TheEndBiomeSourceMixin from mod fabric-biome-api-v1
[22:00:54] [main/DEBUG] (FabricLoader/Mixin) Renaming synthetic method lambda$modifyCodec$0(Lcom/mojang/serialization/codecs/RecordCodecBuilder$Instance;)Lcom/mojang/datafixers/kinds/App; to mdffa551$fabric-biome-api-v1$lambda$modifyCodec$0$1 in fabric-biome-api-v1.mixins.json:TheEndBiomeSourceMixin from mod fabric-biome-api-v1
[22:00:54] [main/DEBUG] (FabricLoader/Mixin) fabric-biome-api-v1.mixins.json:TheEndBiomeSourceMixin from mod fabric-biome-api-v1->@Inject::modifyCodec(Lorg/spongepowered/asm/mixin/injection/callback/CallbackInfo;)V doesn't use it's CallbackInfo
[22:00:54] [main/DEBUG] (FabricLoader/Mixin) fabric-biome-api-v1.mixins.json:TheEndBiomeSourceMixin from mod fabric-biome-api-v1->@Inject::rememberLookup(Lnet/minecraft/registry/RegistryEntryLookup;Lorg/spongepowered/asm/mixin/injection/callback/CallbackInfoReturnable;)V doesn't use it's CallbackInfoReturnable
[22:00:54] [main/DEBUG] (FabricLoader/Mixin) fabric-biome-api-v1.mixins.json:TheEndBiomeSourceMixin from mod fabric-biome-api-v1->@Inject::clearLookup(Lnet/minecraft/registry/RegistryEntryLookup;Lorg/spongepowered/asm/mixin/injection/callback/CallbackInfoReturnable;)V doesn't use it's CallbackInfoReturnable
[22:00:54] [main/DEBUG] (FabricLoader/Mixin) fabric-biome-api-v1.mixins.json:TheEndBiomeSourceMixin from mod fabric-biome-api-v1->@Inject::init(Lnet/minecraft/registry/entry/RegistryEntry;Lnet/minecraft/registry/entry/RegistryEntry;Lnet/minecraft/registry/entry/RegistryEntry;Lnet/minecraft/registry/entry/RegistryEntry;Lnet/minecraft/registry/entry/RegistryEntry;Lorg/spongepowered/asm/mixin/injection/callback/CallbackInfo;)V doesn't use it's CallbackInfo
[22:00:54] [main/DEBUG] (FabricLoader/Mixin) fabric-biome-api-v1.mixins.json:TheEndBiomeSourceMixin from mod fabric-biome-api-v1->@Inject::init(Lnet/minecraft/registry/entry/RegistryEntry;Lnet/minecraft/registry/entry/RegistryEntry;Lnet/minecraft/registry/entry/RegistryEntry;Lnet/minecraft/registry/entry/RegistryEntry;Lnet/minecraft/registry/entry/RegistryEntry;Lorg/spongepowered/asm/mixin/injection/callback/CallbackInfo;)V has 0 override(s) in child classes
[22:00:54] [main/DEBUG] (FabricLoader/Mixin) fabric-biome-api-v1.mixins.json:TheEndBiomeSourceMixin from mod fabric-biome-api-v1->@Inject::init(Lnet/minecraft/registry/entry/RegistryEntry;Lnet/minecraft/registry/entry/RegistryEntry;Lnet/minecraft/registry/entry/RegistryEntry;Lnet/minecraft/registry/entry/RegistryEntry;Lnet/minecraft/registry/entry/RegistryEntry;Lorg/spongepowered/asm/mixin/injection/callback/CallbackInfo;)V won't be passed a CallbackInfo as a result
[22:00:54] [main/DEBUG] (FabricLoader/Mixin) fabric-biome-api-v1.mixins.json:TheEndBiomeSourceMixin from mod fabric-biome-api-v1->@Inject::getWeightedEndBiome(IIILnet/minecraft/world/biome/source/util/MultiNoiseUtil$MultiNoiseSampler;Lorg/spongepowered/asm/mixin/injection/callback/CallbackInfoReturnable;)V does use it's CallbackInfoReturnable
[22:00:54] [main/DEBUG] (FabricLoader/Mixin) fabric-biome-api-v1.mixins.json:TheEndBiomeSourceMixin from mod fabric-biome-api-v1->@Inject::getWeightedEndBiome(IIILnet/minecraft/world/biome/source/util/MultiNoiseUtil$MultiNoiseSampler;Lorg/spongepowered/asm/mixin/injection/callback/CallbackInfoReturnable;)V does use it's CallbackInfoReturnable
[22:00:54] [main/DEBUG] (FabricLoader/Mixin) fabric-biome-api-v1.mixins.json:TheEndBiomeSourceMixin from mod fabric-biome-api-v1->@Inject::getWeightedEndBiome(IIILnet/minecraft/world/biome/source/util/MultiNoiseUtil$MultiNoiseSampler;Lorg/spongepowered/asm/mixin/injection/callback/CallbackInfoReturnable;)V does use it's CallbackInfoReturnable
[22:00:54] [main/DEBUG] (FabricLoader/Mixin) fabric-biome-api-v1.mixins.json:TheEndBiomeSourceMixin from mod fabric-biome-api-v1->@Inject::getWeightedEndBiome(IIILnet/minecraft/world/biome/source/util/MultiNoiseUtil$MultiNoiseSampler;Lorg/spongepowered/asm/mixin/injection/callback/CallbackInfoReturnable;)V does use it's CallbackInfoReturnable
[22:00:54] [main/DEBUG] (FabricLoader/Mixin) fabric-biome-api-v1.mixins.json:TheEndBiomeSourceMixin from mod fabric-biome-api-v1->@Inject::getWeightedEndBiome(IIILnet/minecraft/world/biome/source/util/MultiNoiseUtil$MultiNoiseSampler;Lorg/spongepowered/asm/mixin/injection/callback/CallbackInfoReturnable;)V does use it's CallbackInfoReturnable
[22:00:54] [main/DEBUG] (FabricLoader/Mixin) Mixing DebugLevelSourceAccessor from fabric-registry-sync-v0.mixins.json into net.minecraft.world.gen.chunk.DebugChunkGenerator
[22:00:54] [main/DEBUG] (FabricLoader/Mixin) Renaming @Accessor method setALL_BLOCKS(Ljava/util/List;)V to setALL_BLOCKS$fabric-registry-sync-v0_$md$ffa551$0 in fabric-registry-sync-v0.mixins.json:DebugLevelSourceAccessor from mod fabric-registry-sync-v0
[22:00:54] [main/DEBUG] (FabricLoader/Mixin) Renaming @Accessor method setGRID_WIDTH(I)V to setGRID_WIDTH$fabric-registry-sync-v0_$md$ffa551$1 in fabric-registry-sync-v0.mixins.json:DebugLevelSourceAccessor from mod fabric-registry-sync-v0
[22:00:54] [main/DEBUG] (FabricLoader/Mixin) Renaming @Accessor method setGRID_HEIGHT(I)V to setGRID_HEIGHT$fabric-registry-sync-v0_$md$ffa551$2 in fabric-registry-sync-v0.mixins.json:DebugLevelSourceAccessor from mod fabric-registry-sync-v0
[22:00:54] [main/DEBUG] (FabricLoader/Mixin) Mixing GameRulesServiceGameRuleUpdateMixin from fabric-game-rule-api-v1.mixins.json into net.minecraft.server.dedicated.management.dispatch.GameRuleRpcDispatcher$RuleEntry
[22:00:54] [main/DEBUG] (FabricLoader/Mixin) Renaming synthetic method lambda$fabric_createTypedCodec$4(Lnet/minecraft/world/rule/GameRule;Lcom/mojang/serialization/codecs/RecordCodecBuilder$Instance;)Lcom/mojang/datafixers/kinds/App; to mdffa551$fabric-game-rule-api-v1$lambda$fabric_createTypedCodec$4$0 in fabric-game-rule-api-v1.mixins.json:GameRulesServiceGameRuleUpdateMixin from mod fabric-game-rule-api-v1
[22:00:54] [main/DEBUG] (FabricLoader/Mixin) Renaming synthetic method lambda$fabric_createTypedCodec$3(Lnet/minecraft/world/rule/GameRule;Lnet/fabricmc/fabric/impl/gamerule/rpc/FabricGameRuleType;Ljava/lang/Object;)Lnet/minecraft/server/dedicated/management/dispatch/GameRuleRpcDispatcher$RuleEntry; to mdffa551$fabric-game-rule-api-v1$lambda$fabric_createTypedCodec$3$1 in fabric-game-rule-api-v1.mixins.json:GameRulesServiceGameRuleUpdateMixin from mod fabric-game-rule-api-v1
[22:00:54] [main/DEBUG] (FabricLoader/Mixin) Renaming synthetic method lambda$fabric_createTypedCodec$2(Lnet/minecraft/server/dedicated/management/dispatch/GameRuleRpcDispatcher$RuleEntry;)Lnet/fabricmc/fabric/impl/gamerule/rpc/FabricGameRuleType; to mdffa551$fabric-game-rule-api-v1$lambda$fabric_createTypedCodec$2$2 in fabric-game-rule-api-v1.mixins.json:GameRulesServiceGameRuleUpdateMixin from mod fabric-game-rule-api-v1
[22:00:54] [main/DEBUG] (FabricLoader/Mixin) Renaming synthetic method lambda$fabricTypeCodec$1(Lnet/minecraft/server/dedicated/management/dispatch/GameRuleRpcDispatcher$RuleEntry;)Lcom/mojang/datafixers/util/Either; to mdffa551$fabric-game-rule-api-v1$lambda$fabricTypeCodec$1$3 in fabric-game-rule-api-v1.mixins.json:GameRulesServiceGameRuleUpdateMixin from mod fabric-game-rule-api-v1
[22:00:54] [main/DEBUG] (FabricLoader/Mixin) Renaming synthetic method lambda$fabricTypeCodec$0(Lcom/mojang/datafixers/util/Either;)Lnet/minecraft/server/dedicated/management/dispatch/GameRuleRpcDispatcher$RuleEntry; to mdffa551$fabric-game-rule-api-v1$lambda$fabricTypeCodec$0$4 in fabric-game-rule-api-v1.mixins.json:GameRulesServiceGameRuleUpdateMixin from mod fabric-game-rule-api-v1
[22:00:54] [main/DEBUG] (FabricLoader/Mixin) fabric-game-rule-api-v1.mixins.json:GameRulesServiceGameRuleUpdateMixin from mod fabric-game-rule-api-v1->@Inject::updateFabricType(Lnet/minecraft/world/rule/GameRule;Ljava/lang/Object;Lorg/spongepowered/asm/mixin/injection/callback/CallbackInfo;)V doesn't use it's CallbackInfo
[22:00:54] [main/DEBUG] (FabricLoader/Mixin) Mixing client.item.BlockModelWrapperUnbakedMixin from fabric-renderer-api-v1.mixins.json into net.minecraft.client.render.item.model.BasicItemModel$Unbaked
[22:00:54] [main/DEBUG] (FabricLoader/Mixin) Mixing client.item.BlockModelWrapperMixin from fabric-renderer-api-v1.mixins.json into net.minecraft.client.render.item.model.BasicItemModel
[22:00:54] [main/DEBUG] (FabricLoader/Mixin) Renaming synthetic method lambda$fabric_setMesh$1(Lnet/minecraft/client/render/model/ErrorCollectingSpriteGetter;Lnet/fabricmc/fabric/api/renderer/v1/mesh/QuadView;)V to mdffa551$fabric-renderer-api-v1$lambda$fabric_setMesh$1$0 in fabric-renderer-api-v1.mixins.json:client.item.BlockModelWrapperMixin from mod fabric-renderer-api-v1
[22:00:54] [main/DEBUG] (FabricLoader/Mixin) Renaming synthetic method lambda$onReturnUpdate$0(Lnet/minecraft/client/render/BlockRenderLayer;Lnet/fabricmc/fabric/api/renderer/v1/mesh/QuadAtlas;Lnet/minecraft/client/render/BlockRenderLayer;)Lnet/minecraft/client/render/RenderLayer; to mdffa551$fabric-renderer-api-v1$lambda$onReturnUpdate$0$1 in fabric-renderer-api-v1.mixins.json:client.item.BlockModelWrapperMixin from mod fabric-renderer-api-v1
[22:00:54] [main/DEBUG] (FabricLoader/Mixin) fabric-renderer-api-v1.mixins.json:client.item.BlockModelWrapperMixin from mod fabric-renderer-api-v1->@Inject::onReturnUpdate(Lnet/minecraft/client/render/item/ItemRenderState;Lnet/minecraft/item/ItemStack;Lnet/minecraft/client/item/ItemModelManager;Lnet/minecraft/item/ItemDisplayContext;Lnet/minecraft/client/world/ClientWorld;Lnet/minecraft/util/HeldItemContext;ILorg/spongepowered/asm/mixin/injection/callback/CallbackInfo;)V doesn't use it's CallbackInfo
[22:00:54] [main/DEBUG] (FabricLoader/Mixin) fabric-renderer-api-v1.mixins.json:client.item.BlockModelWrapperMixin from mod fabric-renderer-api-v1->@Inject::onReturnUpdate(Lnet/minecraft/client/render/item/ItemRenderState;Lnet/minecraft/item/ItemStack;Lnet/minecraft/client/item/ItemModelManager;Lnet/minecraft/item/ItemDisplayContext;Lnet/minecraft/client/world/ClientWorld;Lnet/minecraft/util/HeldItemContext;ILorg/spongepowered/asm/mixin/injection/callback/CallbackInfo;)V has 0 override(s) in child classes
[22:00:54] [main/DEBUG] (FabricLoader/Mixin) fabric-renderer-api-v1.mixins.json:client.item.BlockModelWrapperMixin from mod fabric-renderer-api-v1->@Inject::onReturnUpdate(Lnet/minecraft/client/render/item/ItemRenderState;Lnet/minecraft/item/ItemStack;Lnet/minecraft/client/item/ItemModelManager;Lnet/minecraft/item/ItemDisplayContext;Lnet/minecraft/client/world/ClientWorld;Lnet/minecraft/util/HeldItemContext;ILorg/spongepowered/asm/mixin/injection/callback/CallbackInfo;)V won't be passed a CallbackInfo as a result
[22:00:54] [main/DEBUG] (FabricLoader/Mixin) Mixing SpecialModelRenderersMixin from fabric-rendering-v1.mixins.json into net.minecraft.client.render.item.model.special.SpecialModelTypes
[22:00:54] [main/DEBUG] (FabricLoader/Mixin) fabric-rendering-v1.mixins.json:SpecialModelRenderersMixin from mod fabric-rendering-v1->@Inject::onReturnClinit(Lorg/spongepowered/asm/mixin/injection/callback/CallbackInfo;)V doesn't use it's CallbackInfo
[22:00:54] [main/DEBUG] (FabricLoader/Mixin) Mixing SheetsMixin from fabric-object-builder-v1.client.mixins.json into net.minecraft.client.render.TexturedRenderLayers
[22:00:54] [main/DEBUG] (FabricLoader/Mixin) fabric-object-builder-v1.client.mixins.json:SheetsMixin from mod fabric-object-builder-api-v1->@Inject::onReturnClinit(Lorg/spongepowered/asm/mixin/injection/callback/CallbackInfo;)V doesn't use it's CallbackInfo
[22:00:54] [main/DEBUG] (FabricLoader/Mixin) Mixing RenderPipelineSnippetMixin from fabric-rendering-v1.mixins.json into com.mojang.blaze3d.pipeline.RenderPipeline$Snippet
[22:00:54] [main/DEBUG] (FabricLoader/Mixin) Mixing RenderPipelineMixin from fabric-rendering-v1.mixins.json into com.mojang.blaze3d.pipeline.RenderPipeline
[22:00:54] [main/DEBUG] (FabricLoader/Mixin) Mixing RenderPipelineBuilderMixin from fabric-rendering-v1.mixins.json into com.mojang.blaze3d.pipeline.RenderPipeline$Builder
[22:00:54] [main/DEBUG] (FabricLoader/Mixin) Renaming synthetic method lambda$copyUsePipelineDrawModeForGuiToSnippet$1(Lcom/llamalad7/mixinextras/injector/wrapoperation/Operation;Ljava/util/Optional;Ljava/util/Optional;Ljava/util/Optional;Ljava/util/Optional;Ljava/util/Optional;Ljava/util/Optional;Ljava/util/Optional;Ljava/util/Optional;Ljava/util/Optional;Ljava/util/Optional;Ljava/util/Optional;Ljava/util/Optional;Ljava/util/Optional;Ljava/util/Optional;Ljava/util/Optional;)Lcom/mojang/blaze3d/pipeline/RenderPipeline$Snippet; to mdffa551$fabric-rendering-v1$lambda$copyUsePipelineDrawModeForGuiToSnippet$1$0 in fabric-rendering-v1.mixins.json:RenderPipelineBuilderMixin from mod fabric-rendering-v1
[22:00:54] [main/DEBUG] (FabricLoader/Mixin) Renaming synthetic method lambda$copyUsePipelineDrawModeForGuiFromSnippet$0(Ljava/lang/Boolean;)V to mdffa551$fabric-rendering-v1$lambda$copyUsePipelineDrawModeForGuiFromSnippet$0$1 in fabric-rendering-v1.mixins.json:RenderPipelineBuilderMixin from mod fabric-rendering-v1
[22:00:54] [main/DEBUG] (FabricLoader/Mixin) fabric-rendering-v1.mixins.json:RenderPipelineBuilderMixin from mod fabric-rendering-v1->@Inject::copyUsePipelineDrawModeForGuiFromSnippet(Lcom/mojang/blaze3d/pipeline/RenderPipeline$Snippet;Lorg/spongepowered/asm/mixin/injection/callback/CallbackInfo;)V doesn't use it's CallbackInfo
[22:00:54] [main/DEBUG] (FabricLoader/Mixin) fabric-rendering-v1.mixins.json:RenderPipelineBuilderMixin from mod fabric-rendering-v1->@Inject::copyUsePipelineDrawModeForGuiFromSnippet(Lcom/mojang/blaze3d/pipeline/RenderPipeline$Snippet;Lorg/spongepowered/asm/mixin/injection/callback/CallbackInfo;)V has 0 override(s) in child classes
[22:00:54] [main/DEBUG] (FabricLoader/Mixin) fabric-rendering-v1.mixins.json:RenderPipelineBuilderMixin from mod fabric-rendering-v1->@Inject::copyUsePipelineDrawModeForGuiFromSnippet(Lcom/mojang/blaze3d/pipeline/RenderPipeline$Snippet;Lorg/spongepowered/asm/mixin/injection/callback/CallbackInfo;)V won't be passed a CallbackInfo as a result
[22:00:54] [main/DEBUG] (FabricLoader/Mixin) Mixing client.sprite.TextureAtlasMixin from fabric-renderer-api-v1.mixins.json into net.minecraft.client.texture.SpriteAtlasTexture
[22:00:54] [main/DEBUG] (FabricLoader/Mixin) fabric-renderer-api-v1.mixins.json:client.sprite.TextureAtlasMixin from mod fabric-renderer-api-v1->@Inject::uploadHook(Lnet/minecraft/client/texture/SpriteLoader$StitchResult;Lorg/spongepowered/asm/mixin/injection/callback/CallbackInfo;)V doesn't use it's CallbackInfo
[22:00:54] [main/DEBUG] (FabricLoader/Mixin) fabric-renderer-api-v1.mixins.json:client.sprite.TextureAtlasMixin from mod fabric-renderer-api-v1->@Inject::uploadHook(Lnet/minecraft/client/texture/SpriteLoader$StitchResult;Lorg/spongepowered/asm/mixin/injection/callback/CallbackInfo;)V has 0 override(s) in child classes
[22:00:54] [main/DEBUG] (FabricLoader/Mixin) fabric-renderer-api-v1.mixins.json:client.sprite.TextureAtlasMixin from mod fabric-renderer-api-v1->@Inject::uploadHook(Lnet/minecraft/client/texture/SpriteLoader$StitchResult;Lorg/spongepowered/asm/mixin/injection/callback/CallbackInfo;)V won't be passed a CallbackInfo as a result
[22:00:54] [main/DEBUG] (FabricLoader/Mixin) Mixing ItemRendererAccessor from fabric-renderer-indigo.mixins.json into net.minecraft.client.render.item.ItemRenderer
[22:00:54] [main/DEBUG] (FabricLoader/Mixin) Renaming @Invoker method fabric_getDynamicDisplayGlintConsumer(Lnet/minecraft/client/render/VertexConsumerProvider;Lnet/minecraft/client/render/RenderLayer;Lnet/minecraft/client/util/math/MatrixStack$Entry;)Lnet/minecraft/client/render/VertexConsumer; to fabric_getDynamicDisplayGlintConsumer$fabric-renderer-indigo_$md$ffa551$0 in fabric-renderer-indigo.mixins.json:ItemRendererAccessor from mod fabric-renderer-indigo
[22:00:54] [main/DEBUG] (FabricLoader/Mixin) Mixing RenderStateMixin from fabric-rendering-v1.mixins.json into net.minecraft.client.render.block.entity.state.BlockEntityRenderState
[22:00:54] [main/DEBUG] (FabricLoader/Mixin) Mixing ModelMixin from fabric-rendering-v1.mixins.json into net.minecraft.client.model.Model
[22:00:54] [main/DEBUG] (FabricLoader/Mixin) Renaming synthetic method lambda$copyTransforms$0(Ljava/lang/String;Lnet/minecraft/client/model/ModelPart;)V to mdffa551$fabric-rendering-v1$lambda$copyTransforms$0$0 in fabric-rendering-v1.mixins.json:ModelMixin from mod fabric-rendering-v1
[22:00:54] [main/DEBUG] (FabricLoader/Mixin) fabric-rendering-v1.mixins.json:ModelMixin from mod fabric-rendering-v1->@Inject::fillChildPartMap(Lnet/minecraft/client/model/ModelPart;Ljava/util/function/Function;Lorg/spongepowered/asm/mixin/injection/callback/CallbackInfo;)V doesn't use it's CallbackInfo
[22:00:54] [main/DEBUG] (FabricLoader/Mixin) fabric-rendering-v1.mixins.json:ModelMixin from mod fabric-rendering-v1->@Inject::fillChildPartMap(Lnet/minecraft/client/model/ModelPart;Ljava/util/function/Function;Lorg/spongepowered/asm/mixin/injection/callback/CallbackInfo;)V has 0 override(s) in child classes
[22:00:54] [main/DEBUG] (FabricLoader/Mixin) fabric-rendering-v1.mixins.json:ModelMixin from mod fabric-rendering-v1->@Inject::fillChildPartMap(Lnet/minecraft/client/model/ModelPart;Ljava/util/function/Function;Lorg/spongepowered/asm/mixin/injection/callback/CallbackInfo;)V won't be passed a CallbackInfo as a result
[22:00:54] [main/DEBUG] (FabricLoader/Mixin) Mixing KeyMappingAccessor from fabric-events-interaction-v0.client.mixins.json into net.minecraft.client.option.KeyBinding
[22:00:54] [main/DEBUG] (FabricLoader/Mixin) Mixing KeyMappingAccessor from fabric-key-binding-api-v1.mixins.json into net.minecraft.client.option.KeyBinding
[22:00:54] [main/DEBUG] (FabricLoader/Mixin) Mixing SpriteSourcesAccessor from fabric-rendering-v1.mixins.json into net.minecraft.client.texture.atlas.AtlasSourceManager
[22:00:54] [main/DEBUG] (FabricLoader/Mixin) Renaming @Accessor method getAtlasSourceCodecs()Lnet/minecraft/util/dynamic/Codecs$IdMapper; to getAtlasSourceCodecs$fabric-rendering-v1_$md$ffa551$0 in fabric-rendering-v1.mixins.json:SpriteSourcesAccessor from mod fabric-rendering-v1
[22:00:54] [main/DEBUG] (FabricLoader/Mixin) Mixing ScreenAccessor from fabric-screen-api-v1.mixins.json into net.minecraft.client.gui.screen.Screen
[22:00:54] [main/DEBUG] (FabricLoader/Mixin) Mixing ScreenMixin from fabric-screen-api-v1.mixins.json into net.minecraft.client.gui.screen.Screen
[22:00:54] [main/DEBUG] (FabricLoader/Mixin) fabric-screen-api-v1.mixins.json:ScreenMixin from mod fabric-screen-api-v1->@Inject::renderWithTooltip(Lnet/minecraft/client/gui/DrawContext;IIFLorg/spongepowered/asm/mixin/injection/callback/CallbackInfo;)V doesn't use it's CallbackInfo
[22:00:54] [main/DEBUG] (FabricLoader/Mixin) fabric-screen-api-v1.mixins.json:ScreenMixin from mod fabric-screen-api-v1->@Inject::beforeInitScreen(IILorg/spongepowered/asm/mixin/injection/callback/CallbackInfo;)V doesn't use it's CallbackInfo
[22:00:54] [main/DEBUG] (FabricLoader/Mixin) fabric-screen-api-v1.mixins.json:ScreenMixin from mod fabric-screen-api-v1->@Inject::beforeInitScreen(IILorg/spongepowered/asm/mixin/injection/callback/CallbackInfo;)V has 0 override(s) in child classes
[22:00:54] [main/DEBUG] (FabricLoader/Mixin) fabric-screen-api-v1.mixins.json:ScreenMixin from mod fabric-screen-api-v1->@Inject::beforeInitScreen(IILorg/spongepowered/asm/mixin/injection/callback/CallbackInfo;)V won't be passed a CallbackInfo as a result
[22:00:54] [main/DEBUG] (FabricLoader/Mixin) fabric-screen-api-v1.mixins.json:ScreenMixin from mod fabric-screen-api-v1->@Inject::afterInitScreen(IILorg/spongepowered/asm/mixin/injection/callback/CallbackInfo;)V doesn't use it's CallbackInfo
[22:00:54] [main/DEBUG] (FabricLoader/Mixin) fabric-screen-api-v1.mixins.json:ScreenMixin from mod fabric-screen-api-v1->@Inject::afterInitScreen(IILorg/spongepowered/asm/mixin/injection/callback/CallbackInfo;)V has 0 override(s) in child classes
[22:00:54] [main/DEBUG] (FabricLoader/Mixin) fabric-screen-api-v1.mixins.json:ScreenMixin from mod fabric-screen-api-v1->@Inject::afterInitScreen(IILorg/spongepowered/asm/mixin/injection/callback/CallbackInfo;)V won't be passed a CallbackInfo as a result
[22:00:54] [main/DEBUG] (FabricLoader/Mixin) fabric-screen-api-v1.mixins.json:ScreenMixin from mod fabric-screen-api-v1->@Inject::beforeResizeScreen(IILorg/spongepowered/asm/mixin/injection/callback/CallbackInfo;)V doesn't use it's CallbackInfo
[22:00:54] [main/DEBUG] (FabricLoader/Mixin) fabric-screen-api-v1.mixins.json:ScreenMixin from mod fabric-screen-api-v1->@Inject::beforeResizeScreen(IILorg/spongepowered/asm/mixin/injection/callback/CallbackInfo;)V has 0 override(s) in child classes
[22:00:54] [main/DEBUG] (FabricLoader/Mixin) fabric-screen-api-v1.mixins.json:ScreenMixin from mod fabric-screen-api-v1->@Inject::beforeResizeScreen(IILorg/spongepowered/asm/mixin/injection/callback/CallbackInfo;)V won't be passed a CallbackInfo as a result
[22:00:54] [main/DEBUG] (FabricLoader/Mixin) fabric-screen-api-v1.mixins.json:ScreenMixin from mod fabric-screen-api-v1->@Inject::afterResizeScreen(IILorg/spongepowered/asm/mixin/injection/callback/CallbackInfo;)V doesn't use it's CallbackInfo
[22:00:54] [main/DEBUG] (FabricLoader/Mixin) fabric-screen-api-v1.mixins.json:ScreenMixin from mod fabric-screen-api-v1->@Inject::afterResizeScreen(IILorg/spongepowered/asm/mixin/injection/callback/CallbackInfo;)V has 0 override(s) in child classes
[22:00:54] [main/DEBUG] (FabricLoader/Mixin) fabric-screen-api-v1.mixins.json:ScreenMixin from mod fabric-screen-api-v1->@Inject::afterResizeScreen(IILorg/spongepowered/asm/mixin/injection/callback/CallbackInfo;)V won't be passed a CallbackInfo as a result
[22:00:54] [main/DEBUG] (FabricLoader/Mixin) Mixing ClientLevelMixin from fabric-rendering-v1.mixins.json into net.minecraft.client.world.ClientWorld
[22:00:54] [main/DEBUG] (FabricLoader/Mixin) Renaming synthetic method lambda$new$1(Lnet/minecraft/world/biome/ColorResolver;)Lnet/minecraft/client/world/BiomeColorCache; to mdffa551$fabric-rendering-v1$lambda$new$1$0 in fabric-rendering-v1.mixins.json:ClientLevelMixin from mod fabric-rendering-v1
[22:00:54] [main/DEBUG] (FabricLoader/Mixin) Renaming synthetic method lambda$new$0(Lnet/minecraft/world/biome/ColorResolver;Lnet/minecraft/util/math/BlockPos;)I to mdffa551$fabric-rendering-v1$lambda$new$0$1 in fabric-rendering-v1.mixins.json:ClientLevelMixin from mod fabric-rendering-v1
[22:00:54] [main/DEBUG] (FabricLoader/Mixin) Mixing ClientLevelMixin from fabric-lifecycle-events-v1.client.mixins.json into net.minecraft.client.world.ClientWorld
[22:00:54] [main/DEBUG] (FabricLoader/Mixin) fabric-rendering-v1.mixins.json:ClientLevelMixin from mod fabric-rendering-v1->@Inject::onResetChunkColor(Lnet/minecraft/util/math/ChunkPos;Lorg/spongepowered/asm/mixin/injection/callback/CallbackInfo;)V doesn't use it's CallbackInfo
[22:00:54] [main/DEBUG] (FabricLoader/Mixin) fabric-rendering-v1.mixins.json:ClientLevelMixin from mod fabric-rendering-v1->@Inject::onResetChunkColor(Lnet/minecraft/util/math/ChunkPos;Lorg/spongepowered/asm/mixin/injection/callback/CallbackInfo;)V has 0 override(s) in child classes
[22:00:54] [main/DEBUG] (FabricLoader/Mixin) fabric-rendering-v1.mixins.json:ClientLevelMixin from mod fabric-rendering-v1->@Inject::onResetChunkColor(Lnet/minecraft/util/math/ChunkPos;Lorg/spongepowered/asm/mixin/injection/callback/CallbackInfo;)V won't be passed a CallbackInfo as a result
[22:00:54] [main/DEBUG] (FabricLoader/Mixin) fabric-rendering-v1.mixins.json:ClientLevelMixin from mod fabric-rendering-v1->@Inject::onReloadColor(Lorg/spongepowered/asm/mixin/injection/callback/CallbackInfo;)V doesn't use it's CallbackInfo
[22:00:54] [main/DEBUG] (FabricLoader/Mixin) fabric-rendering-v1.mixins.json:ClientLevelMixin from mod fabric-rendering-v1->@Inject::onReloadColor(Lorg/spongepowered/asm/mixin/injection/callback/CallbackInfo;)V has 0 override(s) in child classes
[22:00:54] [main/DEBUG] (FabricLoader/Mixin) fabric-rendering-v1.mixins.json:ClientLevelMixin from mod fabric-rendering-v1->@Inject::onReloadColor(Lorg/spongepowered/asm/mixin/injection/callback/CallbackInfo;)V won't be passed a CallbackInfo as a result
[22:00:54] [main/DEBUG] (FabricLoader/Mixin) fabric-lifecycle-events-v1.client.mixins.json:ClientLevelMixin from mod fabric-lifecycle-events-v1->@Inject::tickWorldAfterBlockEntities(Lorg/spongepowered/asm/mixin/injection/callback/CallbackInfo;)V doesn't use it's CallbackInfo
[22:00:54] [main/DEBUG] (FabricLoader/Mixin) fabric-lifecycle-events-v1.client.mixins.json:ClientLevelMixin from mod fabric-lifecycle-events-v1->@Inject::tickWorldAfterBlockEntities(Lorg/spongepowered/asm/mixin/injection/callback/CallbackInfo;)V has 0 override(s) in child classes
[22:00:54] [main/DEBUG] (FabricLoader/Mixin) fabric-lifecycle-events-v1.client.mixins.json:ClientLevelMixin from mod fabric-lifecycle-events-v1->@Inject::tickWorldAfterBlockEntities(Lorg/spongepowered/asm/mixin/injection/callback/CallbackInfo;)V won't be passed a CallbackInfo as a result
[22:00:54] [main/DEBUG] (FabricLoader/Mixin) fabric-lifecycle-events-v1.client.mixins.json:ClientLevelMixin from mod fabric-lifecycle-events-v1->@Inject::startWorldTick(Lorg/spongepowered/asm/mixin/injection/callback/CallbackInfo;)V doesn't use it's CallbackInfo
[22:00:54] [main/DEBUG] (FabricLoader/Mixin) fabric-lifecycle-events-v1.client.mixins.json:ClientLevelMixin from mod fabric-lifecycle-events-v1->@Inject::startWorldTick(Lorg/spongepowered/asm/mixin/injection/callback/CallbackInfo;)V has 0 override(s) in child classes
[22:00:54] [main/DEBUG] (FabricLoader/Mixin) fabric-lifecycle-events-v1.client.mixins.json:ClientLevelMixin from mod fabric-lifecycle-events-v1->@Inject::startWorldTick(Lorg/spongepowered/asm/mixin/injection/callback/CallbackInfo;)V won't be passed a CallbackInfo as a result
[22:00:54] [main/DEBUG] (FabricLoader/Mixin) Mixing AccessorClickableWidget from mixins.modmenu.json into net.minecraft.client.gui.widget.ClickableWidget
[22:00:54] [main/DEBUG] (FabricLoader/Mixin) Mixing DefaultAttributesAccessor from fabric-object-builder-v1.mixins.json into net.minecraft.entity.attribute.DefaultAttributeRegistry
[22:00:54] [main/DEBUG] (FabricLoader/Mixin) Renaming @Accessor method getRegistry()Ljava/util/Map; to getRegistry$fabric-object-builder-api-v1_$md$ffa551$0 in fabric-object-builder-v1.mixins.json:DefaultAttributesAccessor from mod fabric-object-builder-api-v1
[22:00:54] [main/DEBUG] (FabricLoader/Mixin) Mixing DefaultAttributesMixin from fabric-object-builder-v1.mixins.json into net.minecraft.entity.attribute.DefaultAttributeRegistry
[22:00:54] [main/DEBUG] (FabricLoader/Mixin) fabric-object-builder-v1.mixins.json:DefaultAttributesMixin from mod fabric-object-builder-api-v1->@Inject::injectAttributes(Lorg/spongepowered/asm/mixin/injection/callback/CallbackInfo;)V doesn't use it's CallbackInfo
[22:00:54] [Render thread/DEBUG] (FabricLoader/Mixin) Mixing MinecraftMixin from fabric-events-interaction-v0.client.mixins.json into net.minecraft.client.MinecraftClient
[22:00:54] [Render thread/DEBUG] (FabricLoader/Mixin) Mixing MinecraftMixin from fabric-screen-api-v1.mixins.json into net.minecraft.client.MinecraftClient
[22:00:54] [Render thread/DEBUG] (FabricLoader/Mixin) Renaming @Unique field LOGGERLorg/slf4j/Logger; to fdffa551$fabric-screen-api-v1$LOGGER$0 in fabric-screen-api-v1.mixins.json:MinecraftMixin from mod fabric-screen-api-v1
[22:00:54] [Render thread/DEBUG] (FabricLoader/Mixin) Mixing MinecraftMixin from fabric-lifecycle-events-v1.client.mixins.json into net.minecraft.client.MinecraftClient
[22:00:54] [Render thread/DEBUG] (FabricLoader/Mixin) Mixing accessor.MinecraftAccessor from fabric-networking-api-v1.client.mixins.json into net.minecraft.client.MinecraftClient
[22:00:54] [Render thread/DEBUG] (FabricLoader/Mixin) Mixing MinecraftMixin from fabric-data-generation-api-v1.client.mixins.json into net.minecraft.client.MinecraftClient
[22:00:54] [Render thread/DEBUG] (FabricLoader/Mixin) Mixing ExampleClientMixin from live-majin-reaction.client.mixins.json into net.minecraft.client.MinecraftClient
[22:00:54] [Render thread/DEBUG] (FabricLoader/Mixin) Mixing MinecraftMixin from fabric-registry-sync-v0.client.mixins.json into net.minecraft.client.MinecraftClient
[22:00:54] [Render thread/DEBUG] (FabricLoader/Mixin) fabric-events-interaction-v0.client.mixins.json:MinecraftMixin from mod fabric-events-interaction-v0->@Inject::injectUseEntityCallback(Lorg/spongepowered/asm/mixin/injection/callback/CallbackInfo;)V does use it's CallbackInfo
[22:00:54] [Render thread/DEBUG] (FabricLoader/Mixin) fabric-events-interaction-v0.client.mixins.json:MinecraftMixin from mod fabric-events-interaction-v0->@Inject::injectHandleInputEventsForPreAttackCallback(Lorg/spongepowered/asm/mixin/injection/callback/CallbackInfo;)V doesn't use it's CallbackInfo
[22:00:54] [Render thread/DEBUG] (FabricLoader/Mixin) fabric-events-interaction-v0.client.mixins.json:MinecraftMixin from mod fabric-events-interaction-v0->@Inject::injectHandleInputEventsForPreAttackCallback(Lorg/spongepowered/asm/mixin/injection/callback/CallbackInfo;)V has 0 override(s) in child classes
[22:00:54] [Render thread/DEBUG] (FabricLoader/Mixin) fabric-events-interaction-v0.client.mixins.json:MinecraftMixin from mod fabric-events-interaction-v0->@Inject::injectHandleInputEventsForPreAttackCallback(Lorg/spongepowered/asm/mixin/injection/callback/CallbackInfo;)V won't be passed a CallbackInfo as a result
[22:00:54] [Render thread/DEBUG] (FabricLoader/Mixin) fabric-events-interaction-v0.client.mixins.json:MinecraftMixin from mod fabric-events-interaction-v0->@Inject::injectDoAttackForCancelling(Lorg/spongepowered/asm/mixin/injection/callback/CallbackInfoReturnable;)V does use it's CallbackInfoReturnable
[22:00:54] [Render thread/DEBUG] (FabricLoader/Mixin) fabric-events-interaction-v0.client.mixins.json:MinecraftMixin from mod fabric-events-interaction-v0->@Inject::injectHandleBlockBreakingForCancelling(ZLorg/spongepowered/asm/mixin/injection/callback/CallbackInfo;)V does use it's CallbackInfo
[22:00:54] [Render thread/DEBUG] (FabricLoader/Mixin) fabric-screen-api-v1.mixins.json:MinecraftMixin from mod fabric-screen-api-v1->@Inject::checkThreadOnDev(Lnet/minecraft/client/gui/screen/Screen;Lorg/spongepowered/asm/mixin/injection/callback/CallbackInfo;)V doesn't use it's CallbackInfo
[22:00:54] [Render thread/DEBUG] (FabricLoader/Mixin) fabric-screen-api-v1.mixins.json:MinecraftMixin from mod fabric-screen-api-v1->@Inject::checkThreadOnDev(Lnet/minecraft/client/gui/screen/Screen;Lorg/spongepowered/asm/mixin/injection/callback/CallbackInfo;)V has 0 override(s) in child classes
[22:00:54] [Render thread/DEBUG] (FabricLoader/Mixin) fabric-screen-api-v1.mixins.json:MinecraftMixin from mod fabric-screen-api-v1->@Inject::checkThreadOnDev(Lnet/minecraft/client/gui/screen/Screen;Lorg/spongepowered/asm/mixin/injection/callback/CallbackInfo;)V won't be passed a CallbackInfo as a result
[22:00:54] [Render thread/DEBUG] (FabricLoader/Mixin) fabric-screen-api-v1.mixins.json:MinecraftMixin from mod fabric-screen-api-v1->@Inject::onScreenRemove(Lnet/minecraft/client/gui/screen/Screen;Lorg/spongepowered/asm/mixin/injection/callback/CallbackInfo;)V doesn't use it's CallbackInfo
[22:00:54] [Render thread/DEBUG] (FabricLoader/Mixin) fabric-screen-api-v1.mixins.json:MinecraftMixin from mod fabric-screen-api-v1->@Inject::onScreenRemove(Lnet/minecraft/client/gui/screen/Screen;Lorg/spongepowered/asm/mixin/injection/callback/CallbackInfo;)V has 0 override(s) in child classes
[22:00:54] [Render thread/DEBUG] (FabricLoader/Mixin) fabric-screen-api-v1.mixins.json:MinecraftMixin from mod fabric-screen-api-v1->@Inject::onScreenRemove(Lnet/minecraft/client/gui/screen/Screen;Lorg/spongepowered/asm/mixin/injection/callback/CallbackInfo;)V won't be passed a CallbackInfo as a result
[22:00:54] [Render thread/DEBUG] (FabricLoader/Mixin) fabric-screen-api-v1.mixins.json:MinecraftMixin from mod fabric-screen-api-v1->@Inject::onScreenRemoveBecauseStopping(Lorg/spongepowered/asm/mixin/injection/callback/CallbackInfo;)V doesn't use it's CallbackInfo
[22:00:54] [Render thread/DEBUG] (FabricLoader/Mixin) fabric-screen-api-v1.mixins.json:MinecraftMixin from mod fabric-screen-api-v1->@Inject::onScreenRemoveBecauseStopping(Lorg/spongepowered/asm/mixin/injection/callback/CallbackInfo;)V has 0 override(s) in child classes
[22:00:54] [Render thread/DEBUG] (FabricLoader/Mixin) fabric-screen-api-v1.mixins.json:MinecraftMixin from mod fabric-screen-api-v1->@Inject::onScreenRemoveBecauseStopping(Lorg/spongepowered/asm/mixin/injection/callback/CallbackInfo;)V won't be passed a CallbackInfo as a result
[22:00:54] [Render thread/DEBUG] (FabricLoader/Mixin) fabric-screen-api-v1.mixins.json:MinecraftMixin from mod fabric-screen-api-v1->@Inject::beforeScreenTick(Lorg/spongepowered/asm/mixin/injection/callback/CallbackInfo;)V doesn't use it's CallbackInfo
[22:00:54] [Render thread/DEBUG] (FabricLoader/Mixin) fabric-screen-api-v1.mixins.json:MinecraftMixin from mod fabric-screen-api-v1->@Inject::beforeScreenTick(Lorg/spongepowered/asm/mixin/injection/callback/CallbackInfo;)V has 0 override(s) in child classes
[22:00:54] [Render thread/DEBUG] (FabricLoader/Mixin) fabric-screen-api-v1.mixins.json:MinecraftMixin from mod fabric-screen-api-v1->@Inject::beforeScreenTick(Lorg/spongepowered/asm/mixin/injection/callback/CallbackInfo;)V won't be passed a CallbackInfo as a result
[22:00:54] [Render thread/DEBUG] (FabricLoader/Mixin) fabric-screen-api-v1.mixins.json:MinecraftMixin from mod fabric-screen-api-v1->@Inject::afterScreenTick(Lorg/spongepowered/asm/mixin/injection/callback/CallbackInfo;)V doesn't use it's CallbackInfo
[22:00:54] [Render thread/DEBUG] (FabricLoader/Mixin) fabric-screen-api-v1.mixins.json:MinecraftMixin from mod fabric-screen-api-v1->@Inject::afterScreenTick(Lorg/spongepowered/asm/mixin/injection/callback/CallbackInfo;)V has 0 override(s) in child classes
[22:00:54] [Render thread/DEBUG] (FabricLoader/Mixin) fabric-screen-api-v1.mixins.json:MinecraftMixin from mod fabric-screen-api-v1->@Inject::afterScreenTick(Lorg/spongepowered/asm/mixin/injection/callback/CallbackInfo;)V won't be passed a CallbackInfo as a result
[22:00:54] [Render thread/DEBUG] (FabricLoader/Mixin) fabric-screen-api-v1.mixins.json:MinecraftMixin from mod fabric-screen-api-v1->@Inject::beforeLoadingScreenTick(Lorg/spongepowered/asm/mixin/injection/callback/CallbackInfo;)V doesn't use it's CallbackInfo
[22:00:54] [Render thread/DEBUG] (FabricLoader/Mixin) fabric-screen-api-v1.mixins.json:MinecraftMixin from mod fabric-screen-api-v1->@Inject::beforeLoadingScreenTick(Lorg/spongepowered/asm/mixin/injection/callback/CallbackInfo;)V has 0 override(s) in child classes
[22:00:54] [Render thread/DEBUG] (FabricLoader/Mixin) fabric-screen-api-v1.mixins.json:MinecraftMixin from mod fabric-screen-api-v1->@Inject::beforeLoadingScreenTick(Lorg/spongepowered/asm/mixin/injection/callback/CallbackInfo;)V won't be passed a CallbackInfo as a result
[22:00:54] [Render thread/DEBUG] (FabricLoader/Mixin) fabric-screen-api-v1.mixins.json:MinecraftMixin from mod fabric-screen-api-v1->@Inject::afterLoadingScreenTick(Lorg/spongepowered/asm/mixin/injection/callback/CallbackInfo;)V doesn't use it's CallbackInfo
[22:00:54] [Render thread/DEBUG] (FabricLoader/Mixin) fabric-screen-api-v1.mixins.json:MinecraftMixin from mod fabric-screen-api-v1->@Inject::afterLoadingScreenTick(Lorg/spongepowered/asm/mixin/injection/callback/CallbackInfo;)V has 0 override(s) in child classes
[22:00:54] [Render thread/DEBUG] (FabricLoader/Mixin) fabric-screen-api-v1.mixins.json:MinecraftMixin from mod fabric-screen-api-v1->@Inject::afterLoadingScreenTick(Lorg/spongepowered/asm/mixin/injection/callback/CallbackInfo;)V won't be passed a CallbackInfo as a result
[22:00:54] [Render thread/DEBUG] (FabricLoader/Mixin) fabric-lifecycle-events-v1.client.mixins.json:MinecraftMixin from mod fabric-lifecycle-events-v1->@Inject::onStartTick(Lorg/spongepowered/asm/mixin/injection/callback/CallbackInfo;)V doesn't use it's CallbackInfo
[22:00:54] [Render thread/DEBUG] (FabricLoader/Mixin) fabric-lifecycle-events-v1.client.mixins.json:MinecraftMixin from mod fabric-lifecycle-events-v1->@Inject::onStartTick(Lorg/spongepowered/asm/mixin/injection/callback/CallbackInfo;)V has 0 override(s) in child classes
[22:00:54] [Render thread/DEBUG] (FabricLoader/Mixin) fabric-lifecycle-events-v1.client.mixins.json:MinecraftMixin from mod fabric-lifecycle-events-v1->@Inject::onStartTick(Lorg/spongepowered/asm/mixin/injection/callback/CallbackInfo;)V won't be passed a CallbackInfo as a result
[22:00:54] [Render thread/DEBUG] (FabricLoader/Mixin) fabric-lifecycle-events-v1.client.mixins.json:MinecraftMixin from mod fabric-lifecycle-events-v1->@Inject::onEndTick(Lorg/spongepowered/asm/mixin/injection/callback/CallbackInfo;)V doesn't use it's CallbackInfo
[22:00:54] [Render thread/DEBUG] (FabricLoader/Mixin) fabric-lifecycle-events-v1.client.mixins.json:MinecraftMixin from mod fabric-lifecycle-events-v1->@Inject::onEndTick(Lorg/spongepowered/asm/mixin/injection/callback/CallbackInfo;)V has 0 override(s) in child classes
[22:00:54] [Render thread/DEBUG] (FabricLoader/Mixin) fabric-lifecycle-events-v1.client.mixins.json:MinecraftMixin from mod fabric-lifecycle-events-v1->@Inject::onEndTick(Lorg/spongepowered/asm/mixin/injection/callback/CallbackInfo;)V won't be passed a CallbackInfo as a result
[22:00:54] [Render thread/DEBUG] (FabricLoader/Mixin) fabric-lifecycle-events-v1.client.mixins.json:MinecraftMixin from mod fabric-lifecycle-events-v1->@Inject::onStopping(Lorg/spongepowered/asm/mixin/injection/callback/CallbackInfo;)V doesn't use it's CallbackInfo
[22:00:54] [Render thread/DEBUG] (FabricLoader/Mixin) fabric-lifecycle-events-v1.client.mixins.json:MinecraftMixin from mod fabric-lifecycle-events-v1->@Inject::onStopping(Lorg/spongepowered/asm/mixin/injection/callback/CallbackInfo;)V has 0 override(s) in child classes
[22:00:54] [Render thread/DEBUG] (FabricLoader/Mixin) fabric-lifecycle-events-v1.client.mixins.json:MinecraftMixin from mod fabric-lifecycle-events-v1->@Inject::onStopping(Lorg/spongepowered/asm/mixin/injection/callback/CallbackInfo;)V won't be passed a CallbackInfo as a result
[22:00:54] [Render thread/DEBUG] (FabricLoader/Mixin) fabric-lifecycle-events-v1.client.mixins.json:MinecraftMixin from mod fabric-lifecycle-events-v1->@Inject::onStart(Lorg/spongepowered/asm/mixin/injection/callback/CallbackInfo;)V doesn't use it's CallbackInfo
[22:00:54] [Render thread/DEBUG] (FabricLoader/Mixin) fabric-lifecycle-events-v1.client.mixins.json:MinecraftMixin from mod fabric-lifecycle-events-v1->@Inject::onStart(Lorg/spongepowered/asm/mixin/injection/callback/CallbackInfo;)V has 0 override(s) in child classes
[22:00:54] [Render thread/DEBUG] (FabricLoader/Mixin) fabric-lifecycle-events-v1.client.mixins.json:MinecraftMixin from mod fabric-lifecycle-events-v1->@Inject::onStart(Lorg/spongepowered/asm/mixin/injection/callback/CallbackInfo;)V won't be passed a CallbackInfo as a result
[22:00:54] [Render thread/DEBUG] (FabricLoader/Mixin) fabric-lifecycle-events-v1.client.mixins.json:MinecraftMixin from mod fabric-lifecycle-events-v1->@Inject::afterClientWorldChange(Lnet/minecraft/client/world/ClientWorld;Lorg/spongepowered/asm/mixin/injection/callback/CallbackInfo;)V doesn't use it's CallbackInfo
[22:00:54] [Render thread/DEBUG] (FabricLoader/Mixin) fabric-lifecycle-events-v1.client.mixins.json:MinecraftMixin from mod fabric-lifecycle-events-v1->@Inject::afterClientWorldChange(Lnet/minecraft/client/world/ClientWorld;Lorg/spongepowered/asm/mixin/injection/callback/CallbackInfo;)V has 0 override(s) in child classes
[22:00:54] [Render thread/DEBUG] (FabricLoader/Mixin) fabric-lifecycle-events-v1.client.mixins.json:MinecraftMixin from mod fabric-lifecycle-events-v1->@Inject::afterClientWorldChange(Lnet/minecraft/client/world/ClientWorld;Lorg/spongepowered/asm/mixin/injection/callback/CallbackInfo;)V won't be passed a CallbackInfo as a result
[22:00:54] [Render thread/DEBUG] (FabricLoader/Mixin) fabric-data-generation-api-v1.client.mixins.json:MinecraftMixin from mod fabric-data-generation-api-v1->@Inject::main(Lorg/spongepowered/asm/mixin/injection/callback/CallbackInfo;)V doesn't use it's CallbackInfo
[22:00:54] [Render thread/DEBUG] (FabricLoader/Mixin) fabric-data-generation-api-v1.client.mixins.json:MinecraftMixin from mod fabric-data-generation-api-v1->@Inject::main(Lorg/spongepowered/asm/mixin/injection/callback/CallbackInfo;)V has 0 override(s) in child classes
[22:00:54] [Render thread/DEBUG] (FabricLoader/Mixin) fabric-data-generation-api-v1.client.mixins.json:MinecraftMixin from mod fabric-data-generation-api-v1->@Inject::main(Lorg/spongepowered/asm/mixin/injection/callback/CallbackInfo;)V won't be passed a CallbackInfo as a result
[22:00:54] [Render thread/DEBUG] (FabricLoader/Mixin) live-majin-reaction.client.mixins.json:ExampleClientMixin from mod live-majin-reaction->@Inject::init(Lorg/spongepowered/asm/mixin/injection/callback/CallbackInfo;)V doesn't use it's CallbackInfo
[22:00:54] [Render thread/DEBUG] (FabricLoader/Mixin) live-majin-reaction.client.mixins.json:ExampleClientMixin from mod live-majin-reaction->@Inject::init(Lorg/spongepowered/asm/mixin/injection/callback/CallbackInfo;)V has 0 override(s) in child classes
[22:00:54] [Render thread/DEBUG] (FabricLoader/Mixin) live-majin-reaction.client.mixins.json:ExampleClientMixin from mod live-majin-reaction->@Inject::init(Lorg/spongepowered/asm/mixin/injection/callback/CallbackInfo;)V won't be passed a CallbackInfo as a result
[22:00:54] [Render thread/DEBUG] (FabricLoader/Mixin) fabric-registry-sync-v0.client.mixins.json:MinecraftMixin from mod fabric-registry-sync-v0->@Inject::disconnectAfter(Lnet/minecraft/client/gui/screen/Screen;ZZLorg/spongepowered/asm/mixin/injection/callback/CallbackInfo;)V doesn't use it's CallbackInfo
[22:00:54] [Render thread/DEBUG] (FabricLoader/Mixin) fabric-registry-sync-v0.client.mixins.json:MinecraftMixin from mod fabric-registry-sync-v0->@Inject::disconnectAfter(Lnet/minecraft/client/gui/screen/Screen;ZZLorg/spongepowered/asm/mixin/injection/callback/CallbackInfo;)V has 0 override(s) in child classes
[22:00:54] [Render thread/DEBUG] (FabricLoader/Mixin) fabric-registry-sync-v0.client.mixins.json:MinecraftMixin from mod fabric-registry-sync-v0->@Inject::disconnectAfter(Lnet/minecraft/client/gui/screen/Screen;ZZLorg/spongepowered/asm/mixin/injection/callback/CallbackInfo;)V won't be passed a CallbackInfo as a result
[22:00:54] [Render thread/DEBUG] (FabricLoader/Mixin) fabric-registry-sync-v0.client.mixins.json:MinecraftMixin from mod fabric-registry-sync-v0->@Inject::afterModInit(Lorg/spongepowered/asm/mixin/injection/callback/CallbackInfo;)V doesn't use it's CallbackInfo
[22:00:54] [Render thread/DEBUG] (FabricLoader/Mixin) fabric-registry-sync-v0.client.mixins.json:MinecraftMixin from mod fabric-registry-sync-v0->@Inject::afterModInit(Lorg/spongepowered/asm/mixin/injection/callback/CallbackInfo;)V has 0 override(s) in child classes
[22:00:54] [Render thread/DEBUG] (FabricLoader/Mixin) fabric-registry-sync-v0.client.mixins.json:MinecraftMixin from mod fabric-registry-sync-v0->@Inject::afterModInit(Lorg/spongepowered/asm/mixin/injection/callback/CallbackInfo;)V won't be passed a CallbackInfo as a result
[22:00:54] [Render thread/DEBUG] (FabricLoader/Mixin) Mixing MixinTitleScreen from mixins.modmenu.json into net.minecraft.client.gui.screen.TitleScreen
[22:00:54] [Render thread/DEBUG] (FabricLoader/Mixin) Mixing MixinGameMenu from mixins.modmenu.json into net.minecraft.client.gui.screen.GameMenuScreen
[22:00:54] [Render thread/DEBUG] (FabricLoader/Mixin) Renaming @Accessor method getCUSTOM_OPTIONS_TOOLTIP()Lnet/minecraft/client/gui/tooltip/Tooltip; to getCUSTOM_OPTIONS_TOOLTIP$modmenu_$md$ffa551$0 in mixins.modmenu.json:MixinGameMenu from mod modmenu
[22:00:54] [Render thread/DEBUG] (FabricLoader/Mixin) Renaming synthetic method lambda$onInitWidgets$2(Lnet/minecraft/client/gui/widget/ButtonWidget;)V to mdffa551$modmenu$lambda$onInitWidgets$2$1 in mixins.modmenu.json:MixinGameMenu from mod modmenu
[22:00:54] [Render thread/DEBUG] (FabricLoader/Mixin) Renaming synthetic method lambda$onInitWidgets$1(Lnet/minecraft/client/gui/widget/Widget;)V to mdffa551$modmenu$lambda$onInitWidgets$1$2 in mixins.modmenu.json:MixinGameMenu from mod modmenu
[22:00:54] [Render thread/DEBUG] (FabricLoader/Mixin) Renaming synthetic method lambda$onInitWidgets$0(Lnet/minecraft/client/gui/widget/Widget;)Z to mdffa551$modmenu$lambda$onInitWidgets$0$3 in mixins.modmenu.json:MixinGameMenu from mod modmenu
[22:00:54] [Render thread/DEBUG] (FabricLoader/Mixin) mixins.modmenu.json:MixinGameMenu from mod modmenu->@Inject::onInitWidgets(Lorg/spongepowered/asm/mixin/injection/callback/CallbackInfo;Lnet/minecraft/client/gui/widget/GridWidget;)V doesn't use it's CallbackInfo
[22:00:54] [Render thread/DEBUG] (FabricLoader/Mixin) mixins.modmenu.json:MixinGameMenu from mod modmenu->@Inject::onInitWidgets(Lorg/spongepowered/asm/mixin/injection/callback/CallbackInfo;Lnet/minecraft/client/gui/widget/GridWidget;)V has 0 override(s) in child classes
[22:00:54] [Render thread/DEBUG] (FabricLoader/Mixin) mixins.modmenu.json:MixinGameMenu from mod modmenu->@Inject::onInitWidgets(Lorg/spongepowered/asm/mixin/injection/callback/CallbackInfo;Lnet/minecraft/client/gui/widget/GridWidget;)V won't be passed a CallbackInfo as a result
[22:00:54] [Render thread/DEBUG] (FabricLoader/Mixin) Mixing AbstractContainerScreenMixin from fabric-screen-api-v1.mixins.json into net.minecraft.client.gui.screen.ingame.HandledScreen
[22:00:54] [Render thread/DEBUG] (FabricLoader/Mixin) fabric-screen-api-v1.mixins.json:AbstractContainerScreenMixin from mod fabric-screen-api-v1->@Inject::callSuperMouseReleased(Lnet/minecraft/client/gui/Click;Lorg/spongepowered/asm/mixin/injection/callback/CallbackInfoReturnable;)V does use it's CallbackInfoReturnable
[22:00:54] [Render thread/DEBUG] (FabricLoader/Mixin) fabric-screen-api-v1.mixins.json:AbstractContainerScreenMixin from mod fabric-screen-api-v1->@Inject::callSuperMouseReleased(Lnet/minecraft/client/gui/Click;DDLorg/spongepowered/asm/mixin/injection/callback/CallbackInfoReturnable;)V does use it's CallbackInfoReturnable
[22:00:54] [Render thread/DEBUG] (FabricLoader/Mixin) Mixing KeyedClientResourceReloadListenerMixin from fabric-resource-loader-v1.client.mixins.json into net.minecraft.client.resource.PeriodicNotificationManager
[22:00:54] [Render thread/DEBUG] (FabricLoader/Mixin) Mixing BuiltInPackSourceMixin from fabric-resource-loader-v1.client.mixins.json into net.minecraft.resource.VanillaResourcePackProvider
[22:00:54] [Render thread/DEBUG] (FabricLoader/Mixin) fabric-resource-loader-v1.client.mixins.json:BuiltInPackSourceMixin from mod fabric-resource-loader-v1->@Inject::addBuiltinResourcePacks(Ljava/util/function/Consumer;Lorg/spongepowered/asm/mixin/injection/callback/CallbackInfo;)V doesn't use it's CallbackInfo
[22:00:54] [Render thread/DEBUG] (FabricLoader/Mixin) fabric-resource-loader-v1.client.mixins.json:BuiltInPackSourceMixin from mod fabric-resource-loader-v1->@Inject::addBuiltinResourcePacks(Ljava/util/function/Consumer;Lorg/spongepowered/asm/mixin/injection/callback/CallbackInfo;)V has 0 override(s) in child classes
[22:00:54] [Render thread/DEBUG] (FabricLoader/Mixin) fabric-resource-loader-v1.client.mixins.json:BuiltInPackSourceMixin from mod fabric-resource-loader-v1->@Inject::addBuiltinResourcePacks(Ljava/util/function/Consumer;Lorg/spongepowered/asm/mixin/injection/callback/CallbackInfo;)V won't be passed a CallbackInfo as a result
[22:00:55] [Render thread/DEBUG] (FabricLoader/Mixin) Mixing PackRepositoryMixin from fabric-resource-loader-v1.mixins.json into net.minecraft.resource.ResourcePackManager
[22:00:55] [Render thread/DEBUG] (FabricLoader/Mixin) Renaming synthetic method lambda$handleAutoDisable$0(Ljava/util/Set;Lnet/minecraft/resource/ResourcePackProfile;)Z to mdffa551$fabric-resource-loader-v1$lambda$handleAutoDisable$0$0 in fabric-resource-loader-v1.mixins.json:PackRepositoryMixin from mod fabric-resource-loader-v1
[22:00:55] [Render thread/DEBUG] (FabricLoader/Mixin) fabric-resource-loader-v1.mixins.json:PackRepositoryMixin from mod fabric-resource-loader-v1->@Inject::construct([Lnet/minecraft/resource/ResourcePackProvider;Lorg/spongepowered/asm/mixin/injection/callback/CallbackInfo;)V doesn't use it's CallbackInfo
[22:00:55] [Render thread/DEBUG] (FabricLoader/Mixin) fabric-resource-loader-v1.mixins.json:PackRepositoryMixin from mod fabric-resource-loader-v1->@Inject::construct([Lnet/minecraft/resource/ResourcePackProvider;Lorg/spongepowered/asm/mixin/injection/callback/CallbackInfo;)V has 0 override(s) in child classes
[22:00:55] [Render thread/DEBUG] (FabricLoader/Mixin) fabric-resource-loader-v1.mixins.json:PackRepositoryMixin from mod fabric-resource-loader-v1->@Inject::construct([Lnet/minecraft/resource/ResourcePackProvider;Lorg/spongepowered/asm/mixin/injection/callback/CallbackInfo;)V won't be passed a CallbackInfo as a result
[22:00:55] [Render thread/DEBUG] (FabricLoader/Mixin) fabric-resource-loader-v1.mixins.json:PackRepositoryMixin from mod fabric-resource-loader-v1->@Inject::handleAutoEnableDisable(Ljava/util/Collection;Lorg/spongepowered/asm/mixin/injection/callback/CallbackInfoReturnable;)V doesn't use it's CallbackInfoReturnable
[22:00:55] [Render thread/DEBUG] (FabricLoader/Mixin) fabric-resource-loader-v1.mixins.json:PackRepositoryMixin from mod fabric-resource-loader-v1->@Inject::handleAutoEnableDisable(Ljava/util/Collection;Lorg/spongepowered/asm/mixin/injection/callback/CallbackInfoReturnable;)V has 0 override(s) in child classes
[22:00:55] [Render thread/DEBUG] (FabricLoader/Mixin) fabric-resource-loader-v1.mixins.json:PackRepositoryMixin from mod fabric-resource-loader-v1->@Inject::handleAutoEnableDisable(Ljava/util/Collection;Lorg/spongepowered/asm/mixin/injection/callback/CallbackInfoReturnable;)V won't be passed a CallbackInfoReturnable as a result
[22:00:55] [Render thread/DEBUG] (FabricLoader/Mixin) fabric-resource-loader-v1.mixins.json:PackRepositoryMixin from mod fabric-resource-loader-v1->@Inject::handleAutoEnable(Ljava/lang/String;Lorg/spongepowered/asm/mixin/injection/callback/CallbackInfoReturnable;)V doesn't use it's CallbackInfoReturnable
[22:00:55] [Render thread/DEBUG] (FabricLoader/Mixin) fabric-resource-loader-v1.mixins.json:PackRepositoryMixin from mod fabric-resource-loader-v1->@Inject::handleAutoEnable(Ljava/lang/String;Lorg/spongepowered/asm/mixin/injection/callback/CallbackInfoReturnable;)V has 0 override(s) in child classes
[22:00:55] [Render thread/DEBUG] (FabricLoader/Mixin) fabric-resource-loader-v1.mixins.json:PackRepositoryMixin from mod fabric-resource-loader-v1->@Inject::handleAutoEnable(Ljava/lang/String;Lorg/spongepowered/asm/mixin/injection/callback/CallbackInfoReturnable;)V won't be passed a CallbackInfoReturnable as a result
[22:00:55] [Render thread/DEBUG] (FabricLoader/Mixin) fabric-resource-loader-v1.mixins.json:PackRepositoryMixin from mod fabric-resource-loader-v1->@Inject::handleAutoDisable(Ljava/lang/String;Lorg/spongepowered/asm/mixin/injection/callback/CallbackInfoReturnable;)V doesn't use it's CallbackInfoReturnable
[22:00:55] [Render thread/DEBUG] (FabricLoader/Mixin) fabric-resource-loader-v1.mixins.json:PackRepositoryMixin from mod fabric-resource-loader-v1->@Inject::handleAutoDisable(Ljava/lang/String;Lorg/spongepowered/asm/mixin/injection/callback/CallbackInfoReturnable;)V has 0 override(s) in child classes
[22:00:55] [Render thread/DEBUG] (FabricLoader/Mixin) fabric-resource-loader-v1.mixins.json:PackRepositoryMixin from mod fabric-resource-loader-v1->@Inject::handleAutoDisable(Ljava/lang/String;Lorg/spongepowered/asm/mixin/injection/callback/CallbackInfoReturnable;)V won't be passed a CallbackInfoReturnable as a result
[22:00:55] [Render thread/INFO] (com.mojang.authlib.yggdrasil.YggdrasilAuthenticationService) Environment: Environment[sessionHost=https://sessionserver.mojang.com, servicesHost=https://api.minecraftservices.com, profilesHost=https://api.mojang.com, name=PROD]
[22:00:55] [Yggdrasil Key Fetcher/DEBUG] (com.mojang.authlib.minecraft.client.MinecraftClient) Connecting to https://api.minecraftservices.com/publickeys
[22:00:55] [Download-1/DEBUG] (com.mojang.authlib.minecraft.client.MinecraftClient) Connecting to https://sessionserver.mojang.com/session/minecraft/profile/317a8ad60e943efcb65dee1610ecfadc?unsigned=false
[22:00:55] [Render thread/INFO] (net.minecraft.client.MinecraftClient) Setting user: Player182
[22:00:55] [Download-2/DEBUG] (com.mojang.authlib.minecraft.client.MinecraftClient) Connecting to https://api.minecraftservices.com/player/attributes
[22:00:55] [Render thread/DEBUG] (FabricLoader/Entrypoint) Iterating over entrypoint 'main'
[22:00:55] [Render thread/DEBUG] (FabricLoader/Mixin) Mixing FileToIdConverterAccessor from fabric-loot-api-v3.mixins.json into net.minecraft.resource.ResourceFinder
[22:00:55] [Render thread/DEBUG] (FabricLoader/Mixin) Mixing FileToIdConverterAccessor from fabric-resource-conditions-api-v1.mixins.json into net.minecraft.resource.ResourceFinder
[22:00:55] [Render thread/DEBUG] (FabricLoader/Mixin) Unexpected: Registered method getDirectoryName()Ljava/lang/String; in net.minecraft.resource.ResourceFinder was not merged
[22:00:55] [Render thread/DEBUG] (FabricLoader/Mixin) Mixing MinecraftServerMixin from fabric-game-rule-api-v1.mixins.json into net.minecraft.server.MinecraftServer
[22:00:55] [Render thread/DEBUG] (FabricLoader/Mixin) Mixing modification.MinecraftServerMixin from fabric-biome-api-v1.mixins.json into net.minecraft.server.MinecraftServer
[22:00:55] [Render thread/DEBUG] (FabricLoader/Mixin) Mixing MinecraftServerMixin from fabric-lifecycle-events-v1.mixins.json into net.minecraft.server.MinecraftServer
[22:00:55] [Render thread/DEBUG] (FabricLoader/Mixin) Renaming synthetic method lambda$endResourceReload$0(Ljava/lang/Void;Ljava/lang/Throwable;)Ljava/lang/Void; to mdffa551$fabric-lifecycle-events-v1$lambda$endResourceReload$0$0 in fabric-lifecycle-events-v1.mixins.json:MinecraftServerMixin from mod fabric-lifecycle-events-v1
[22:00:55] [Render thread/DEBUG] (FabricLoader/Mixin) Mixing MinecraftServerMixin from fabric-message-api-v1.mixins.json into net.minecraft.server.MinecraftServer
[22:00:55] [Render thread/DEBUG] (FabricLoader/Mixin) Renaming synthetic method lambda$onGetChatDecorator$0(Lnet/minecraft/server/network/ServerPlayerEntity;Lnet/minecraft/text/Text;)Lnet/minecraft/text/Text; to mdffa551$fabric-message-api-v1$lambda$onGetChatDecorator$0$1 in fabric-message-api-v1.mixins.json:MinecraftServerMixin from mod fabric-message-api-v1
[22:00:55] [Render thread/DEBUG] (FabricLoader/Mixin) Mixing MinecraftServerMixin from fabric-resource-loader-v1.mixins.json into net.minecraft.server.MinecraftServer
[22:00:55] [Render thread/DEBUG] (FabricLoader/Mixin) Renaming synthetic method lambda$init$0(Lnet/minecraft/resource/ResourcePack;)Ljava/util/stream/Stream; to mdffa551$fabric-resource-loader-v1$lambda$init$0$2 in fabric-resource-loader-v1.mixins.json:MinecraftServerMixin from mod fabric-resource-loader-v1
[22:00:55] [Render thread/DEBUG] (FabricLoader/Mixin) fabric-game-rule-api-v1.mixins.json:MinecraftServerMixin from mod fabric-game-rule-api-v1->@Inject::handleGameRuleUpdate(Lnet/minecraft/world/rule/GameRule;Ljava/lang/Object;Lorg/spongepowered/asm/mixin/injection/callback/CallbackInfo;)V doesn't use it's CallbackInfo
[22:00:55] [Render thread/DEBUG] (FabricLoader/Mixin) fabric-game-rule-api-v1.mixins.json:MinecraftServerMixin from mod fabric-game-rule-api-v1->@Inject::handleGameRuleUpdate(Lnet/minecraft/world/rule/GameRule;Ljava/lang/Object;Lorg/spongepowered/asm/mixin/injection/callback/CallbackInfo;)V has 0 override(s) in child classes
[22:00:55] [Render thread/DEBUG] (FabricLoader/Mixin) fabric-game-rule-api-v1.mixins.json:MinecraftServerMixin from mod fabric-game-rule-api-v1->@Inject::handleGameRuleUpdate(Lnet/minecraft/world/rule/GameRule;Ljava/lang/Object;Lorg/spongepowered/asm/mixin/injection/callback/CallbackInfo;)V won't be passed a CallbackInfo as a result
[22:00:55] [Render thread/DEBUG] (FabricLoader/Mixin) fabric-biome-api-v1.mixins.json:modification.MinecraftServerMixin from mod fabric-biome-api-v1->@Inject::finalizeWorldGen(Lorg/spongepowered/asm/mixin/injection/callback/CallbackInfo;)V doesn't use it's CallbackInfo
[22:00:55] [Render thread/DEBUG] (FabricLoader/Mixin) fabric-biome-api-v1.mixins.json:modification.MinecraftServerMixin from mod fabric-biome-api-v1->@Inject::finalizeWorldGen(Lorg/spongepowered/asm/mixin/injection/callback/CallbackInfo;)V has 0 override(s) in child classes
[22:00:55] [Render thread/DEBUG] (FabricLoader/Mixin) fabric-biome-api-v1.mixins.json:modification.MinecraftServerMixin from mod fabric-biome-api-v1->@Inject::finalizeWorldGen(Lorg/spongepowered/asm/mixin/injection/callback/CallbackInfo;)V won't be passed a CallbackInfo as a result
[22:00:55] [Render thread/DEBUG] (FabricLoader/Mixin) fabric-lifecycle-events-v1.mixins.json:MinecraftServerMixin from mod fabric-lifecycle-events-v1->@Inject::beforeSetupServer(Lorg/spongepowered/asm/mixin/injection/callback/CallbackInfo;)V doesn't use it's CallbackInfo
[22:00:55] [Render thread/DEBUG] (FabricLoader/Mixin) fabric-lifecycle-events-v1.mixins.json:MinecraftServerMixin from mod fabric-lifecycle-events-v1->@Inject::beforeSetupServer(Lorg/spongepowered/asm/mixin/injection/callback/CallbackInfo;)V has 0 override(s) in child classes
[22:00:55] [Render thread/DEBUG] (FabricLoader/Mixin) fabric-lifecycle-events-v1.mixins.json:MinecraftServerMixin from mod fabric-lifecycle-events-v1->@Inject::beforeSetupServer(Lorg/spongepowered/asm/mixin/injection/callback/CallbackInfo;)V won't be passed a CallbackInfo as a result
[22:00:55] [Render thread/DEBUG] (FabricLoader/Mixin) fabric-lifecycle-events-v1.mixins.json:MinecraftServerMixin from mod fabric-lifecycle-events-v1->@Inject::afterSetupServer(Lorg/spongepowered/asm/mixin/injection/callback/CallbackInfo;)V doesn't use it's CallbackInfo
[22:00:55] [Render thread/DEBUG] (FabricLoader/Mixin) fabric-lifecycle-events-v1.mixins.json:MinecraftServerMixin from mod fabric-lifecycle-events-v1->@Inject::afterSetupServer(Lorg/spongepowered/asm/mixin/injection/callback/CallbackInfo;)V has 0 override(s) in child classes
[22:00:55] [Render thread/DEBUG] (FabricLoader/Mixin) fabric-lifecycle-events-v1.mixins.json:MinecraftServerMixin from mod fabric-lifecycle-events-v1->@Inject::afterSetupServer(Lorg/spongepowered/asm/mixin/injection/callback/CallbackInfo;)V won't be passed a CallbackInfo as a result
[22:00:55] [Render thread/DEBUG] (FabricLoader/Mixin) fabric-lifecycle-events-v1.mixins.json:MinecraftServerMixin from mod fabric-lifecycle-events-v1->@Inject::beforeShutdownServer(Lorg/spongepowered/asm/mixin/injection/callback/CallbackInfo;)V doesn't use it's CallbackInfo
[22:00:55] [Render thread/DEBUG] (FabricLoader/Mixin) fabric-lifecycle-events-v1.mixins.json:MinecraftServerMixin from mod fabric-lifecycle-events-v1->@Inject::beforeShutdownServer(Lorg/spongepowered/asm/mixin/injection/callback/CallbackInfo;)V has 0 override(s) in child classes
[22:00:55] [Render thread/DEBUG] (FabricLoader/Mixin) fabric-lifecycle-events-v1.mixins.json:MinecraftServerMixin from mod fabric-lifecycle-events-v1->@Inject::beforeShutdownServer(Lorg/spongepowered/asm/mixin/injection/callback/CallbackInfo;)V won't be passed a CallbackInfo as a result
[22:00:55] [Render thread/DEBUG] (FabricLoader/Mixin) fabric-lifecycle-events-v1.mixins.json:MinecraftServerMixin from mod fabric-lifecycle-events-v1->@Inject::afterShutdownServer(Lorg/spongepowered/asm/mixin/injection/callback/CallbackInfo;)V doesn't use it's CallbackInfo
[22:00:55] [Render thread/DEBUG] (FabricLoader/Mixin) fabric-lifecycle-events-v1.mixins.json:MinecraftServerMixin from mod fabric-lifecycle-events-v1->@Inject::afterShutdownServer(Lorg/spongepowered/asm/mixin/injection/callback/CallbackInfo;)V has 0 override(s) in child classes
[22:00:55] [Render thread/DEBUG] (FabricLoader/Mixin) fabric-lifecycle-events-v1.mixins.json:MinecraftServerMixin from mod fabric-lifecycle-events-v1->@Inject::afterShutdownServer(Lorg/spongepowered/asm/mixin/injection/callback/CallbackInfo;)V won't be passed a CallbackInfo as a result
[22:00:55] [Render thread/DEBUG] (FabricLoader/Mixin) fabric-lifecycle-events-v1.mixins.json:MinecraftServerMixin from mod fabric-lifecycle-events-v1->@Inject::onStartTick(Ljava/util/function/BooleanSupplier;Lorg/spongepowered/asm/mixin/injection/callback/CallbackInfo;)V doesn't use it's CallbackInfo
[22:00:55] [Render thread/DEBUG] (FabricLoader/Mixin) fabric-lifecycle-events-v1.mixins.json:MinecraftServerMixin from mod fabric-lifecycle-events-v1->@Inject::onStartTick(Ljava/util/function/BooleanSupplier;Lorg/spongepowered/asm/mixin/injection/callback/CallbackInfo;)V has 0 override(s) in child classes
[22:00:55] [Render thread/DEBUG] (FabricLoader/Mixin) fabric-lifecycle-events-v1.mixins.json:MinecraftServerMixin from mod fabric-lifecycle-events-v1->@Inject::onStartTick(Ljava/util/function/BooleanSupplier;Lorg/spongepowered/asm/mixin/injection/callback/CallbackInfo;)V won't be passed a CallbackInfo as a result
[22:00:55] [Render thread/DEBUG] (FabricLoader/Mixin) fabric-lifecycle-events-v1.mixins.json:MinecraftServerMixin from mod fabric-lifecycle-events-v1->@Inject::onEndTick(Ljava/util/function/BooleanSupplier;Lorg/spongepowered/asm/mixin/injection/callback/CallbackInfo;)V doesn't use it's CallbackInfo
[22:00:55] [Render thread/DEBUG] (FabricLoader/Mixin) fabric-lifecycle-events-v1.mixins.json:MinecraftServerMixin from mod fabric-lifecycle-events-v1->@Inject::onEndTick(Ljava/util/function/BooleanSupplier;Lorg/spongepowered/asm/mixin/injection/callback/CallbackInfo;)V has 0 override(s) in child classes
[22:00:55] [Render thread/DEBUG] (FabricLoader/Mixin) fabric-lifecycle-events-v1.mixins.json:MinecraftServerMixin from mod fabric-lifecycle-events-v1->@Inject::onEndTick(Ljava/util/function/BooleanSupplier;Lorg/spongepowered/asm/mixin/injection/callback/CallbackInfo;)V won't be passed a CallbackInfo as a result
[22:00:55] [Render thread/DEBUG] (FabricLoader/Mixin) fabric-lifecycle-events-v1.mixins.json:MinecraftServerMixin from mod fabric-lifecycle-events-v1->@Inject::onUnloadWorldAtShutdown(Lorg/spongepowered/asm/mixin/injection/callback/CallbackInfo;)V doesn't use it's CallbackInfo
[22:00:55] [Render thread/DEBUG] (FabricLoader/Mixin) fabric-lifecycle-events-v1.mixins.json:MinecraftServerMixin from mod fabric-lifecycle-events-v1->@Inject::onUnloadWorldAtShutdown(Lorg/spongepowered/asm/mixin/injection/callback/CallbackInfo;)V has 0 override(s) in child classes
[22:00:55] [Render thread/DEBUG] (FabricLoader/Mixin) fabric-lifecycle-events-v1.mixins.json:MinecraftServerMixin from mod fabric-lifecycle-events-v1->@Inject::onUnloadWorldAtShutdown(Lorg/spongepowered/asm/mixin/injection/callback/CallbackInfo;)V won't be passed a CallbackInfo as a result
[22:00:55] [Render thread/DEBUG] (FabricLoader/Mixin) fabric-lifecycle-events-v1.mixins.json:MinecraftServerMixin from mod fabric-lifecycle-events-v1->@Inject::startResourceReload(Ljava/util/Collection;Lorg/spongepowered/asm/mixin/injection/callback/CallbackInfoReturnable;)V doesn't use it's CallbackInfoReturnable
[22:00:55] [Render thread/DEBUG] (FabricLoader/Mixin) fabric-lifecycle-events-v1.mixins.json:MinecraftServerMixin from mod fabric-lifecycle-events-v1->@Inject::startResourceReload(Ljava/util/Collection;Lorg/spongepowered/asm/mixin/injection/callback/CallbackInfoReturnable;)V has 0 override(s) in child classes
[22:00:55] [Render thread/DEBUG] (FabricLoader/Mixin) fabric-lifecycle-events-v1.mixins.json:MinecraftServerMixin from mod fabric-lifecycle-events-v1->@Inject::startResourceReload(Ljava/util/Collection;Lorg/spongepowered/asm/mixin/injection/callback/CallbackInfoReturnable;)V won't be passed a CallbackInfoReturnable as a result
[22:00:55] [Render thread/DEBUG] (FabricLoader/Mixin) fabric-lifecycle-events-v1.mixins.json:MinecraftServerMixin from mod fabric-lifecycle-events-v1->@Inject::endResourceReload(Ljava/util/Collection;Lorg/spongepowered/asm/mixin/injection/callback/CallbackInfoReturnable;)V does use it's CallbackInfoReturnable
[22:00:55] [Render thread/DEBUG] (FabricLoader/Mixin) fabric-lifecycle-events-v1.mixins.json:MinecraftServerMixin from mod fabric-lifecycle-events-v1->@Inject::startSave(ZZZLorg/spongepowered/asm/mixin/injection/callback/CallbackInfoReturnable;)V doesn't use it's CallbackInfoReturnable
[22:00:55] [Render thread/DEBUG] (FabricLoader/Mixin) fabric-lifecycle-events-v1.mixins.json:MinecraftServerMixin from mod fabric-lifecycle-events-v1->@Inject::startSave(ZZZLorg/spongepowered/asm/mixin/injection/callback/CallbackInfoReturnable;)V has 0 override(s) in child classes
[22:00:55] [Render thread/DEBUG] (FabricLoader/Mixin) fabric-lifecycle-events-v1.mixins.json:MinecraftServerMixin from mod fabric-lifecycle-events-v1->@Inject::startSave(ZZZLorg/spongepowered/asm/mixin/injection/callback/CallbackInfoReturnable;)V won't be passed a CallbackInfoReturnable as a result
[22:00:55] [Render thread/DEBUG] (FabricLoader/Mixin) fabric-lifecycle-events-v1.mixins.json:MinecraftServerMixin from mod fabric-lifecycle-events-v1->@Inject::endSave(ZZZLorg/spongepowered/asm/mixin/injection/callback/CallbackInfoReturnable;)V doesn't use it's CallbackInfoReturnable
[22:00:55] [Render thread/DEBUG] (FabricLoader/Mixin) fabric-lifecycle-events-v1.mixins.json:MinecraftServerMixin from mod fabric-lifecycle-events-v1->@Inject::endSave(ZZZLorg/spongepowered/asm/mixin/injection/callback/CallbackInfoReturnable;)V has 0 override(s) in child classes
[22:00:55] [Render thread/DEBUG] (FabricLoader/Mixin) fabric-lifecycle-events-v1.mixins.json:MinecraftServerMixin from mod fabric-lifecycle-events-v1->@Inject::endSave(ZZZLorg/spongepowered/asm/mixin/injection/callback/CallbackInfoReturnable;)V won't be passed a CallbackInfoReturnable as a result
[22:00:55] [Render thread/DEBUG] (FabricLoader/Mixin) fabric-message-api-v1.mixins.json:MinecraftServerMixin from mod fabric-message-api-v1->@Inject::onGetChatDecorator(Lorg/spongepowered/asm/mixin/injection/callback/CallbackInfoReturnable;)V does use it's CallbackInfoReturnable
[22:00:55] [Render thread/DEBUG] (FabricLoader/Mixin) fabric-resource-loader-v1.mixins.json:MinecraftServerMixin from mod fabric-resource-loader-v1->@Inject::init(Ljava/lang/Thread;Lnet/minecraft/world/level/storage/LevelStorage$Session;Lnet/minecraft/resource/ResourcePackManager;Lnet/minecraft/server/SaveLoader;Ljava/net/Proxy;Lcom/mojang/datafixers/DataFixer;Lnet/minecraft/util/ApiServices;Lnet/minecraft/world/chunk/ChunkLoadProgress;Lorg/spongepowered/asm/mixin/injection/callback/CallbackInfo;)V doesn't use it's CallbackInfo
[22:00:55] [Render thread/DEBUG] (FabricLoader/Mixin) fabric-resource-loader-v1.mixins.json:MinecraftServerMixin from mod fabric-resource-loader-v1->@Inject::init(Ljava/lang/Thread;Lnet/minecraft/world/level/storage/LevelStorage$Session;Lnet/minecraft/resource/ResourcePackManager;Lnet/minecraft/server/SaveLoader;Ljava/net/Proxy;Lcom/mojang/datafixers/DataFixer;Lnet/minecraft/util/ApiServices;Lnet/minecraft/world/chunk/ChunkLoadProgress;Lorg/spongepowered/asm/mixin/injection/callback/CallbackInfo;)V has 0 override(s) in child classes
[22:00:55] [Render thread/DEBUG] (FabricLoader/Mixin) fabric-resource-loader-v1.mixins.json:MinecraftServerMixin from mod fabric-resource-loader-v1->@Inject::init(Ljava/lang/Thread;Lnet/minecraft/world/level/storage/LevelStorage$Session;Lnet/minecraft/resource/ResourcePackManager;Lnet/minecraft/server/SaveLoader;Ljava/net/Proxy;Lcom/mojang/datafixers/DataFixer;Lnet/minecraft/util/ApiServices;Lnet/minecraft/world/chunk/ChunkLoadProgress;Lorg/spongepowered/asm/mixin/injection/callback/CallbackInfo;)V won't be passed a CallbackInfo as a result
[22:00:55] [Render thread/DEBUG] (FabricLoader/Mixin) Mixing LootTableBuilderMixin from fabric-loot-api-v2.mixins.json into net.minecraft.loot.LootTable$Builder
[22:00:55] [Render thread/DEBUG] (FabricLoader/Mixin) Mixing LootTableBuilderMixin from fabric-loot-api-v3.mixins.json into net.minecraft.loot.LootTable$Builder
[22:00:55] [Render thread/DEBUG] (FabricLoader/Mixin) Mixing ServerConfigurationPacketListenerImplMixin from fabric-networking-api-v1.mixins.json into net.minecraft.server.network.ServerConfigurationNetworkHandler
[22:00:55] [Render thread/DEBUG] (FabricLoader/Mixin) Renaming synthetic method lambda$bindChannelInfo$0(Lnet/minecraft/network/RegistryByteBuf;)Lnet/minecraft/network/RegistryByteBuf; to mdffa551$fabric-networking-api-v1$lambda$bindChannelInfo$0$0 in fabric-networking-api-v1.mixins.json:ServerConfigurationPacketListenerImplMixin from mod fabric-networking-api-v1
[22:00:55] [Render thread/DEBUG] (FabricLoader/Mixin) Mixing ServerConfigurationPacketListenerImplMixin from fabric-resource-loader-v1.mixins.json into net.minecraft.server.network.ServerConfigurationNetworkHandler
[22:00:55] [Render thread/DEBUG] (FabricLoader/Mixin) fabric-networking-api-v1.mixins.json:ServerConfigurationPacketListenerImplMixin from mod fabric-networking-api-v1->@Inject::initAddon(Lorg/spongepowered/asm/mixin/injection/callback/CallbackInfo;)V doesn't use it's CallbackInfo
[22:00:55] [Render thread/DEBUG] (FabricLoader/Mixin) fabric-networking-api-v1.mixins.json:ServerConfigurationPacketListenerImplMixin from mod fabric-networking-api-v1->@Inject::initAddon(Lorg/spongepowered/asm/mixin/injection/callback/CallbackInfo;)V has 0 override(s) in child classes
[22:00:55] [Render thread/DEBUG] (FabricLoader/Mixin) fabric-networking-api-v1.mixins.json:ServerConfigurationPacketListenerImplMixin from mod fabric-networking-api-v1->@Inject::initAddon(Lorg/spongepowered/asm/mixin/injection/callback/CallbackInfo;)V won't be passed a CallbackInfo as a result
[22:00:55] [Render thread/DEBUG] (FabricLoader/Mixin) fabric-networking-api-v1.mixins.json:ServerConfigurationPacketListenerImplMixin from mod fabric-networking-api-v1->@Inject::onClientReady(Lorg/spongepowered/asm/mixin/injection/callback/CallbackInfo;)V does use it's CallbackInfo
[22:00:55] [Render thread/DEBUG] (FabricLoader/Mixin) Mixing ServerCommonPacketListenerImplMixin from fabric-networking-api-v1.mixins.json into net.minecraft.server.network.ServerCommonNetworkHandler
[22:00:55] [Render thread/DEBUG] (FabricLoader/Mixin) Mixing accessor.ServerCommonPacketListenerImplAccessor from fabric-networking-api-v1.mixins.json into net.minecraft.server.network.ServerCommonNetworkHandler
[22:00:55] [Render thread/DEBUG] (FabricLoader/Mixin) Mixing sync.ServerCommonPacketListenerImplAccessor from fabric-recipe-api-v1.mixins.json into net.minecraft.server.network.ServerCommonNetworkHandler
[22:00:55] [Render thread/DEBUG] (FabricLoader/Mixin) fabric-networking-api-v1.mixins.json:ServerCommonPacketListenerImplMixin from mod fabric-networking-api-v1->@Inject::handleCustomPayloadReceivedAsync(Lnet/minecraft/network/packet/c2s/common/CustomPayloadC2SPacket;Lorg/spongepowered/asm/mixin/injection/callback/CallbackInfo;)V does use it's CallbackInfo
[22:00:55] [Render thread/DEBUG] (FabricLoader/Mixin) fabric-networking-api-v1.mixins.json:ServerCommonPacketListenerImplMixin from mod fabric-networking-api-v1->@Inject::onPlayPong(Lnet/minecraft/network/packet/c2s/common/CommonPongC2SPacket;Lorg/spongepowered/asm/mixin/injection/callback/CallbackInfo;)V doesn't use it's CallbackInfo
[22:00:55] [Render thread/DEBUG] (FabricLoader/Mixin) fabric-networking-api-v1.mixins.json:ServerCommonPacketListenerImplMixin from mod fabric-networking-api-v1->@Inject::onPlayPong(Lnet/minecraft/network/packet/c2s/common/CommonPongC2SPacket;Lorg/spongepowered/asm/mixin/injection/callback/CallbackInfo;)V has 0 override(s) in child classes
[22:00:55] [Render thread/DEBUG] (FabricLoader/Mixin) fabric-networking-api-v1.mixins.json:ServerCommonPacketListenerImplMixin from mod fabric-networking-api-v1->@Inject::onPlayPong(Lnet/minecraft/network/packet/c2s/common/CommonPongC2SPacket;Lorg/spongepowered/asm/mixin/injection/callback/CallbackInfo;)V won't be passed a CallbackInfo as a result
[22:00:55] [Render thread/DEBUG] (FabricLoader/Mixin) Unexpected: Registered method getConnection()Lnet/minecraft/network/ClientConnection; in net.minecraft.server.network.ServerCommonNetworkHandler was not merged
[22:00:55] [Render thread/DEBUG] (io.netty.util.internal.InternalThreadLocalMap) -Dio.netty.threadLocalMap.stringBuilder.initialSize: 1024
[22:00:55] [Render thread/DEBUG] (io.netty.util.internal.InternalThreadLocalMap) -Dio.netty.threadLocalMap.stringBuilder.maxSize: 4096
[22:00:55] [Render thread/DEBUG] (io.netty.buffer.AdaptiveByteBufAllocator) -Dio.netty.allocator.useCachedMagazinesForNonEventLoopThreads: false
[22:00:55] [Render thread/DEBUG] (io.netty.util.internal.PlatformDependent0) Java version: 26
[22:00:55] [Render thread/DEBUG] (io.netty.util.internal.PlatformDependent0) -Dio.netty.noUnsafe: false
[22:00:55] [Render thread/DEBUG] (io.netty.util.internal.PlatformDependent0) sun.misc.Unsafe: unavailable (io.netty.noUnsafe=true by default on Java 25+)
[22:00:55] [Render thread/DEBUG] (io.netty.util.internal.PlatformDependent0) java.nio.DirectByteBuffer.<init>(long, {int,long}): unavailable
[22:00:55] [Render thread/DEBUG] (io.netty.util.internal.PlatformDependent) maxDirectMemory: 4110417920 bytes (maybe)
[22:00:55] [Render thread/DEBUG] (io.netty.util.internal.PlatformDependent) -Dio.netty.tmpdir: /tmp (java.io.tmpdir)
[22:00:55] [Render thread/DEBUG] (io.netty.util.internal.PlatformDependent) -Dio.netty.bitMode: 64 (sun.arch.data.model)
[22:00:55] [Render thread/DEBUG] (io.netty.util.internal.PlatformDependent) -Dio.netty.maxDirectMemory: -1 bytes
[22:00:55] [Render thread/DEBUG] (io.netty.util.internal.CleanerJava9) java.nio.ByteBuffer.cleaner(): unavailable
java.lang.UnsupportedOperationException: sun.misc.Unsafe unavailable
	at knot//io.netty.util.internal.CleanerJava9.<clinit>(CleanerJava9.java:70)
	at knot//io.netty.util.internal.PlatformDependent.<clinit>(PlatformDependent.java:198)
	at knot//io.netty.buffer.AdaptiveByteBufAllocator.<init>(AdaptiveByteBufAllocator.java:47)
	at knot//io.netty.buffer.ByteBufUtil.<clinit>(ByteBufUtil.java:90)
	at knot//net.fabricmc.fabric.impl.networking.PayloadTypeRegistryImpl.registerLarge(PayloadTypeRegistryImpl.java:90)
	at knot//net.fabricmc.fabric.impl.recipe.sync.RecipeSyncImpl.onInitialize(RecipeSyncImpl.java:51)
	at net.fabricmc.loader.impl.FabricLoaderImpl.invokeEntrypoints(FabricLoaderImpl.java:405)
	at net.fabricmc.loader.impl.game.minecraft.Hooks.startClient(Hooks.java:52)
	at knot//net.minecraft.client.MinecraftClient.<init>(MinecraftClient.java:475)
	at knot//net.minecraft.client.main.Main.main(Main.java:234)
	at net.fabricmc.loader.impl.game.minecraft.MinecraftGameProvider.launch(MinecraftGameProvider.java:514)
	at net.fabricmc.loader.impl.launch.knot.Knot.launch(Knot.java:72)
	at net.fabricmc.loader.impl.launch.knot.KnotClient.main(KnotClient.java:23)
	at net.fabricmc.devlaunchinjector.Main.main(Main.java:86)
[22:00:55] [Render thread/DEBUG] (io.netty.util.internal.CleanerJava24Linker) java.nio.ByteBuffer.cleaner(): available
[22:00:55] [Render thread/DEBUG] (io.netty.util.internal.PlatformDependent) -Dio.netty.noPreferDirect: false
[22:00:55] [Render thread/DEBUG] (io.netty.util.internal.PlatformDependent) -Dio.netty.jfr.enabled: true
[22:00:55] [Render thread/DEBUG] (io.netty.util.internal.PlatformDependent) java.lang.invoke.VarHandle: available
[22:00:55] [Render thread/DEBUG] (io.netty.util.internal.PlatformDependent) -Dio.netty.varHandle.enabled: true
[22:00:55] [Render thread/DEBUG] (io.netty.util.Recycler) -Dio.netty.recycler.maxCapacityPerThread: 4096
[22:00:55] [Render thread/DEBUG] (io.netty.util.Recycler) -Dio.netty.recycler.ratio: 8
[22:00:55] [Render thread/DEBUG] (io.netty.util.Recycler) -Dio.netty.recycler.chunkSize: 32
[22:00:55] [Render thread/DEBUG] (io.netty.util.Recycler) -Dio.netty.recycler.blocking: false
[22:00:55] [Render thread/DEBUG] (io.netty.util.Recycler) -Dio.netty.recycler.batchFastThreadLocalOnly: true
[22:00:55] [Render thread/DEBUG] (io.netty.buffer.ByteBufUtil) -Dio.netty.allocator.type: adaptive
[22:00:55] [Render thread/DEBUG] (io.netty.buffer.ByteBufUtil) -Dio.netty.threadLocalDirectBufferSize: 0
[22:00:55] [Render thread/DEBUG] (io.netty.buffer.ByteBufUtil) -Dio.netty.maxThreadLocalCharBufferSize: 16384
[22:00:55] [Render thread/DEBUG] (FabricLoader/Mixin) Mixing VarIntAccessor from fabric-data-attachment-api-v1.mixins.json into net.minecraft.network.encoding.VarInts
[22:00:55] [Render thread/DEBUG] (FabricLoader/Mixin) Renaming @Accessor method getMaxByteSize()I to getMaxByteSize$fabric-data-attachment-api-v1_$md$ffa551$0 in fabric-data-attachment-api-v1.mixins.json:VarIntAccessor from mod fabric-data-attachment-api-v1
[22:00:55] [Render thread/DEBUG] (FabricLoader/Mixin) Mixing ServerboundCustomPayloadPacketMixin from fabric-networking-api-v1.mixins.json into net.minecraft.network.packet.c2s.common.CustomPayloadC2SPacket
[22:00:55] [Render thread/DEBUG] (FabricLoader/Mixin) Renaming synthetic method lambda$wrapCodec$0(Lnet/minecraft/network/PacketByteBuf;Lnet/minecraft/util/Identifier;)Lnet/minecraft/network/packet/CustomPayload$Type; to mdffa551$fabric-networking-api-v1$lambda$wrapCodec$0$0 in fabric-networking-api-v1.mixins.json:ServerboundCustomPayloadPacketMixin from mod fabric-networking-api-v1
[22:00:55] [Render thread/DEBUG] (FabricLoader/Mixin) Mixing ServerboundCustomPayloadPacketAccessor from fabric-data-attachment-api-v1.mixins.json into net.minecraft.network.packet.c2s.common.CustomPayloadC2SPacket
[22:00:55] [Render thread/DEBUG] (FabricLoader/Mixin) Mixing CustomPayloadPacketCodecMixin from fabric-networking-api-v1.mixins.json into net.minecraft.network.packet.CustomPayload$1
[22:00:55] [Render thread/DEBUG] (FabricLoader/Entrypoint) Iterating over entrypoint 'client'
[22:00:55] [Render thread/DEBUG] (FabricLoader/Mixin) Mixing BlockStateModelUnbakedMixin from fabric-model-loading-api-v1.mixins.json into net.minecraft.client.render.model.BlockStateModel$Unbaked
[22:00:55] [Render thread/DEBUG] (FabricLoader/Mixin) Mixing client.block.model.BlockStateModelMixin from fabric-renderer-api-v1.mixins.json into net.minecraft.client.render.model.BlockStateModel
[22:00:55] [Render thread/DEBUG] (FabricLoader/Mixin) Mixing client.block.model.SingleVariantMixin from fabric-renderer-api-v1.mixins.json into net.minecraft.client.render.model.SimpleBlockStateModel
[22:00:55] [Render thread/INFO] (Mod Menu/Update Checker) Checking mod updates...
[22:00:55] [Worker-Main-1/DEBUG] (Mod Menu/Update Checker) Hash for fabric-transfer-api-v1 is ac7f7b5be311d2e373f72db61febc108eb08b21852c15f18826eb9298cdb039d185ab136c63573ac3beff937a17529b04a4f4d31738bcd4576979bd934f25a9b
[22:00:55] [Worker-Main-1/DEBUG] (Mod Menu/Update Checker) Hash for fabric-dimensions-v1 is 62356a85ace492e5a5102bd04e5569ed7e17fae58a19ab6e92eeb30d5946e0007f032dfbd2df48f5536dea7c8048821f4c63a2c5b88dbfcc1bba0f9a81049999
[22:00:55] [Worker-Main-1/DEBUG] (Mod Menu/Update Checker) Hash for fabric-game-rule-api-v1 is d68aed31cb29594a7a2b14f07ea63b5baef9596d6e3c4cc3a614ae8eea2d9fd1ce161e6a4d0775e0634328af5a80520dc5f04b97324497d45c5b331607f18daf
[22:00:55] [Worker-Main-1/DEBUG] (Mod Menu/Update Checker) Hash for fabric-api-base is a5b1784114dfd67b2227191d8c25c304d55a15c01aec8acce639600b69397f7da6f45e55b49d636331f2d1c105fa92109ddd55b055b6099df30621c38c079962
[22:00:55] [Worker-Main-1/DEBUG] (Mod Menu/Update Checker) Hash for fabric-model-loading-api-v1 is a8c23c6c776957b3911f33b5d2c1bc0fbee224fa324a3ada1c56dcfb73ca47c0d42e285f6c15fd1666d4ce1c4fd6e4ce24535ea520a7bed6f037866662113f40
[22:00:55] [Worker-Main-1/DEBUG] (Mod Menu/Update Checker) Hash for mixinextras is 31b929374c2526ebb532185cd54b752c0a5ca7f56a48c99ed6a73f598a4155c9db88ab4c8ea5904fa2e2f78310424393238b2db6cd435c0f3ad87d1391ea3320
[22:00:55] [Worker-Main-1/DEBUG] (Mod Menu/Update Checker) Hash for fabric-data-attachment-api-v1 is ccf709368b5b3bf3edee64be90d0f70784e34eaddfbd39b4294588eadd40080ffe4828f28dc15e33889b9257e92fa0fea155d8b83bf43435f48396a1810d198e
[22:00:55] [Worker-Main-1/DEBUG] (Mod Menu/Update Checker) Hash for fabric-api-lookup-api-v1 is b047107dd1b25e2c4ffba2cb2ba04989ae35f5d96583ba5a0b7601b384bdc11e5b76c1704ebb01722537eb6beab9b171f338f48af222888cb076a6ae7a88302d
[22:00:55] [Worker-Main-1/DEBUG] (Mod Menu/Update Checker) Hash for fabric-screen-handler-api-v1 is 0c3031a7ac64d38a55ac6a5778e1e899024d7a3c68a1c92c31bdfc5e2b6d26c38dec291318b5ff4feb92ce4b00006fb2623f3ab8f5b1bacd7d562fa6b6932a32
[22:00:55] [Render thread/DEBUG] (FabricLoader/Mixin) Mixing KeyMappingCategoryMixin from fabric-key-binding-api-v1.mixins.json into net.minecraft.client.option.KeyBinding$Category
[22:00:55] [Render thread/DEBUG] (FabricLoader/Mixin) fabric-key-binding-api-v1.mixins.json:KeyMappingCategoryMixin from mod fabric-key-binding-api-v1->@Inject::onReturnRegister(Lnet/minecraft/util/Identifier;Lorg/spongepowered/asm/mixin/injection/callback/CallbackInfoReturnable;)V doesn't use it's CallbackInfoReturnable
[22:00:55] [Worker-Main-1/DEBUG] (Mod Menu/Update Checker) Hash for modmenu is 00c421b3788d27d9a038d17243780e9a414c862f7131afbc3bbb682b51f302185052002589cf0b0243c0fc37ce614b2c3076377a984ec7c9376f937e9bf354b1
[22:00:55] [Worker-Main-1/DEBUG] (Mod Menu/Update Checker) Hash for fabric-block-api-v1 is 09adf0aa990864daadf765170fb97f7b2c7d6e4603f684a4aed1bf9788ff84b3b7213bc3cef7294297544c4718ba26ad151669c4433d1da6214324ffecbc8ced
[22:00:55] [Worker-Main-1/DEBUG] (Mod Menu/Update Checker) Hash for fabric-tag-api-v1 is a56f9b5cd06ae00aa419896d48651e9eae516e42856438524048f33ce7b23c808850244b73b710f0721f335eb5064400ac444dcdba93737a89215007059fea03
[22:00:55] [Worker-Main-1/DEBUG] (Mod Menu/Update Checker) Hash for fabric-api is f66d0b88af97a4f21b1a143eca662919449ddb6839fdbb27e6079f42ed1190c0c3edf684ad4be42db18867cfc8870eb4d3ad93ecf47f2d880d2994a3a36ef766
[22:00:55] [Worker-Main-1/DEBUG] (Mod Menu/Update Checker) Hash for fabric-convention-tags-v2 is dc35c49205db5257f7959ff2ec41b819d54143822a68d075ba4dc6eba4d6ec555c9eb7bf2178fcc600f1c0568de798adb08a3cf7e244c2b3b68cb7ec3f31311d
[22:00:55] [Worker-Main-1/DEBUG] (Mod Menu/Update Checker) Hash for fabric-crash-report-info-v1 is 0227d949656e1052f01539b7de5fadf8339ea5ce834687bb127c32f7fa9ea30e44b886c32384b0e744d80ed7904aebb811b0d9b7cd608d69aa8c4e00203499b1
[22:00:55] [Worker-Main-1/DEBUG] (Mod Menu/Update Checker) Hash for fabric-events-interaction-v0 is 1be24fedc66d8f433d66617c26874956fd528bec970c2f4ad5ea8270c48529a11e71a40ca9b335b6461a25f0aae2cf5fe85f7fc8f9e0500c6a76f9f504e76836
[22:00:55] [Worker-Main-1/DEBUG] (Mod Menu/Update Checker) Hash for fabric-convention-tags-v1 is 0ae2e3dc403ccd4a960517712c8f45fcba958863d4a882eaa01fbdffcfa90f86d242bff8bc8786b3e5b62d98e7c04e797d2634b85ec948c3c3c2fc5a66a5f775
[22:00:55] [Worker-Main-1/DEBUG] (Mod Menu/Update Checker) Hash for fabric-recipe-api-v1 is be5bfdcf6a59e2f00afd8fb50cf0d549d6e635c39ce99196249c61797e7c8d83a089b6522f083c9e1f52a0046749c2560df08f22151a65f07e496ac08f066eb4
[22:00:55] [Worker-Main-1/DEBUG] (Mod Menu/Update Checker) Hash for fabric-key-binding-api-v1 is a07eab44323a5408f179072d21ace098529c6666484132c0c02ad9bf127724cdbee739c2616bf9df5c80d0eb1e3d8c4b904233d6c06c29d590adda06abe958f2
[22:00:55] [Worker-Main-1/DEBUG] (Mod Menu/Update Checker) Hash for fabric-resource-loader-v0 is 7aac11be32198f5b70b61bc4522bd8ad29dc59bec379209994e53555553828100965e76e8973e40e51765eda48ecf11ee7dc39f8e8608862d5ae16dafa26e8b8
[22:00:55] [Worker-Main-1/DEBUG] (Mod Menu/Update Checker) Hash for fabric-resource-loader-v1 is 5c274486891a93580e73b88c60745ba5409a18c739fe664801656e42927dce463837fffb3138470b96d55eae27511692f897b14b3fd3852e49d965b362d31e86
[22:00:55] [Worker-Main-1/DEBUG] (Mod Menu/Update Checker) Hash for fabric-block-view-api-v2 is 772aae3d669dc927fe2832790566387f585976a86de65aedbd53f83f077c841e90be637e397e3f50867838f674b3de11304d2f4968c3e67ad5aaa3737018141f
[22:00:55] [Worker-Main-1/DEBUG] (Mod Menu/Update Checker) Hash for fabric-gametest-api-v1 is 95f8fd72fd0a27f793eb3b338791c9e7144eb7d07ba6ff6add78e537790f6acb2d5d13a6580f9d95b6bcd38c0f44614bcea79dcad248a827b830a4d7ef94d81f
[22:00:55] [Worker-Main-1/DEBUG] (Mod Menu/Update Checker) Hash for fabric-registry-sync-v0 is 032594e23826283cd901dad5d123c8471c2dfd8b9dc7777b4092cca913f2dca5f0f8de0841cb59d5a12c7d04a516fa8583c5a6f49eb8401bfe60bd5e4dcb78de
[22:00:55] [Render thread/DEBUG] (FabricLoader/Mixin) Mixing ClientPacketListenerMixin from fabric-message-api-v1.client.mixins.json into net.minecraft.client.network.ClientPlayNetworkHandler
[22:00:55] [Worker-Main-1/DEBUG] (Mod Menu/Update Checker) Hash for fabric-networking-api-v1 is 684c92653d328d9d1d48f9b5edb82c2d684f0c5a90fc483e384cd86dce9a70082c0f86431c5bf9233a9b9374fbc653ffcbfea6b1b5814c1608192af6ea87b9bd
[22:00:55] [Render thread/DEBUG] (FabricLoader/Mixin) Mixing ClientPacketListenerMixin from fabric-networking-api-v1.client.mixins.json into net.minecraft.client.network.ClientPlayNetworkHandler
[22:00:55] [Worker-Main-1/DEBUG] (Mod Menu/Update Checker) Hash for fabric-renderer-api-v1 is a749ab40b6063beb5d8bdb12db84e8d872fafc9c6e4a9ffcbcca94440b757cb7aa4da4abd9835502e44c22abe2a9c50a4078c497ce73eedbe717b3cb3ed8f0cd
[22:00:55] [Render thread/DEBUG] (FabricLoader/Mixin) Mixing ClientPacketListenerMixin from fabric-lifecycle-events-v1.client.mixins.json into net.minecraft.client.network.ClientPlayNetworkHandler
[22:00:55] [Worker-Main-1/DEBUG] (Mod Menu/Update Checker) Hash for fabric-object-builder-api-v1 is b2815b8c9375908123f702ba3a78f9f38479a9a75ef5f4e58dbcf5225595434d6bfd575a64b1b6a740e9014656a36fde3e22c02f99c7a6b07ba1c0ff71ff7cdc
[22:00:55] [Render thread/DEBUG] (FabricLoader/Mixin) Mixing ClientPacketListenerMixin from fabric-command-api-v2.client.mixins.json into net.minecraft.client.network.ClientPlayNetworkHandler
[22:00:55] [Render thread/DEBUG] (FabricLoader/Mixin) Mixing sync.ClientPacketListenerMixin from fabric-recipe-api-v1.client.mixins.json into net.minecraft.client.network.ClientPlayNetworkHandler
[22:00:55] [Worker-Main-1/DEBUG] (Mod Menu/Update Checker) Hash for fabric-client-gametest-api-v1 is bab82f2dfec1dec939cfd439efcd1640642ad1c244dd9fed0a3a1cee1c68f5e08d4078989b1fcf682374cf6a81122620f9713a0e567d48644dc85b96b81dc835
[22:00:55] [Render thread/DEBUG] (FabricLoader/Mixin) Mixing ClientPacketListenerMixin from fabric-data-attachment-api-v1.client.mixins.json into net.minecraft.client.network.ClientPlayNetworkHandler
[22:00:55] [Worker-Main-1/DEBUG] (Mod Menu/Update Checker) Hash for fabric-resource-conditions-api-v1 is 5a359f5610e6e6315edc4f9f9e4b0356ea8d77d8b1af17f4e3b381b6247d1c3d9626c007976a7c1ddb9c7afd8962ae7d77f85ed6c116416a8954150098fb00af
[22:00:55] [Worker-Main-1/DEBUG] (Mod Menu/Update Checker) Hash for fabric-sound-api-v1 is 83bd88f64cf4c37ac5b4d69fdfa4953ee2432116b23d4ea8f11e18b684616b5a7ffba0d315384332345795e64e0bda5a17c997da7cfbd4da8e9525bb812440dd
[22:00:55] [Worker-Main-1/DEBUG] (Mod Menu/Update Checker) Hash for fabric-rendering-fluids-v1 is bc5fdedb41a60992ce6d142c6e94574535144e151f4a993cfb1170368ab0a376e640f5e246f75a5de8d7f974b8d654ae034eb4a33398f31cc33590877c4eb6a6
[22:00:55] [Worker-Main-1/DEBUG] (Mod Menu/Update Checker) Hash for fabric-lifecycle-events-v1 is 355ff905eeb0e6d48edc9b0c8ddba852c3d7579bf255e49fb376e7ce4f2faad39515334a3be9a5aab38e7cc7dcea9dcb8c25dab86d58f07f1d37be784636ff07
[22:00:55] [Worker-Main-1/DEBUG] (Mod Menu/Update Checker) Hash for fabric-particles-v1 is 9cb54307c64deed4dc6c8647b2c4332470ec4b2d0af00556f27b8dde4250bd21700d63c5298fef8a812ab9d6be004a9c11d8088b33a488d60c4dc93d765e9cc8
[22:00:55] [Worker-Main-1/DEBUG] (Mod Menu/Update Checker) Hash for fabric-data-generation-api-v1 is 8c44fc12ab1f917eb8a998f2e1e25fa68b55ee5546560d0915716dff9d41f1b6a01c4bdb6bdade586fb1c86bd2e6d99e590d9109c3cfe6858584654f713a12d4
[22:00:55] [Worker-Main-1/DEBUG] (Mod Menu/Update Checker) Hash for fabric-command-api-v2 is e41cb494f30349edf0f5abb6b8d40805c086aff6734f79d7ffa270ff7423201495c37710fd8d7afab7654a9af2a89e6cd69e76e4547a93355bbfe83e5af9d3e7
[22:00:55] [Worker-Main-1/DEBUG] (Mod Menu/Update Checker) Hash for fabric-screen-api-v1 is b329b45e786c9e07f1cb6e153993fdfe098a741177c3ac315152e3696e2cf3a49a5a2097b741d63e9f50a68c463d53373d820e1310892fde9195335a292e2a4d
[22:00:55] [Worker-Main-1/DEBUG] (Mod Menu/Update Checker) Hash for fabric-renderer-indigo is d1dc59fb2fa8dba8ab6788ac533af810ab1e48453c6d395a4749c9ad506d712a1b5f65cd4bdb8d1d3793e075e1a4568f6fc091019777b6d482f5014b445e8f03
[22:00:55] [Worker-Main-1/DEBUG] (Mod Menu/Update Checker) Hash for fabric-item-api-v1 is dae91bf416d3a5084ecf76ba72bdc670588ce20d9e72dee59d698fd57ba3a287db19b207aa243cd3e6b4b3092609238cf6128f8610a36210cc4978ab4063213c
[22:00:55] [Worker-Main-1/DEBUG] (Mod Menu/Update Checker) Hash for fabric-item-group-api-v1 is 47ed6ded0e27ea668eb18a71f58a6987e235c99d84630a50389db67ab406894473102d75cbd932919bb101648e63895b77c39c7c9bef5fd643d6d31177843e0e
[22:00:55] [Worker-Main-1/DEBUG] (Mod Menu/Update Checker) Hash for fabric-serialization-api-v1 is 191748b70c6da0caf253d3865f363466f817b930d57917c9c879445343c22fbe3cacdd3e5b321d13c68e9d61f9ad32a0f82137b41452e133276c293f0e15ac03
[22:00:55] [Worker-Main-1/DEBUG] (Mod Menu/Update Checker) Hash for fabric-entity-events-v1 is 5d2b3a49162f9abfad098869d0c6dcc11fd39afe14dc6975cef5fb984e34cbf7d80bddc174b068d3d257cc008d4de52b3f94e589fda6774f5cb5ab04e80489e7
[22:00:55] [Worker-Main-1/DEBUG] (Mod Menu/Update Checker) Hash for fabric-rendering-v1 is e477f6e89209da468f36fa0f94c976f6a8ad3d688e398754bae51ae874f8f2ba82fa787b975adcbf891f51002eb4056220c746bf1ef31728a55447862266e5fb
[22:00:55] [Worker-Main-1/DEBUG] (Mod Menu/Update Checker) Hash for fabric-content-registries-v0 is d712ac3c922ebc5f7e6254dbda8ba4842df69c7545e5849344a5b343fcd0a6e7d576c22547180a39da664167e6b08a4c205a99f389babe3e0b28599b981ad762
[22:00:55] [Worker-Main-1/DEBUG] (Mod Menu/Update Checker) Hash for fabric-biome-api-v1 is 1e0ddff1758deb5c8df89ce0be860a7df6cacfa303aa0c24c23a33fddaf6ef98394b1c33a2ba83bedb160e73332cb07cbc0e8ba4754fb4a4bfabee519a521edb
[22:00:55] [Worker-Main-1/DEBUG] (Mod Menu/Update Checker) Hash for fabric-loot-api-v3 is 8b49d22d54b6c1577325a9e1bf895484b5ff6dbbb6ef7ed70cf2275317aa891028aa3dfc20861e11d4f5fb8c844281dc42ba8a83d71cc47e14228b1eec0f2ab4
[22:00:55] [Worker-Main-1/DEBUG] (Mod Menu/Update Checker) Hash for fabric-loot-api-v2 is 23aec634fc07a73be4c3eaeea5bd8da8929fe14e41c1893f366a3c6d1c54a29689ce4fe126509463588dbf480a1015dbf6ec03a0d009451612efbf3e96729c7a
[22:00:55] [Worker-Main-1/DEBUG] (Mod Menu/Update Checker) Hash for fabric-message-api-v1 is 3d5fa2cc1e76272d28fcb8fb04fb413289822ebd2ae45dcd3400d2602895eddcb7c7bf7d0abce3318f1f907ea88afe6845bfc74ba441ea39e5b7706150a386d1
[22:00:55] [Worker-Main-1/DEBUG] (Mod Menu/Update Checker) Hash for fabric-transitive-access-wideners-v1 is 9f93f0809007c46c9026bd5378446d706950470b82109863534df9caff70a2def60fcf1bfcacc38443be0a29895951ea0aa96ade56cfd4223d29cea20228b6cc
[22:00:55] [Render thread/DEBUG] (FabricLoader/Mixin) fabric-message-api-v1.client.mixins.json:ClientPacketListenerMixin from mod fabric-message-api-v1->@Inject::fabric_allowSendChatMessage(Ljava/lang/String;Lorg/spongepowered/asm/mixin/injection/callback/CallbackInfo;)V does use it's CallbackInfo
[22:00:55] [Render thread/DEBUG] (FabricLoader/Mixin) fabric-message-api-v1.client.mixins.json:ClientPacketListenerMixin from mod fabric-message-api-v1->@Inject::fabric_allowSendCommandMessage(Ljava/lang/String;Lorg/spongepowered/asm/mixin/injection/callback/CallbackInfo;)V does use it's CallbackInfo
[22:00:55] [Render thread/DEBUG] (FabricLoader/Mixin) fabric-networking-api-v1.client.mixins.json:ClientPacketListenerMixin from mod fabric-networking-api-v1->@Inject::initAddon(Lorg/spongepowered/asm/mixin/injection/callback/CallbackInfo;)V doesn't use it's CallbackInfo
[22:00:55] [Render thread/DEBUG] (FabricLoader/Mixin) fabric-networking-api-v1.client.mixins.json:ClientPacketListenerMixin from mod fabric-networking-api-v1->@Inject::initAddon(Lorg/spongepowered/asm/mixin/injection/callback/CallbackInfo;)V has 0 override(s) in child classes
[22:00:55] [Render thread/DEBUG] (FabricLoader/Mixin) fabric-networking-api-v1.client.mixins.json:ClientPacketListenerMixin from mod fabric-networking-api-v1->@Inject::initAddon(Lorg/spongepowered/asm/mixin/injection/callback/CallbackInfo;)V won't be passed a CallbackInfo as a result
[22:00:55] [Render thread/DEBUG] (FabricLoader/Mixin) fabric-networking-api-v1.client.mixins.json:ClientPacketListenerMixin from mod fabric-networking-api-v1->@Inject::handleServerPlayReady(Lnet/minecraft/network/packet/s2c/play/GameJoinS2CPacket;Lorg/spongepowered/asm/mixin/injection/callback/CallbackInfo;)V doesn't use it's CallbackInfo
[22:00:55] [Render thread/DEBUG] (FabricLoader/Mixin) fabric-networking-api-v1.client.mixins.json:ClientPacketListenerMixin from mod fabric-networking-api-v1->@Inject::handleServerPlayReady(Lnet/minecraft/network/packet/s2c/play/GameJoinS2CPacket;Lorg/spongepowered/asm/mixin/injection/callback/CallbackInfo;)V has 0 override(s) in child classes
[22:00:55] [Render thread/DEBUG] (FabricLoader/Mixin) fabric-networking-api-v1.client.mixins.json:ClientPacketListenerMixin from mod fabric-networking-api-v1->@Inject::handleServerPlayReady(Lnet/minecraft/network/packet/s2c/play/GameJoinS2CPacket;Lorg/spongepowered/asm/mixin/injection/callback/CallbackInfo;)V won't be passed a CallbackInfo as a result
[22:00:55] [Render thread/DEBUG] (FabricLoader/Mixin) fabric-lifecycle-events-v1.client.mixins.json:ClientPacketListenerMixin from mod fabric-lifecycle-events-v1->@Inject::onPlayerRespawn(Lnet/minecraft/network/packet/s2c/play/PlayerRespawnS2CPacket;Lorg/spongepowered/asm/mixin/injection/callback/CallbackInfo;)V doesn't use it's CallbackInfo
[22:00:55] [Render thread/DEBUG] (FabricLoader/Mixin) fabric-lifecycle-events-v1.client.mixins.json:ClientPacketListenerMixin from mod fabric-lifecycle-events-v1->@Inject::onPlayerRespawn(Lnet/minecraft/network/packet/s2c/play/PlayerRespawnS2CPacket;Lorg/spongepowered/asm/mixin/injection/callback/CallbackInfo;)V has 0 override(s) in child classes
[22:00:55] [Render thread/DEBUG] (FabricLoader/Mixin) fabric-lifecycle-events-v1.client.mixins.json:ClientPacketListenerMixin from mod fabric-lifecycle-events-v1->@Inject::onPlayerRespawn(Lnet/minecraft/network/packet/s2c/play/PlayerRespawnS2CPacket;Lorg/spongepowered/asm/mixin/injection/callback/CallbackInfo;)V won't be passed a CallbackInfo as a result
[22:00:55] [Render thread/DEBUG] (FabricLoader/Mixin) fabric-lifecycle-events-v1.client.mixins.json:ClientPacketListenerMixin from mod fabric-lifecycle-events-v1->@Inject::onGameJoin(Lnet/minecraft/network/packet/s2c/play/GameJoinS2CPacket;Lorg/spongepowered/asm/mixin/injection/callback/CallbackInfo;)V doesn't use it's CallbackInfo
[22:00:55] [Render thread/DEBUG] (FabricLoader/Mixin) fabric-lifecycle-events-v1.client.mixins.json:ClientPacketListenerMixin from mod fabric-lifecycle-events-v1->@Inject::onGameJoin(Lnet/minecraft/network/packet/s2c/play/GameJoinS2CPacket;Lorg/spongepowered/asm/mixin/injection/callback/CallbackInfo;)V has 0 override(s) in child classes
[22:00:55] [Render thread/DEBUG] (FabricLoader/Mixin) fabric-lifecycle-events-v1.client.mixins.json:ClientPacketListenerMixin from mod fabric-lifecycle-events-v1->@Inject::onGameJoin(Lnet/minecraft/network/packet/s2c/play/GameJoinS2CPacket;Lorg/spongepowered/asm/mixin/injection/callback/CallbackInfo;)V won't be passed a CallbackInfo as a result
[22:00:55] [Render thread/DEBUG] (FabricLoader/Mixin) fabric-lifecycle-events-v1.client.mixins.json:ClientPacketListenerMixin from mod fabric-lifecycle-events-v1->@Inject::onClearWorld(Lorg/spongepowered/asm/mixin/injection/callback/CallbackInfo;)V doesn't use it's CallbackInfo
[22:00:55] [Render thread/DEBUG] (FabricLoader/Mixin) fabric-lifecycle-events-v1.client.mixins.json:ClientPacketListenerMixin from mod fabric-lifecycle-events-v1->@Inject::onClearWorld(Lorg/spongepowered/asm/mixin/injection/callback/CallbackInfo;)V has 0 override(s) in child classes
[22:00:55] [Render thread/DEBUG] (FabricLoader/Mixin) fabric-lifecycle-events-v1.client.mixins.json:ClientPacketListenerMixin from mod fabric-lifecycle-events-v1->@Inject::onClearWorld(Lorg/spongepowered/asm/mixin/injection/callback/CallbackInfo;)V won't be passed a CallbackInfo as a result
[22:00:55] [Render thread/DEBUG] (FabricLoader/Mixin) fabric-lifecycle-events-v1.client.mixins.json:ClientPacketListenerMixin from mod fabric-lifecycle-events-v1->@Inject::invokeTagsLoaded(Lnet/minecraft/network/packet/s2c/common/SynchronizeTagsS2CPacket;Lorg/spongepowered/asm/mixin/injection/callback/CallbackInfo;)V doesn't use it's CallbackInfo
[22:00:55] [Render thread/DEBUG] (FabricLoader/Mixin) fabric-lifecycle-events-v1.client.mixins.json:ClientPacketListenerMixin from mod fabric-lifecycle-events-v1->@Inject::invokeTagsLoaded(Lnet/minecraft/network/packet/s2c/common/SynchronizeTagsS2CPacket;Lorg/spongepowered/asm/mixin/injection/callback/CallbackInfo;)V has 0 override(s) in child classes
[22:00:55] [Render thread/DEBUG] (FabricLoader/Mixin) fabric-lifecycle-events-v1.client.mixins.json:ClientPacketListenerMixin from mod fabric-lifecycle-events-v1->@Inject::invokeTagsLoaded(Lnet/minecraft/network/packet/s2c/common/SynchronizeTagsS2CPacket;Lorg/spongepowered/asm/mixin/injection/callback/CallbackInfo;)V won't be passed a CallbackInfo as a result
[22:00:55] [Render thread/DEBUG] (FabricLoader/Mixin) fabric-command-api-v2.client.mixins.json:ClientPacketListenerMixin from mod fabric-command-api-v2->@Inject::onGameJoin(Lnet/minecraft/network/packet/s2c/play/GameJoinS2CPacket;Lorg/spongepowered/asm/mixin/injection/callback/CallbackInfo;)V doesn't use it's CallbackInfo
[22:00:55] [Render thread/DEBUG] (FabricLoader/Mixin) fabric-command-api-v2.client.mixins.json:ClientPacketListenerMixin from mod fabric-command-api-v2->@Inject::onGameJoin(Lnet/minecraft/network/packet/s2c/play/GameJoinS2CPacket;Lorg/spongepowered/asm/mixin/injection/callback/CallbackInfo;)V has 0 override(s) in child classes
[22:00:55] [Render thread/DEBUG] (FabricLoader/Mixin) fabric-command-api-v2.client.mixins.json:ClientPacketListenerMixin from mod fabric-command-api-v2->@Inject::onGameJoin(Lnet/minecraft/network/packet/s2c/play/GameJoinS2CPacket;Lorg/spongepowered/asm/mixin/injection/callback/CallbackInfo;)V won't be passed a CallbackInfo as a result
[22:00:55] [Render thread/DEBUG] (FabricLoader/Mixin) fabric-command-api-v2.client.mixins.json:ClientPacketListenerMixin from mod fabric-command-api-v2->@Inject::onOnCommandTree(Lnet/minecraft/network/packet/s2c/play/CommandTreeS2CPacket;Lorg/spongepowered/asm/mixin/injection/callback/CallbackInfo;)V doesn't use it's CallbackInfo
[22:00:55] [Render thread/DEBUG] (FabricLoader/Mixin) fabric-command-api-v2.client.mixins.json:ClientPacketListenerMixin from mod fabric-command-api-v2->@Inject::onOnCommandTree(Lnet/minecraft/network/packet/s2c/play/CommandTreeS2CPacket;Lorg/spongepowered/asm/mixin/injection/callback/CallbackInfo;)V has 0 override(s) in child classes
[22:00:55] [Render thread/DEBUG] (FabricLoader/Mixin) fabric-command-api-v2.client.mixins.json:ClientPacketListenerMixin from mod fabric-command-api-v2->@Inject::onOnCommandTree(Lnet/minecraft/network/packet/s2c/play/CommandTreeS2CPacket;Lorg/spongepowered/asm/mixin/injection/callback/CallbackInfo;)V won't be passed a CallbackInfo as a result
[22:00:55] [Render thread/DEBUG] (FabricLoader/Mixin) fabric-command-api-v2.client.mixins.json:ClientPacketListenerMixin from mod fabric-command-api-v2->@Inject::setLastReceivedCommandsPacket(Lnet/minecraft/network/packet/s2c/play/CommandTreeS2CPacket;Lorg/spongepowered/asm/mixin/injection/callback/CallbackInfo;)V doesn't use it's CallbackInfo
[22:00:55] [Render thread/DEBUG] (FabricLoader/Mixin) fabric-command-api-v2.client.mixins.json:ClientPacketListenerMixin from mod fabric-command-api-v2->@Inject::setLastReceivedCommandsPacket(Lnet/minecraft/network/packet/s2c/play/CommandTreeS2CPacket;Lorg/spongepowered/asm/mixin/injection/callback/CallbackInfo;)V has 0 override(s) in child classes
[22:00:55] [Render thread/DEBUG] (FabricLoader/Mixin) fabric-command-api-v2.client.mixins.json:ClientPacketListenerMixin from mod fabric-command-api-v2->@Inject::setLastReceivedCommandsPacket(Lnet/minecraft/network/packet/s2c/play/CommandTreeS2CPacket;Lorg/spongepowered/asm/mixin/injection/callback/CallbackInfo;)V won't be passed a CallbackInfo as a result
[22:00:55] [Render thread/DEBUG] (FabricLoader/Mixin) fabric-command-api-v2.client.mixins.json:ClientPacketListenerMixin from mod fabric-command-api-v2->@Inject::onSendCommand(Ljava/lang/String;Lnet/minecraft/client/gui/screen/Screen;Lorg/spongepowered/asm/mixin/injection/callback/CallbackInfo;)V does use it's CallbackInfo
[22:00:55] [Render thread/DEBUG] (FabricLoader/Mixin) fabric-command-api-v2.client.mixins.json:ClientPacketListenerMixin from mod fabric-command-api-v2->@Inject::onSendCommand(Ljava/lang/String;Lorg/spongepowered/asm/mixin/injection/callback/CallbackInfo;)V does use it's CallbackInfo
[22:00:55] [ModMenu/Update Checker/2/DEBUG] (Mod Menu/Update Checker) Body: {
  "hashes": [
    "a56f9b5cd06ae00aa419896d48651e9eae516e42856438524048f33ce7b23c808850244b73b710f0721f335eb5064400ac444dcdba93737a89215007059fea03",
    "7aac11be32198f5b70b61bc4522bd8ad29dc59bec379209994e53555553828100965e76e8973e40e51765eda48ecf11ee7dc39f8e8608862d5ae16dafa26e8b8",
    "dae91bf416d3a5084ecf76ba72bdc670588ce20d9e72dee59d698fd57ba3a287db19b207aa243cd3e6b4b3092609238cf6128f8610a36210cc4978ab4063213c",
    "0ae2e3dc403ccd4a960517712c8f45fcba958863d4a882eaa01fbdffcfa90f86d242bff8bc8786b3e5b62d98e7c04e797d2634b85ec948c3c3c2fc5a66a5f775",
    "9cb54307c64deed4dc6c8647b2c4332470ec4b2d0af00556f27b8dde4250bd21700d63c5298fef8a812ab9d6be004a9c11d8088b33a488d60c4dc93d765e9cc8",
    "191748b70c6da0caf253d3865f363466f817b930d57917c9c879445343c22fbe3cacdd3e5b321d13c68e9d61f9ad32a0f82137b41452e133276c293f0e15ac03",
    "d712ac3c922ebc5f7e6254dbda8ba4842df69c7545e5849344a5b343fcd0a6e7d576c22547180a39da664167e6b08a4c205a99f389babe3e0b28599b981ad762",
    "f66d0b88af97a4f21b1a143eca662919449ddb6839fdbb27e6079f42ed1190c0c3edf684ad4be42db18867cfc8870eb4d3ad93ecf47f2d880d2994a3a36ef766",
    "684c92653d328d9d1d48f9b5edb82c2d684f0c5a90fc483e384cd86dce9a70082c0f86431c5bf9233a9b9374fbc653ffcbfea6b1b5814c1608192af6ea87b9bd",
    "95f8fd72fd0a27f793eb3b338791c9e7144eb7d07ba6ff6add78e537790f6acb2d5d13a6580f9d95b6bcd38c0f44614bcea79dcad248a827b830a4d7ef94d81f",
    "a749ab40b6063beb5d8bdb12db84e8d872fafc9c6e4a9ffcbcca94440b757cb7aa4da4abd9835502e44c22abe2a9c50a4078c497ce73eedbe717b3cb3ed8f0cd",
    "1e0ddff1758deb5c8df89ce0be860a7df6cacfa303aa0c24c23a33fddaf6ef98394b1c33a2ba83bedb160e73332cb07cbc0e8ba4754fb4a4bfabee519a521edb",
    "62356a85ace492e5a5102bd04e5569ed7e17fae58a19ab6e92eeb30d5946e0007f032dfbd2df48f5536dea7c8048821f4c63a2c5b88dbfcc1bba0f9a81049999",
    "5c274486891a93580e73b88c60745ba5409a18c739fe664801656e42927dce463837fffb3138470b96d55eae27511692f897b14b3fd3852e49d965b362d31e86",
    "772aae3d669dc927fe2832790566387f585976a86de65aedbd53f83f077c841e90be637e397e3f50867838f674b3de11304d2f4968c3e67ad5aaa3737018141f",
    "09adf0aa990864daadf765170fb97f7b2c7d6e4603f684a4aed1bf9788ff84b3b7213bc3cef7294297544c4718ba26ad151669c4433d1da6214324ffecbc8ced",
    "dc35c49205db5257f7959ff2ec41b819d54143822a68d075ba4dc6eba4d6ec555c9eb7bf2178fcc600f1c0568de798adb08a3cf7e244c2b3b68cb7ec3f31311d",
    "be5bfdcf6a59e2f00afd8fb50cf0d549d6e635c39ce99196249c61797e7c8d83a089b6522f083c9e1f52a0046749c2560df08f22151a65f07e496ac08f066eb4",
    "bc5fdedb41a60992ce6d142c6e94574535144e151f4a993cfb1170368ab0a376e640f5e246f75a5de8d7f974b8d654ae034eb4a33398f31cc33590877c4eb6a6",
    "a5b1784114dfd67b2227191d8c25c304d55a15c01aec8acce639600b69397f7da6f45e55b49d636331f2d1c105fa92109ddd55b055b6099df30621c38c079962",
    "a8c23c6c776957b3911f33b5d2c1bc0fbee224fa324a3ada1c56dcfb73ca47c0d42e285f6c15fd1666d4ce1c4fd6e4ce24535ea520a7bed6f037866662113f40",
    "9f93f0809007c46c9026bd5378446d706950470b82109863534df9caff70a2def60fcf1bfcacc38443be0a29895951ea0aa96ade56cfd4223d29cea20228b6cc",
    "e477f6e89209da468f36fa0f94c976f6a8ad3d688e398754bae51ae874f8f2ba82fa787b975adcbf891f51002eb4056220c746bf1ef31728a55447862266e5fb",
    "5a359f5610e6e6315edc4f9f9e4b0356ea8d77d8b1af17f4e3b381b6247d1c3d9626c007976a7c1ddb9c7afd8962ae7d77f85ed6c116416a8954150098fb00af",
    "d1dc59fb2fa8dba8ab6788ac533af810ab1e48453c6d395a4749c9ad506d712a1b5f65cd4bdb8d1d3793e075e1a4568f6fc091019777b6d482f5014b445e8f03",
    "8c44fc12ab1f917eb8a998f2e1e25fa68b55ee5546560d0915716dff9d41f1b6a01c4bdb6bdade586fb1c86bd2e6d99e590d9109c3cfe6858584654f713a12d4",
    "3d5fa2cc1e76272d28fcb8fb04fb413289822ebd2ae45dcd3400d2602895eddcb7c7bf7d0abce3318f1f907ea88afe6845bfc74ba441ea39e5b7706150a386d1",
    "b2815b8c9375908123f702ba3a78f9f38479a9a75ef5f4e58dbcf5225595434d6bfd575a64b1b6a740e9014656a36fde3e22c02f99c7a6b07ba1c0ff71ff7cdc",
    "83bd88f64cf4c37ac5b4d69fdfa4953ee2432116b23d4ea8f11e18b684616b5a7ffba0d315384332345795e64e0bda5a17c997da7cfbd4da8e9525bb812440dd",
    "00c421b3788d27d9a038d17243780e9a414c862f7131afbc3bbb682b51f302185052002589cf0b0243c0fc37ce614b2c3076377a984ec7c9376f937e9bf354b1",
    "bab82f2dfec1dec939cfd439efcd1640642ad1c244dd9fed0a3a1cee1c68f5e08d4078989b1fcf682374cf6a81122620f9713a0e567d48644dc85b96b81dc835",
    "23aec634fc07a73be4c3eaeea5bd8da8929fe14e41c1893f366a3c6d1c54a29689ce4fe126509463588dbf480a1015dbf6ec03a0d009451612efbf3e96729c7a",
    "d68aed31cb29594a7a2b14f07ea63b5baef9596d6e3c4cc3a614ae8eea2d9fd1ce161e6a4d0775e0634328af5a80520dc5f04b97324497d45c5b331607f18daf",
    "b329b45e786c9e07f1cb6e153993fdfe098a741177c3ac315152e3696e2cf3a49a5a2097b741d63e9f50a68c463d53373d820e1310892fde9195335a292e2a4d",
    "a07eab44323a5408f179072d21ace098529c6666484132c0c02ad9bf127724cdbee739c2616bf9df5c80d0eb1e3d8c4b904233d6c06c29d590adda06abe958f2",
    "8b49d22d54b6c1577325a9e1bf895484b5ff6dbbb6ef7ed70cf2275317aa891028aa3dfc20861e11d4f5fb8c844281dc42ba8a83d71cc47e14228b1eec0f2ab4",
    "0c3031a7ac64d38a55ac6a5778e1e899024d7a3c68a1c92c31bdfc5e2b6d26c38dec291318b5ff4feb92ce4b00006fb2623f3ab8f5b1bacd7d562fa6b6932a32",
    "5d2b3a49162f9abfad098869d0c6dcc11fd39afe14dc6975cef5fb984e34cbf7d80bddc174b068d3d257cc008d4de52b3f94e589fda6774f5cb5ab04e80489e7",
    "31b929374c2526ebb532185cd54b752c0a5ca7f56a48c99ed6a73f598a4155c9db88ab4c8ea5904fa2e2f78310424393238b2db6cd435c0f3ad87d1391ea3320",
    "e41cb494f30349edf0f5abb6b8d40805c086aff6734f79d7ffa270ff7423201495c37710fd8d7afab7654a9af2a89e6cd69e76e4547a93355bbfe83e5af9d3e7",
    "ccf709368b5b3bf3edee64be90d0f70784e34eaddfbd39b4294588eadd40080ffe4828f28dc15e33889b9257e92fa0fea155d8b83bf43435f48396a1810d198e",
    "0227d949656e1052f01539b7de5fadf8339ea5ce834687bb127c32f7fa9ea30e44b886c32384b0e744d80ed7904aebb811b0d9b7cd608d69aa8c4e00203499b1",
    "b047107dd1b25e2c4ffba2cb2ba04989ae35f5d96583ba5a0b7601b384bdc11e5b76c1704ebb01722537eb6beab9b171f338f48af222888cb076a6ae7a88302d",
    "1be24fedc66d8f433d66617c26874956fd528bec970c2f4ad5ea8270c48529a11e71a40ca9b335b6461a25f0aae2cf5fe85f7fc8f9e0500c6a76f9f504e76836",
    "47ed6ded0e27ea668eb18a71f58a6987e235c99d84630a50389db67ab406894473102d75cbd932919bb101648e63895b77c39c7c9bef5fd643d6d31177843e0e",
    "355ff905eeb0e6d48edc9b0c8ddba852c3d7579bf255e49fb376e7ce4f2faad39515334a3be9a5aab38e7cc7dcea9dcb8c25dab86d58f07f1d37be784636ff07",
    "ac7f7b5be311d2e373f72db61febc108eb08b21852c15f18826eb9298cdb039d185ab136c63573ac3beff937a17529b04a4f4d31738bcd4576979bd934f25a9b",
    "032594e23826283cd901dad5d123c8471c2dfd8b9dc7777b4092cca913f2dca5f0f8de0841cb59d5a12c7d04a516fa8583c5a6f49eb8401bfe60bd5e4dcb78de"
  ],
  "algorithm": "sha512",
  "loaders": [
    "fabric"
  ],
  "game_versions": [
    "1.21.11"
  ],
  "version_types": [
    "release"
  ]
}
[22:00:55] [Render thread/DEBUG] (FabricLoader/Mixin) Mixing accessor.ClientCommonPacketListenerImplAccessor from fabric-networking-api-v1.client.mixins.json into net.minecraft.client.network.ClientCommonNetworkHandler
[22:00:55] [Render thread/DEBUG] (FabricLoader/Mixin) Mixing ClientCommonPacketListenerImplMixin from fabric-networking-api-v1.client.mixins.json into net.minecraft.client.network.ClientCommonNetworkHandler
[22:00:55] [Render thread/DEBUG] (FabricLoader/Mixin) fabric-networking-api-v1.client.mixins.json:ClientCommonPacketListenerImplMixin from mod fabric-networking-api-v1->@Inject::onCustomPayload(Lnet/minecraft/network/packet/s2c/common/CustomPayloadS2CPacket;Lorg/spongepowered/asm/mixin/injection/callback/CallbackInfo;)V does use it's CallbackInfo
[22:00:55] [Render thread/DEBUG] (FabricLoader/Mixin) Mixing accessor.ClientHandshakePacketListenerImplAccessor from fabric-networking-api-v1.client.mixins.json into net.minecraft.client.network.ClientLoginNetworkHandler
[22:00:55] [Render thread/DEBUG] (FabricLoader/Mixin) Mixing ClientHandshakePacketListenerImplMixin from fabric-networking-api-v1.client.mixins.json into net.minecraft.client.network.ClientLoginNetworkHandler
[22:00:55] [Render thread/DEBUG] (FabricLoader/Mixin) fabric-networking-api-v1.client.mixins.json:ClientHandshakePacketListenerImplMixin from mod fabric-networking-api-v1->@Inject::initAddon(Lorg/spongepowered/asm/mixin/injection/callback/CallbackInfo;)V doesn't use it's CallbackInfo
[22:00:55] [Render thread/DEBUG] (FabricLoader/Mixin) fabric-networking-api-v1.client.mixins.json:ClientHandshakePacketListenerImplMixin from mod fabric-networking-api-v1->@Inject::initAddon(Lorg/spongepowered/asm/mixin/injection/callback/CallbackInfo;)V has 0 override(s) in child classes
[22:00:55] [Render thread/DEBUG] (FabricLoader/Mixin) fabric-networking-api-v1.client.mixins.json:ClientHandshakePacketListenerImplMixin from mod fabric-networking-api-v1->@Inject::initAddon(Lorg/spongepowered/asm/mixin/injection/callback/CallbackInfo;)V won't be passed a CallbackInfo as a result
[22:00:55] [Render thread/DEBUG] (FabricLoader/Mixin) fabric-networking-api-v1.client.mixins.json:ClientHandshakePacketListenerImplMixin from mod fabric-networking-api-v1->@Inject::handleQueryRequest(Lnet/minecraft/network/packet/s2c/login/LoginQueryRequestS2CPacket;Lorg/spongepowered/asm/mixin/injection/callback/CallbackInfo;)V does use it's CallbackInfo
[22:00:55] [Render thread/DEBUG] (FabricLoader/Mixin) Mixing ClientConfigurationPacketListenerImplMixin from fabric-networking-api-v1.client.mixins.json into net.minecraft.client.network.ClientConfigurationNetworkHandler
[22:00:55] [Render thread/DEBUG] (FabricLoader/Mixin) Mixing ClientConfigurationPacketListenerImplMixin from fabric-lifecycle-events-v1.client.mixins.json into net.minecraft.client.network.ClientConfigurationNetworkHandler
[22:00:55] [Render thread/DEBUG] (FabricLoader/Mixin) Mixing accessor.ClientConfigurationPacketListenerImplAccessor from fabric-networking-api-v1.client.mixins.json into net.minecraft.client.network.ClientConfigurationNetworkHandler
[22:00:55] [Render thread/DEBUG] (FabricLoader/Mixin) Mixing sync.ClientConfigurationPacketListenerImplMixin from fabric-recipe-api-v1.client.mixins.json into net.minecraft.client.network.ClientConfigurationNetworkHandler
[22:00:55] [Render thread/DEBUG] (FabricLoader/Mixin) fabric-networking-api-v1.client.mixins.json:ClientConfigurationPacketListenerImplMixin from mod fabric-networking-api-v1->@Inject::initAddon(Lorg/spongepowered/asm/mixin/injection/callback/CallbackInfo;)V doesn't use it's CallbackInfo
[22:00:55] [Render thread/DEBUG] (FabricLoader/Mixin) fabric-networking-api-v1.client.mixins.json:ClientConfigurationPacketListenerImplMixin from mod fabric-networking-api-v1->@Inject::initAddon(Lorg/spongepowered/asm/mixin/injection/callback/CallbackInfo;)V has 0 override(s) in child classes
[22:00:55] [Render thread/DEBUG] (FabricLoader/Mixin) fabric-networking-api-v1.client.mixins.json:ClientConfigurationPacketListenerImplMixin from mod fabric-networking-api-v1->@Inject::initAddon(Lorg/spongepowered/asm/mixin/injection/callback/CallbackInfo;)V won't be passed a CallbackInfo as a result
[22:00:55] [Render thread/DEBUG] (FabricLoader/Mixin) fabric-networking-api-v1.client.mixins.json:ClientConfigurationPacketListenerImplMixin from mod fabric-networking-api-v1->@Inject::handleComplete(Lnet/minecraft/network/packet/s2c/config/ReadyS2CPacket;Lorg/spongepowered/asm/mixin/injection/callback/CallbackInfo;)V doesn't use it's CallbackInfo
[22:00:55] [Render thread/DEBUG] (FabricLoader/Mixin) fabric-networking-api-v1.client.mixins.json:ClientConfigurationPacketListenerImplMixin from mod fabric-networking-api-v1->@Inject::handleComplete(Lnet/minecraft/network/packet/s2c/config/ReadyS2CPacket;Lorg/spongepowered/asm/mixin/injection/callback/CallbackInfo;)V has 0 override(s) in child classes
[22:00:55] [Render thread/DEBUG] (FabricLoader/Mixin) fabric-networking-api-v1.client.mixins.json:ClientConfigurationPacketListenerImplMixin from mod fabric-networking-api-v1->@Inject::handleComplete(Lnet/minecraft/network/packet/s2c/config/ReadyS2CPacket;Lorg/spongepowered/asm/mixin/injection/callback/CallbackInfo;)V won't be passed a CallbackInfo as a result
[22:00:55] [Render thread/DEBUG] (FabricLoader/Mixin) fabric-lifecycle-events-v1.client.mixins.json:ClientConfigurationPacketListenerImplMixin from mod fabric-lifecycle-events-v1->@Inject::invokeTagsLoaded(Lnet/minecraft/resource/ResourceFactory;Lorg/spongepowered/asm/mixin/injection/callback/CallbackInfoReturnable;)V does use it's CallbackInfoReturnable
[22:00:55] [Render thread/DEBUG] (FabricLoader/Mixin) fabric-recipe-api-v1.client.mixins.json:sync.ClientConfigurationPacketListenerImplMixin from mod fabric-recipe-api-v1->@Inject::sendSupportedRecipeSerializers(Lnet/minecraft/network/packet/s2c/config/SelectKnownPacksS2CPacket;Lorg/spongepowered/asm/mixin/injection/callback/CallbackInfo;)V doesn't use it's CallbackInfo
[22:00:55] [Render thread/DEBUG] (FabricLoader/Mixin) fabric-recipe-api-v1.client.mixins.json:sync.ClientConfigurationPacketListenerImplMixin from mod fabric-recipe-api-v1->@Inject::sendSupportedRecipeSerializers(Lnet/minecraft/network/packet/s2c/config/SelectKnownPacksS2CPacket;Lorg/spongepowered/asm/mixin/injection/callback/CallbackInfo;)V has 0 override(s) in child classes
[22:00:55] [Render thread/DEBUG] (FabricLoader/Mixin) fabric-recipe-api-v1.client.mixins.json:sync.ClientConfigurationPacketListenerImplMixin from mod fabric-recipe-api-v1->@Inject::sendSupportedRecipeSerializers(Lnet/minecraft/network/packet/s2c/config/SelectKnownPacksS2CPacket;Lorg/spongepowered/asm/mixin/injection/callback/CallbackInfo;)V won't be passed a CallbackInfo as a result
[22:00:55] [Render thread/DEBUG] (FabricLoader/Mixin) Mixing ConnectionMixin from fabric-networking-api-v1.mixins.json into net.minecraft.network.ClientConnection
[22:00:55] [Render thread/DEBUG] (FabricLoader/Mixin) Renaming synthetic method lambda$fabric_getPendingChannelsNames$2(Lnet/minecraft/network/NetworkPhase;)Ljava/util/Collection; to mdffa551$fabric-networking-api-v1$lambda$fabric_getPendingChannelsNames$2$0 in fabric-networking-api-v1.mixins.json:ConnectionMixin from mod fabric-networking-api-v1
[22:00:55] [Render thread/DEBUG] (FabricLoader/Mixin) Renaming synthetic method lambda$injectFabricPacketSlitterHandlerOutbound$1(Lnet/fabricmc/fabric/impl/networking/PayloadTypeRegistryImpl;Lio/netty/channel/ChannelHandlerContext;)V to mdffa551$fabric-networking-api-v1$lambda$injectFabricPacketSlitterHandlerOutbound$1$1 in fabric-networking-api-v1.mixins.json:ConnectionMixin from mod fabric-networking-api-v1
[22:00:55] [Render thread/DEBUG] (FabricLoader/Mixin) Renaming synthetic method lambda$injectFabricPacketSlitterHandlerInbound$0(Lnet/fabricmc/fabric/impl/networking/PayloadTypeRegistryImpl;Lnet/minecraft/network/state/NetworkState;Lio/netty/channel/ChannelHandlerContext;)V to mdffa551$fabric-networking-api-v1$lambda$injectFabricPacketSlitterHandlerInbound$0$2 in fabric-networking-api-v1.mixins.json:ConnectionMixin from mod fabric-networking-api-v1
[22:00:55] [Render thread/DEBUG] (FabricLoader/Mixin) Mixing ingredient.ConnectionMixin from fabric-recipe-api-v1.mixins.json into net.minecraft.network.ClientConnection
[22:00:55] [Render thread/DEBUG] (FabricLoader/Mixin) Mixing sync.ConnectionMixin from fabric-recipe-api-v1.mixins.json into net.minecraft.network.ClientConnection
[22:00:55] [Render thread/DEBUG] (FabricLoader/Mixin) Mixing ConnectionMixin from fabric-data-attachment-api-v1.mixins.json into net.minecraft.network.ClientConnection
[22:00:55] [Render thread/DEBUG] (FabricLoader/Mixin) fabric-networking-api-v1.mixins.json:ConnectionMixin from mod fabric-networking-api-v1->@Inject::initAddedFields(Lnet/minecraft/network/NetworkSide;Lorg/spongepowered/asm/mixin/injection/callback/CallbackInfo;)V doesn't use it's CallbackInfo
[22:00:55] [Render thread/DEBUG] (FabricLoader/Mixin) fabric-networking-api-v1.mixins.json:ConnectionMixin from mod fabric-networking-api-v1->@Inject::initAddedFields(Lnet/minecraft/network/NetworkSide;Lorg/spongepowered/asm/mixin/injection/callback/CallbackInfo;)V has 0 override(s) in child classes
[22:00:55] [Render thread/DEBUG] (FabricLoader/Mixin) fabric-networking-api-v1.mixins.json:ConnectionMixin from mod fabric-networking-api-v1->@Inject::initAddedFields(Lnet/minecraft/network/NetworkSide;Lorg/spongepowered/asm/mixin/injection/callback/CallbackInfo;)V won't be passed a CallbackInfo as a result
[22:00:55] [Render thread/DEBUG] (FabricLoader/Mixin) fabric-networking-api-v1.mixins.json:ConnectionMixin from mod fabric-networking-api-v1->@Inject::checkPacket(Lnet/minecraft/network/packet/Packet;Lio/netty/channel/ChannelFutureListener;ZLorg/spongepowered/asm/mixin/injection/callback/CallbackInfo;)V doesn't use it's CallbackInfo
[22:00:55] [Render thread/DEBUG] (FabricLoader/Mixin) fabric-networking-api-v1.mixins.json:ConnectionMixin from mod fabric-networking-api-v1->@Inject::checkPacket(Lnet/minecraft/network/packet/Packet;Lio/netty/channel/ChannelFutureListener;ZLorg/spongepowered/asm/mixin/injection/callback/CallbackInfo;)V has 0 override(s) in child classes
[22:00:55] [Render thread/DEBUG] (FabricLoader/Mixin) fabric-networking-api-v1.mixins.json:ConnectionMixin from mod fabric-networking-api-v1->@Inject::checkPacket(Lnet/minecraft/network/packet/Packet;Lio/netty/channel/ChannelFutureListener;ZLorg/spongepowered/asm/mixin/injection/callback/CallbackInfo;)V won't be passed a CallbackInfo as a result
[22:00:55] [Render thread/DEBUG] (FabricLoader/Mixin) fabric-networking-api-v1.mixins.json:ConnectionMixin from mod fabric-networking-api-v1->@Inject::checkPacket(Lnet/minecraft/network/packet/Packet;Lio/netty/channel/ChannelFutureListener;ZLorg/spongepowered/asm/mixin/injection/callback/CallbackInfo;)V doesn't use it's CallbackInfo
[22:00:55] [Render thread/DEBUG] (FabricLoader/Mixin) fabric-networking-api-v1.mixins.json:ConnectionMixin from mod fabric-networking-api-v1->@Inject::checkPacket(Lnet/minecraft/network/packet/Packet;Lio/netty/channel/ChannelFutureListener;ZLorg/spongepowered/asm/mixin/injection/callback/CallbackInfo;)V has 0 override(s) in child classes
[22:00:55] [Render thread/DEBUG] (FabricLoader/Mixin) fabric-networking-api-v1.mixins.json:ConnectionMixin from mod fabric-networking-api-v1->@Inject::checkPacket(Lnet/minecraft/network/packet/Packet;Lio/netty/channel/ChannelFutureListener;ZLorg/spongepowered/asm/mixin/injection/callback/CallbackInfo;)V won't be passed a CallbackInfo as a result
[22:00:55] [Render thread/DEBUG] (FabricLoader/Mixin) fabric-networking-api-v1.mixins.json:ConnectionMixin from mod fabric-networking-api-v1->@Inject::unwatchAddon(Lnet/minecraft/network/state/NetworkState;Lnet/minecraft/network/listener/PacketListener;Lorg/spongepowered/asm/mixin/injection/callback/CallbackInfo;)V doesn't use it's CallbackInfo
[22:00:55] [Render thread/DEBUG] (FabricLoader/Mixin) fabric-networking-api-v1.mixins.json:ConnectionMixin from mod fabric-networking-api-v1->@Inject::unwatchAddon(Lnet/minecraft/network/state/NetworkState;Lnet/minecraft/network/listener/PacketListener;Lorg/spongepowered/asm/mixin/injection/callback/CallbackInfo;)V has 0 override(s) in child classes
[22:00:55] [Render thread/DEBUG] (FabricLoader/Mixin) fabric-networking-api-v1.mixins.json:ConnectionMixin from mod fabric-networking-api-v1->@Inject::unwatchAddon(Lnet/minecraft/network/state/NetworkState;Lnet/minecraft/network/listener/PacketListener;Lorg/spongepowered/asm/mixin/injection/callback/CallbackInfo;)V won't be passed a CallbackInfo as a result
[22:00:55] [Render thread/DEBUG] (FabricLoader/Mixin) fabric-networking-api-v1.mixins.json:ConnectionMixin from mod fabric-networking-api-v1->@Inject::disconnectAddon(Lio/netty/channel/ChannelHandlerContext;Lorg/spongepowered/asm/mixin/injection/callback/CallbackInfo;)V doesn't use it's CallbackInfo
[22:00:55] [Render thread/DEBUG] (FabricLoader/Mixin) fabric-networking-api-v1.mixins.json:ConnectionMixin from mod fabric-networking-api-v1->@Inject::disconnectAddon(Lio/netty/channel/ChannelHandlerContext;Lorg/spongepowered/asm/mixin/injection/callback/CallbackInfo;)V has 0 override(s) in child classes
[22:00:55] [Render thread/DEBUG] (FabricLoader/Mixin) fabric-networking-api-v1.mixins.json:ConnectionMixin from mod fabric-networking-api-v1->@Inject::disconnectAddon(Lio/netty/channel/ChannelHandlerContext;Lorg/spongepowered/asm/mixin/injection/callback/CallbackInfo;)V won't be passed a CallbackInfo as a result
[22:00:55] [Render thread/DEBUG] (FabricLoader/Mixin) fabric-networking-api-v1.mixins.json:ConnectionMixin from mod fabric-networking-api-v1->@Inject::disconnectAddon(Lorg/spongepowered/asm/mixin/injection/callback/CallbackInfo;)V doesn't use it's CallbackInfo
[22:00:55] [Render thread/DEBUG] (FabricLoader/Mixin) fabric-networking-api-v1.mixins.json:ConnectionMixin from mod fabric-networking-api-v1->@Inject::disconnectAddon(Lorg/spongepowered/asm/mixin/injection/callback/CallbackInfo;)V has 0 override(s) in child classes
[22:00:55] [Render thread/DEBUG] (FabricLoader/Mixin) fabric-networking-api-v1.mixins.json:ConnectionMixin from mod fabric-networking-api-v1->@Inject::disconnectAddon(Lorg/spongepowered/asm/mixin/injection/callback/CallbackInfo;)V won't be passed a CallbackInfo as a result
[22:00:55] [Render thread/INFO] (net.fabricmc.fabric.impl.client.indigo.Indigo) [Indigo] Registering Indigo renderer!
[22:00:55] [Render thread/DEBUG] (FabricLoader/Mixin) Mixing SimpleRegistryTagLookup2Accessor from fabric-tag-api-v1.mixins.json into net.minecraft.registry.SimpleRegistry$TagLookup$2
[22:00:55] [Render thread/DEBUG] (FabricLoader/Mixin) Mixing OptionsMixin from fabric-key-binding-api-v1.mixins.json into net.minecraft.client.option.GameOptions
[22:00:55] [Render thread/DEBUG] (FabricLoader/Mixin) Mixing OptionsMixin from fabric-resource-loader-v1.client.mixins.json into net.minecraft.client.option.GameOptions
[22:00:55] [Render thread/DEBUG] (FabricLoader/Mixin) fabric-key-binding-api-v1.mixins.json:OptionsMixin from mod fabric-key-binding-api-v1->@Inject::loadHook(Lorg/spongepowered/asm/mixin/injection/callback/CallbackInfo;)V doesn't use it's CallbackInfo
[22:00:55] [Render thread/DEBUG] (FabricLoader/Mixin) fabric-key-binding-api-v1.mixins.json:OptionsMixin from mod fabric-key-binding-api-v1->@Inject::loadHook(Lorg/spongepowered/asm/mixin/injection/callback/CallbackInfo;)V has 0 override(s) in child classes
[22:00:55] [Render thread/DEBUG] (FabricLoader/Mixin) fabric-key-binding-api-v1.mixins.json:OptionsMixin from mod fabric-key-binding-api-v1->@Inject::loadHook(Lorg/spongepowered/asm/mixin/injection/callback/CallbackInfo;)V won't be passed a CallbackInfo as a result
[22:00:55] [Render thread/DEBUG] (FabricLoader/Mixin) fabric-resource-loader-v1.client.mixins.json:OptionsMixin from mod fabric-resource-loader-v1->@Inject::onLoad(Lorg/spongepowered/asm/mixin/injection/callback/CallbackInfo;)V doesn't use it's CallbackInfo
[22:00:55] [Render thread/DEBUG] (FabricLoader/Mixin) fabric-resource-loader-v1.client.mixins.json:OptionsMixin from mod fabric-resource-loader-v1->@Inject::onLoad(Lorg/spongepowered/asm/mixin/injection/callback/CallbackInfo;)V has 0 override(s) in child classes
[22:00:55] [Render thread/DEBUG] (FabricLoader/Mixin) fabric-resource-loader-v1.client.mixins.json:OptionsMixin from mod fabric-resource-loader-v1->@Inject::onLoad(Lorg/spongepowered/asm/mixin/injection/callback/CallbackInfo;)V won't be passed a CallbackInfo as a result
[22:00:55] [Render thread/DEBUG] (FabricLoader/Mixin) fabric-resource-loader-v1.client.mixins.json:OptionsMixin from mod fabric-resource-loader-v1->@Inject::onLoad(Lorg/spongepowered/asm/mixin/injection/callback/CallbackInfo;)V doesn't use it's CallbackInfo
[22:00:55] [Render thread/DEBUG] (FabricLoader/Mixin) fabric-resource-loader-v1.client.mixins.json:OptionsMixin from mod fabric-resource-loader-v1->@Inject::onLoad(Lorg/spongepowered/asm/mixin/injection/callback/CallbackInfo;)V has 0 override(s) in child classes
[22:00:55] [Render thread/DEBUG] (FabricLoader/Mixin) fabric-resource-loader-v1.client.mixins.json:OptionsMixin from mod fabric-resource-loader-v1->@Inject::onLoad(Lorg/spongepowered/asm/mixin/injection/callback/CallbackInfo;)V won't be passed a CallbackInfo as a result
[22:00:55] [Render thread/DEBUG] (FabricLoader/Mixin) Mixing SoundInstanceMixin from fabric-sound-api-v1.mixins.json into net.minecraft.client.sound.SoundInstance
[22:00:55] [Download-2/ERROR] (net.minecraft.client.MinecraftClient) Failed to fetch user properties
com.mojang.authlib.exceptions.InvalidCredentialsException: Status: 401
	at knot//com.mojang.authlib.exceptions.MinecraftClientHttpException.toAuthenticationException(MinecraftClientHttpException.java:59)
	at knot//com.mojang.authlib.yggdrasil.YggdrasilUserApiService.fetchProperties(YggdrasilUserApiService.java:150)
	at knot//net.minecraft.client.MinecraftClient.method_55608(MinecraftClient.java:457)
	at java.base/java.util.concurrent.CompletableFuture$AsyncSupply.run(CompletableFuture.java:1789)
	at java.base/java.util.concurrent.ThreadPoolExecutor.runWorker(ThreadPoolExecutor.java:1090)
	at java.base/java.util.concurrent.ThreadPoolExecutor$Worker.run(ThreadPoolExecutor.java:614)
	at java.base/java.lang.Thread.run(Thread.java:1516)
Caused by: com.mojang.authlib.exceptions.MinecraftClientHttpException: Status: 401
	at knot//com.mojang.authlib.minecraft.client.MinecraftClient.readInputStream(MinecraftClient.java:103)
	at knot//com.mojang.authlib.minecraft.client.MinecraftClient.get(MinecraftClient.java:56)
	at knot//com.mojang.authlib.yggdrasil.YggdrasilUserApiService.fetchProperties(YggdrasilUserApiService.java:121)
	... 5 more
[22:00:55] [Render thread/DEBUG] (FabricLoader/Mixin) Mixing PackMixin from fabric-resource-conditions-api-v1.mixins.json into net.minecraft.resource.ResourcePackProfile
[22:00:55] [Render thread/DEBUG] (FabricLoader/Mixin) Mixing PackMixin from fabric-resource-loader-v1.mixins.json into net.minecraft.resource.ResourcePackProfile
[22:00:55] [Render thread/DEBUG] (FabricLoader/Mixin) Renaming synthetic method lambda$static$0(Ljava/util/Set;)Z to mdffa551$fabric-resource-loader-v1$lambda$static$0$0 in fabric-resource-loader-v1.mixins.json:PackMixin from mod fabric-resource-loader-v1
[22:00:55] [Render thread/DEBUG] (FabricLoader/Mixin) fabric-resource-loader-v1.mixins.json:PackMixin from mod fabric-resource-loader-v1->@Inject::onCreateResourcePack(Lorg/spongepowered/asm/mixin/injection/callback/CallbackInfoReturnable;)V does use it's CallbackInfoReturnable
[22:00:55] [Download-1/DEBUG] (com.mojang.authlib.yggdrasil.YggdrasilMinecraftSessionService) Couldn't fetch profile properties for 317a8ad6-0e94-3efc-b65d-ee1610ecfadc as the profile does not exist
[22:00:55] [Render thread/DEBUG] (FabricLoader/Mixin) Mixing GameOptionsWriteVisitorMixin from fabric-resource-loader-v1.client.mixins.json into net.minecraft.client.option.GameOptions$3
[22:00:55] [Render thread/INFO] (net.minecraft.client.MinecraftClient) Backend library: LWJGL version 3.3.3-snapshot
[22:00:55] [ModMenu/Update Checker/Fabric Loader/DEBUG] (Mod Menu/Fabric Update Checker) Fabric Loader is up to date.
[22:00:56] [ModMenu/Update Checker/2/DEBUG] (Mod Menu/Update Checker) Status: 200
[22:00:56] [ModMenu/Update Checker/2/DEBUG] (Mod Menu/Update Checker) {}
[22:00:56] [Render thread/DEBUG] (FabricLoader/Mixin) Mixing MouseHandlerMixin from fabric-screen-api-v1.mixins.json into net.minecraft.client.Mouse
[22:00:56] [Render thread/DEBUG] (FabricLoader/Mixin) Mixing KeyboardHandlerMixin from fabric-screen-api-v1.mixins.json into net.minecraft.client.Keyboard
[22:00:56] [Render thread/INFO] (net.minecraft.util.logging.LoggerPrintStream) [STDERR]: [LWJGL] [ThreadLocalUtil] Unsupported JNI version detected, this may result in a crash. Please inform LWJGL developers.
[22:00:56] [Render thread/DEBUG] (oshi.util.FileUtil) Reading file /sys/devices/system/cpu/cpu0/topology/core_id
[22:00:56] [Render thread/DEBUG] (oshi.util.FileUtil) Reading file /sys/devices/system/cpu/cpu0/topology/core_id
[22:00:56] [Render thread/DEBUG] (oshi.util.FileUtil) Reading file /sys/devices/system/cpu/cpu0/topology/physical_package_id
[22:00:56] [Render thread/DEBUG] (oshi.util.FileUtil) Reading file /sys/devices/system/cpu/cpu0/topology/physical_package_id
[22:00:56] [Render thread/DEBUG] (oshi.util.FileUtil) Reading file /sys/devices/system/cpu/cpu0/cpu_capacity
[22:00:56] [Render thread/DEBUG] (oshi.util.FileUtil) Reading file /sys/devices/system/cpu/cpu0/cpu_capacity
[22:00:56] [Render thread/DEBUG] (oshi.util.FileUtil) Reading file /sys/devices/system/cpu/cpu0/cache/index2/level
[22:00:56] [Render thread/DEBUG] (oshi.util.FileUtil) Reading file /sys/devices/system/cpu/cpu0/cache/index2/level
[22:00:56] [Render thread/DEBUG] (oshi.util.FileUtil) Reading file /sys/devices/system/cpu/cpu0/cache/index2/type
[22:00:56] [Render thread/DEBUG] (oshi.util.FileUtil) Reading file /sys/devices/system/cpu/cpu0/cache/index2/type
[22:00:56] [Render thread/DEBUG] (oshi.util.FileUtil) Reading file /sys/devices/system/cpu/cpu0/cache/index2/ways_of_associativity
[22:00:56] [Render thread/DEBUG] (oshi.util.FileUtil) Reading file /sys/devices/system/cpu/cpu0/cache/index2/ways_of_associativity
[22:00:56] [Render thread/DEBUG] (oshi.util.FileUtil) Reading file /sys/devices/system/cpu/cpu0/cache/index2/coherency_line_size
[22:00:56] [Render thread/DEBUG] (oshi.util.FileUtil) Reading file /sys/devices/system/cpu/cpu0/cache/index2/coherency_line_size
[22:00:56] [Render thread/DEBUG] (oshi.util.FileUtil) Reading file /sys/devices/system/cpu/cpu0/cache/index2/size
[22:00:56] [Render thread/DEBUG] (oshi.util.FileUtil) Reading file /sys/devices/system/cpu/cpu0/cache/index2/size
[22:00:56] [Render thread/DEBUG] (oshi.util.FileUtil) Reading file /sys/devices/system/cpu/cpu0/cache/index0/level
[22:00:56] [Render thread/DEBUG] (oshi.util.FileUtil) Reading file /sys/devices/system/cpu/cpu0/cache/index0/level
[22:00:56] [Render thread/DEBUG] (oshi.util.FileUtil) Reading file /sys/devices/system/cpu/cpu0/cache/index0/type
[22:00:56] [Render thread/DEBUG] (oshi.util.FileUtil) Reading file /sys/devices/system/cpu/cpu0/cache/index0/type
[22:00:56] [Render thread/DEBUG] (oshi.util.FileUtil) Reading file /sys/devices/system/cpu/cpu0/cache/index0/ways_of_associativity
[22:00:56] [Render thread/DEBUG] (oshi.util.FileUtil) Reading file /sys/devices/system/cpu/cpu0/cache/index0/ways_of_associativity
[22:00:56] [Render thread/DEBUG] (oshi.util.FileUtil) Reading file /sys/devices/system/cpu/cpu0/cache/index0/coherency_line_size
[22:00:56] [Render thread/DEBUG] (oshi.util.FileUtil) Reading file /sys/devices/system/cpu/cpu0/cache/index0/coherency_line_size
[22:00:56] [Render thread/DEBUG] (oshi.util.FileUtil) Reading file /sys/devices/system/cpu/cpu0/cache/index0/size
[22:00:56] [Render thread/DEBUG] (oshi.util.FileUtil) Reading file /sys/devices/system/cpu/cpu0/cache/index0/size
[22:00:56] [Render thread/DEBUG] (oshi.util.FileUtil) Reading file /sys/devices/system/cpu/cpu0/cache/index3/level
[22:00:56] [Render thread/DEBUG] (oshi.util.FileUtil) Reading file /sys/devices/system/cpu/cpu0/cache/index3/level
[22:00:56] [Render thread/DEBUG] (oshi.util.FileUtil) Reading file /sys/devices/system/cpu/cpu0/cache/index3/type
[22:00:56] [Render thread/DEBUG] (oshi.util.FileUtil) Reading file /sys/devices/system/cpu/cpu0/cache/index3/type
[22:00:56] [Render thread/DEBUG] (oshi.util.FileUtil) Reading file /sys/devices/system/cpu/cpu0/cache/index3/ways_of_associativity
[22:00:56] [Render thread/DEBUG] (oshi.util.FileUtil) Reading file /sys/devices/system/cpu/cpu0/cache/index3/ways_of_associativity
[22:00:56] [Render thread/DEBUG] (oshi.util.FileUtil) Reading file /sys/devices/system/cpu/cpu0/cache/index3/coherency_line_size
[22:00:56] [Render thread/DEBUG] (oshi.util.FileUtil) Reading file /sys/devices/system/cpu/cpu0/cache/index3/coherency_line_size
[22:00:56] [Render thread/DEBUG] (oshi.util.FileUtil) Reading file /sys/devices/system/cpu/cpu0/cache/index3/size
[22:00:56] [Render thread/DEBUG] (oshi.util.FileUtil) Reading file /sys/devices/system/cpu/cpu0/cache/index3/size
[22:00:56] [Render thread/DEBUG] (oshi.util.FileUtil) Reading file /sys/devices/system/cpu/cpu0/cache/index1/level
[22:00:56] [Render thread/DEBUG] (oshi.util.FileUtil) Reading file /sys/devices/system/cpu/cpu0/cache/index1/level
[22:00:56] [Render thread/DEBUG] (oshi.util.FileUtil) Reading file /sys/devices/system/cpu/cpu0/cache/index1/type
[22:00:56] [Render thread/DEBUG] (oshi.util.FileUtil) Reading file /sys/devices/system/cpu/cpu0/cache/index1/type
[22:00:56] [Render thread/DEBUG] (oshi.util.FileUtil) Reading file /sys/devices/system/cpu/cpu0/cache/index1/ways_of_associativity
[22:00:56] [Render thread/DEBUG] (oshi.util.FileUtil) Reading file /sys/devices/system/cpu/cpu0/cache/index1/ways_of_associativity
[22:00:56] [Render thread/DEBUG] (oshi.util.FileUtil) Reading file /sys/devices/system/cpu/cpu0/cache/index1/coherency_line_size
[22:00:56] [Render thread/DEBUG] (oshi.util.FileUtil) Reading file /sys/devices/system/cpu/cpu0/cache/index1/coherency_line_size
[22:00:56] [Render thread/DEBUG] (oshi.util.FileUtil) Reading file /sys/devices/system/cpu/cpu0/cache/index1/size
[22:00:56] [Render thread/DEBUG] (oshi.util.FileUtil) Reading file /sys/devices/system/cpu/cpu0/cache/index1/size
[22:00:56] [Render thread/DEBUG] (oshi.util.FileUtil) Reading file /sys/devices/system/cpu/cpu1/topology/core_id
[22:00:56] [Render thread/DEBUG] (oshi.util.FileUtil) Reading file /sys/devices/system/cpu/cpu1/topology/core_id
[22:00:56] [Render thread/DEBUG] (oshi.util.FileUtil) Reading file /sys/devices/system/cpu/cpu1/topology/physical_package_id
[22:00:56] [Render thread/DEBUG] (oshi.util.FileUtil) Reading file /sys/devices/system/cpu/cpu1/topology/physical_package_id
[22:00:56] [Render thread/DEBUG] (oshi.util.FileUtil) Reading file /sys/devices/system/cpu/cpu1/cpu_capacity
[22:00:56] [Render thread/DEBUG] (oshi.util.FileUtil) Reading file /sys/devices/system/cpu/cpu1/cpu_capacity
[22:00:56] [Render thread/DEBUG] (oshi.util.FileUtil) Reading file /sys/devices/system/cpu/cpu1/cache/index2/level
[22:00:56] [Render thread/DEBUG] (oshi.util.FileUtil) Reading file /sys/devices/system/cpu/cpu1/cache/index2/level
[22:00:56] [Render thread/DEBUG] (oshi.util.FileUtil) Reading file /sys/devices/system/cpu/cpu1/cache/index2/type
[22:00:56] [Render thread/DEBUG] (oshi.util.FileUtil) Reading file /sys/devices/system/cpu/cpu1/cache/index2/type
[22:00:56] [Render thread/DEBUG] (oshi.util.FileUtil) Reading file /sys/devices/system/cpu/cpu1/cache/index2/ways_of_associativity
[22:00:56] [Render thread/DEBUG] (oshi.util.FileUtil) Reading file /sys/devices/system/cpu/cpu1/cache/index2/ways_of_associativity
[22:00:56] [Render thread/DEBUG] (oshi.util.FileUtil) Reading file /sys/devices/system/cpu/cpu1/cache/index2/coherency_line_size
[22:00:56] [Render thread/DEBUG] (oshi.util.FileUtil) Reading file /sys/devices/system/cpu/cpu1/cache/index2/coherency_line_size
[22:00:56] [Render thread/DEBUG] (oshi.util.FileUtil) Reading file /sys/devices/system/cpu/cpu1/cache/index2/size
[22:00:56] [Render thread/DEBUG] (oshi.util.FileUtil) Reading file /sys/devices/system/cpu/cpu1/cache/index2/size
[22:00:56] [Render thread/DEBUG] (oshi.util.FileUtil) Reading file /sys/devices/system/cpu/cpu1/cache/index0/level
[22:00:56] [Render thread/DEBUG] (oshi.util.FileUtil) Reading file /sys/devices/system/cpu/cpu1/cache/index0/level
[22:00:56] [Render thread/DEBUG] (oshi.util.FileUtil) Reading file /sys/devices/system/cpu/cpu1/cache/index0/type
[22:00:56] [Render thread/DEBUG] (oshi.util.FileUtil) Reading file /sys/devices/system/cpu/cpu1/cache/index0/type
[22:00:56] [Render thread/DEBUG] (oshi.util.FileUtil) Reading file /sys/devices/system/cpu/cpu1/cache/index0/ways_of_associativity
[22:00:56] [Render thread/DEBUG] (oshi.util.FileUtil) Reading file /sys/devices/system/cpu/cpu1/cache/index0/ways_of_associativity
[22:00:56] [Render thread/DEBUG] (oshi.util.FileUtil) Reading file /sys/devices/system/cpu/cpu1/cache/index0/coherency_line_size
[22:00:56] [Render thread/DEBUG] (oshi.util.FileUtil) Reading file /sys/devices/system/cpu/cpu1/cache/index0/coherency_line_size
[22:00:56] [Render thread/DEBUG] (oshi.util.FileUtil) Reading file /sys/devices/system/cpu/cpu1/cache/index0/size
[22:00:56] [Render thread/DEBUG] (oshi.util.FileUtil) Reading file /sys/devices/system/cpu/cpu1/cache/index0/size
[22:00:56] [Render thread/DEBUG] (oshi.util.FileUtil) Reading file /sys/devices/system/cpu/cpu1/cache/index3/level
[22:00:56] [Render thread/DEBUG] (oshi.util.FileUtil) Reading file /sys/devices/system/cpu/cpu1/cache/index3/level
[22:00:56] [Render thread/DEBUG] (oshi.util.FileUtil) Reading file /sys/devices/system/cpu/cpu1/cache/index3/type
[22:00:56] [Render thread/DEBUG] (oshi.util.FileUtil) Reading file /sys/devices/system/cpu/cpu1/cache/index3/type
[22:00:56] [Render thread/DEBUG] (oshi.util.FileUtil) Reading file /sys/devices/system/cpu/cpu1/cache/index3/ways_of_associativity
[22:00:56] [Render thread/DEBUG] (oshi.util.FileUtil) Reading file /sys/devices/system/cpu/cpu1/cache/index3/ways_of_associativity
[22:00:56] [Render thread/DEBUG] (oshi.util.FileUtil) Reading file /sys/devices/system/cpu/cpu1/cache/index3/coherency_line_size
[22:00:56] [Render thread/DEBUG] (oshi.util.FileUtil) Reading file /sys/devices/system/cpu/cpu1/cache/index3/coherency_line_size
[22:00:56] [Render thread/DEBUG] (oshi.util.FileUtil) Reading file /sys/devices/system/cpu/cpu1/cache/index3/size
[22:00:56] [Render thread/DEBUG] (oshi.util.FileUtil) Reading file /sys/devices/system/cpu/cpu1/cache/index3/size
[22:00:56] [Render thread/DEBUG] (oshi.util.FileUtil) Reading file /sys/devices/system/cpu/cpu1/cache/index1/level
[22:00:56] [Render thread/DEBUG] (oshi.util.FileUtil) Reading file /sys/devices/system/cpu/cpu1/cache/index1/level
[22:00:56] [Render thread/DEBUG] (oshi.util.FileUtil) Reading file /sys/devices/system/cpu/cpu1/cache/index1/type
[22:00:56] [Render thread/DEBUG] (oshi.util.FileUtil) Reading file /sys/devices/system/cpu/cpu1/cache/index1/type
[22:00:56] [Render thread/DEBUG] (oshi.util.FileUtil) Reading file /sys/devices/system/cpu/cpu1/cache/index1/ways_of_associativity
[22:00:56] [Render thread/DEBUG] (oshi.util.FileUtil) Reading file /sys/devices/system/cpu/cpu1/cache/index1/ways_of_associativity
[22:00:56] [Render thread/DEBUG] (oshi.util.FileUtil) Reading file /sys/devices/system/cpu/cpu1/cache/index1/coherency_line_size
[22:00:56] [Render thread/DEBUG] (oshi.util.FileUtil) Reading file /sys/devices/system/cpu/cpu1/cache/index1/coherency_line_size
[22:00:56] [Render thread/DEBUG] (oshi.util.FileUtil) Reading file /sys/devices/system/cpu/cpu1/cache/index1/size
[22:00:56] [Render thread/DEBUG] (oshi.util.FileUtil) Reading file /sys/devices/system/cpu/cpu1/cache/index1/size
[22:00:56] [Render thread/DEBUG] (oshi.util.FileUtil) Reading file /sys/devices/system/cpu/cpu10/topology/core_id
[22:00:56] [Render thread/DEBUG] (oshi.util.FileUtil) Reading file /sys/devices/system/cpu/cpu10/topology/core_id
[22:00:56] [Render thread/DEBUG] (oshi.util.FileUtil) Reading file /sys/devices/system/cpu/cpu10/topology/physical_package_id
[22:00:56] [Render thread/DEBUG] (oshi.util.FileUtil) Reading file /sys/devices/system/cpu/cpu10/topology/physical_package_id
[22:00:56] [Render thread/DEBUG] (oshi.util.FileUtil) Reading file /sys/devices/system/cpu/cpu10/cpu_capacity
[22:00:56] [Render thread/DEBUG] (oshi.util.FileUtil) Reading file /sys/devices/system/cpu/cpu10/cpu_capacity
[22:00:56] [Render thread/DEBUG] (oshi.util.FileUtil) Reading file /sys/devices/system/cpu/cpu10/cache/index2/level
[22:00:56] [Render thread/DEBUG] (oshi.util.FileUtil) Reading file /sys/devices/system/cpu/cpu10/cache/index2/level
[22:00:56] [Render thread/DEBUG] (oshi.util.FileUtil) Reading file /sys/devices/system/cpu/cpu10/cache/index2/type
[22:00:56] [Render thread/DEBUG] (oshi.util.FileUtil) Reading file /sys/devices/system/cpu/cpu10/cache/index2/type
[22:00:56] [Render thread/DEBUG] (oshi.util.FileUtil) Reading file /sys/devices/system/cpu/cpu10/cache/index2/ways_of_associativity
[22:00:56] [Render thread/DEBUG] (oshi.util.FileUtil) Reading file /sys/devices/system/cpu/cpu10/cache/index2/ways_of_associativity
[22:00:56] [Render thread/DEBUG] (oshi.util.FileUtil) Reading file /sys/devices/system/cpu/cpu10/cache/index2/coherency_line_size
[22:00:56] [Render thread/DEBUG] (oshi.util.FileUtil) Reading file /sys/devices/system/cpu/cpu10/cache/index2/coherency_line_size
[22:00:56] [Render thread/DEBUG] (oshi.util.FileUtil) Reading file /sys/devices/system/cpu/cpu10/cache/index2/size
[22:00:56] [Render thread/DEBUG] (oshi.util.FileUtil) Reading file /sys/devices/system/cpu/cpu10/cache/index2/size
[22:00:56] [Render thread/DEBUG] (oshi.util.FileUtil) Reading file /sys/devices/system/cpu/cpu10/cache/index0/level
[22:00:56] [Render thread/DEBUG] (oshi.util.FileUtil) Reading file /sys/devices/system/cpu/cpu10/cache/index0/level
[22:00:56] [Render thread/DEBUG] (oshi.util.FileUtil) Reading file /sys/devices/system/cpu/cpu10/cache/index0/type
[22:00:56] [Render thread/DEBUG] (oshi.util.FileUtil) Reading file /sys/devices/system/cpu/cpu10/cache/index0/type
[22:00:56] [Render thread/DEBUG] (oshi.util.FileUtil) Reading file /sys/devices/system/cpu/cpu10/cache/index0/ways_of_associativity
[22:00:56] [Render thread/DEBUG] (oshi.util.FileUtil) Reading file /sys/devices/system/cpu/cpu10/cache/index0/ways_of_associativity
[22:00:56] [Render thread/DEBUG] (oshi.util.FileUtil) Reading file /sys/devices/system/cpu/cpu10/cache/index0/coherency_line_size
[22:00:56] [Render thread/DEBUG] (oshi.util.FileUtil) Reading file /sys/devices/system/cpu/cpu10/cache/index0/coherency_line_size
[22:00:56] [Render thread/DEBUG] (oshi.util.FileUtil) Reading file /sys/devices/system/cpu/cpu10/cache/index0/size
[22:00:56] [Render thread/DEBUG] (oshi.util.FileUtil) Reading file /sys/devices/system/cpu/cpu10/cache/index0/size
[22:00:56] [Render thread/DEBUG] (oshi.util.FileUtil) Reading file /sys/devices/system/cpu/cpu10/cache/index3/level
[22:00:56] [Render thread/DEBUG] (oshi.util.FileUtil) Reading file /sys/devices/system/cpu/cpu10/cache/index3/level
[22:00:56] [Render thread/DEBUG] (oshi.util.FileUtil) Reading file /sys/devices/system/cpu/cpu10/cache/index3/type
[22:00:56] [Render thread/DEBUG] (oshi.util.FileUtil) Reading file /sys/devices/system/cpu/cpu10/cache/index3/type
[22:00:56] [Render thread/DEBUG] (oshi.util.FileUtil) Reading file /sys/devices/system/cpu/cpu10/cache/index3/ways_of_associativity
[22:00:56] [Render thread/DEBUG] (oshi.util.FileUtil) Reading file /sys/devices/system/cpu/cpu10/cache/index3/ways_of_associativity
[22:00:56] [Render thread/DEBUG] (oshi.util.FileUtil) Reading file /sys/devices/system/cpu/cpu10/cache/index3/coherency_line_size
[22:00:56] [Render thread/DEBUG] (oshi.util.FileUtil) Reading file /sys/devices/system/cpu/cpu10/cache/index3/coherency_line_size
[22:00:56] [Render thread/DEBUG] (oshi.util.FileUtil) Reading file /sys/devices/system/cpu/cpu10/cache/index3/size
[22:00:56] [Render thread/DEBUG] (oshi.util.FileUtil) Reading file /sys/devices/system/cpu/cpu10/cache/index3/size
[22:00:56] [Render thread/DEBUG] (oshi.util.FileUtil) Reading file /sys/devices/system/cpu/cpu10/cache/index1/level
[22:00:56] [Render thread/DEBUG] (oshi.util.FileUtil) Reading file /sys/devices/system/cpu/cpu10/cache/index1/level
[22:00:56] [Render thread/DEBUG] (oshi.util.FileUtil) Reading file /sys/devices/system/cpu/cpu10/cache/index1/type
[22:00:56] [Render thread/DEBUG] (oshi.util.FileUtil) Reading file /sys/devices/system/cpu/cpu10/cache/index1/type
[22:00:56] [Render thread/DEBUG] (oshi.util.FileUtil) Reading file /sys/devices/system/cpu/cpu10/cache/index1/ways_of_associativity
[22:00:56] [Render thread/DEBUG] (oshi.util.FileUtil) Reading file /sys/devices/system/cpu/cpu10/cache/index1/ways_of_associativity
[22:00:56] [Render thread/DEBUG] (oshi.util.FileUtil) Reading file /sys/devices/system/cpu/cpu10/cache/index1/coherency_line_size
[22:00:56] [Render thread/DEBUG] (oshi.util.FileUtil) Reading file /sys/devices/system/cpu/cpu10/cache/index1/coherency_line_size
[22:00:56] [Render thread/DEBUG] (oshi.util.FileUtil) Reading file /sys/devices/system/cpu/cpu10/cache/index1/size
[22:00:56] [Render thread/DEBUG] (oshi.util.FileUtil) Reading file /sys/devices/system/cpu/cpu10/cache/index1/size
[22:00:56] [Render thread/DEBUG] (oshi.util.FileUtil) Reading file /sys/devices/system/cpu/cpu11/topology/core_id
[22:00:56] [Render thread/DEBUG] (oshi.util.FileUtil) Reading file /sys/devices/system/cpu/cpu11/topology/core_id
[22:00:56] [Render thread/DEBUG] (oshi.util.FileUtil) Reading file /sys/devices/system/cpu/cpu11/topology/physical_package_id
[22:00:56] [Render thread/DEBUG] (oshi.util.FileUtil) Reading file /sys/devices/system/cpu/cpu11/topology/physical_package_id
[22:00:56] [Render thread/DEBUG] (oshi.util.FileUtil) Reading file /sys/devices/system/cpu/cpu11/cpu_capacity
[22:00:56] [Render thread/DEBUG] (oshi.util.FileUtil) Reading file /sys/devices/system/cpu/cpu11/cpu_capacity
[22:00:56] [Render thread/DEBUG] (oshi.util.FileUtil) Reading file /sys/devices/system/cpu/cpu11/cache/index2/level
[22:00:56] [Render thread/DEBUG] (oshi.util.FileUtil) Reading file /sys/devices/system/cpu/cpu11/cache/index2/level
[22:00:56] [Render thread/DEBUG] (oshi.util.FileUtil) Reading file /sys/devices/system/cpu/cpu11/cache/index2/type
[22:00:56] [Render thread/DEBUG] (oshi.util.FileUtil) Reading file /sys/devices/system/cpu/cpu11/cache/index2/type
[22:00:56] [Render thread/DEBUG] (oshi.util.FileUtil) Reading file /sys/devices/system/cpu/cpu11/cache/index2/ways_of_associativity
[22:00:56] [Render thread/DEBUG] (oshi.util.FileUtil) Reading file /sys/devices/system/cpu/cpu11/cache/index2/ways_of_associativity
[22:00:56] [Render thread/DEBUG] (oshi.util.FileUtil) Reading file /sys/devices/system/cpu/cpu11/cache/index2/coherency_line_size
[22:00:56] [Render thread/DEBUG] (oshi.util.FileUtil) Reading file /sys/devices/system/cpu/cpu11/cache/index2/coherency_line_size
[22:00:56] [Render thread/DEBUG] (oshi.util.FileUtil) Reading file /sys/devices/system/cpu/cpu11/cache/index2/size
[22:00:56] [Render thread/DEBUG] (oshi.util.FileUtil) Reading file /sys/devices/system/cpu/cpu11/cache/index2/size
[22:00:56] [Render thread/DEBUG] (oshi.util.FileUtil) Reading file /sys/devices/system/cpu/cpu11/cache/index0/level
[22:00:56] [Render thread/DEBUG] (oshi.util.FileUtil) Reading file /sys/devices/system/cpu/cpu11/cache/index0/level
[22:00:56] [Render thread/DEBUG] (oshi.util.FileUtil) Reading file /sys/devices/system/cpu/cpu11/cache/index0/type
[22:00:56] [Render thread/DEBUG] (oshi.util.FileUtil) Reading file /sys/devices/system/cpu/cpu11/cache/index0/type
[22:00:56] [Render thread/DEBUG] (oshi.util.FileUtil) Reading file /sys/devices/system/cpu/cpu11/cache/index0/ways_of_associativity
[22:00:56] [Render thread/DEBUG] (oshi.util.FileUtil) Reading file /sys/devices/system/cpu/cpu11/cache/index0/ways_of_associativity
[22:00:56] [Render thread/DEBUG] (oshi.util.FileUtil) Reading file /sys/devices/system/cpu/cpu11/cache/index0/coherency_line_size
[22:00:56] [Render thread/DEBUG] (oshi.util.FileUtil) Reading file /sys/devices/system/cpu/cpu11/cache/index0/coherency_line_size
[22:00:56] [Render thread/DEBUG] (oshi.util.FileUtil) Reading file /sys/devices/system/cpu/cpu11/cache/index0/size
[22:00:56] [Render thread/DEBUG] (oshi.util.FileUtil) Reading file /sys/devices/system/cpu/cpu11/cache/index0/size
[22:00:56] [Render thread/DEBUG] (oshi.util.FileUtil) Reading file /sys/devices/system/cpu/cpu11/cache/index3/level
[22:00:56] [Render thread/DEBUG] (oshi.util.FileUtil) Reading file /sys/devices/system/cpu/cpu11/cache/index3/level
[22:00:56] [Render thread/DEBUG] (oshi.util.FileUtil) Reading file /sys/devices/system/cpu/cpu11/cache/index3/type
[22:00:56] [Render thread/DEBUG] (oshi.util.FileUtil) Reading file /sys/devices/system/cpu/cpu11/cache/index3/type
[22:00:56] [Render thread/DEBUG] (oshi.util.FileUtil) Reading file /sys/devices/system/cpu/cpu11/cache/index3/ways_of_associativity
[22:00:56] [Render thread/DEBUG] (oshi.util.FileUtil) Reading file /sys/devices/system/cpu/cpu11/cache/index3/ways_of_associativity
[22:00:56] [Render thread/DEBUG] (oshi.util.FileUtil) Reading file /sys/devices/system/cpu/cpu11/cache/index3/coherency_line_size
[22:00:56] [Render thread/DEBUG] (oshi.util.FileUtil) Reading file /sys/devices/system/cpu/cpu11/cache/index3/coherency_line_size
[22:00:56] [Render thread/DEBUG] (oshi.util.FileUtil) Reading file /sys/devices/system/cpu/cpu11/cache/index3/size
[22:00:56] [Render thread/DEBUG] (oshi.util.FileUtil) Reading file /sys/devices/system/cpu/cpu11/cache/index3/size
[22:00:56] [Render thread/DEBUG] (oshi.util.FileUtil) Reading file /sys/devices/system/cpu/cpu11/cache/index1/level
[22:00:56] [Render thread/DEBUG] (oshi.util.FileUtil) Reading file /sys/devices/system/cpu/cpu11/cache/index1/level
[22:00:56] [Render thread/DEBUG] (oshi.util.FileUtil) Reading file /sys/devices/system/cpu/cpu11/cache/index1/type
[22:00:56] [Render thread/DEBUG] (oshi.util.FileUtil) Reading file /sys/devices/system/cpu/cpu11/cache/index1/type
[22:00:56] [Render thread/DEBUG] (oshi.util.FileUtil) Reading file /sys/devices/system/cpu/cpu11/cache/index1/ways_of_associativity
[22:00:56] [Render thread/DEBUG] (oshi.util.FileUtil) Reading file /sys/devices/system/cpu/cpu11/cache/index1/ways_of_associativity
[22:00:56] [Render thread/DEBUG] (oshi.util.FileUtil) Reading file /sys/devices/system/cpu/cpu11/cache/index1/coherency_line_size
[22:00:56] [Render thread/DEBUG] (oshi.util.FileUtil) Reading file /sys/devices/system/cpu/cpu11/cache/index1/coherency_line_size
[22:00:56] [Render thread/DEBUG] (oshi.util.FileUtil) Reading file /sys/devices/system/cpu/cpu11/cache/index1/size
[22:00:56] [Render thread/DEBUG] (oshi.util.FileUtil) Reading file /sys/devices/system/cpu/cpu11/cache/index1/size
[22:00:56] [Render thread/DEBUG] (oshi.util.FileUtil) Reading file /sys/devices/system/cpu/cpu12/topology/core_id
[22:00:56] [Render thread/DEBUG] (oshi.util.FileUtil) Reading file /sys/devices/system/cpu/cpu12/topology/core_id
[22:00:56] [Render thread/DEBUG] (oshi.util.FileUtil) Reading file /sys/devices/system/cpu/cpu12/topology/physical_package_id
[22:00:56] [Render thread/DEBUG] (oshi.util.FileUtil) Reading file /sys/devices/system/cpu/cpu12/topology/physical_package_id
[22:00:56] [Render thread/DEBUG] (oshi.util.FileUtil) Reading file /sys/devices/system/cpu/cpu12/cpu_capacity
[22:00:56] [Render thread/DEBUG] (oshi.util.FileUtil) Reading file /sys/devices/system/cpu/cpu12/cpu_capacity
[22:00:56] [Render thread/DEBUG] (oshi.util.FileUtil) Reading file /sys/devices/system/cpu/cpu12/cache/index2/level
[22:00:56] [Render thread/DEBUG] (oshi.util.FileUtil) Reading file /sys/devices/system/cpu/cpu12/cache/index2/level
[22:00:56] [Render thread/DEBUG] (oshi.util.FileUtil) Reading file /sys/devices/system/cpu/cpu12/cache/index2/type
[22:00:56] [Render thread/DEBUG] (oshi.util.FileUtil) Reading file /sys/devices/system/cpu/cpu12/cache/index2/type
[22:00:56] [Render thread/DEBUG] (oshi.util.FileUtil) Reading file /sys/devices/system/cpu/cpu12/cache/index2/ways_of_associativity
[22:00:56] [Render thread/DEBUG] (oshi.util.FileUtil) Reading file /sys/devices/system/cpu/cpu12/cache/index2/ways_of_associativity
[22:00:56] [Render thread/DEBUG] (oshi.util.FileUtil) Reading file /sys/devices/system/cpu/cpu12/cache/index2/coherency_line_size
[22:00:56] [Render thread/DEBUG] (oshi.util.FileUtil) Reading file /sys/devices/system/cpu/cpu12/cache/index2/coherency_line_size
[22:00:56] [Render thread/DEBUG] (oshi.util.FileUtil) Reading file /sys/devices/system/cpu/cpu12/cache/index2/size
[22:00:56] [Render thread/DEBUG] (oshi.util.FileUtil) Reading file /sys/devices/system/cpu/cpu12/cache/index2/size
[22:00:56] [Render thread/DEBUG] (oshi.util.FileUtil) Reading file /sys/devices/system/cpu/cpu12/cache/index0/level
[22:00:56] [Render thread/DEBUG] (oshi.util.FileUtil) Reading file /sys/devices/system/cpu/cpu12/cache/index0/level
[22:00:56] [Render thread/DEBUG] (oshi.util.FileUtil) Reading file /sys/devices/system/cpu/cpu12/cache/index0/type
[22:00:56] [Render thread/DEBUG] (oshi.util.FileUtil) Reading file /sys/devices/system/cpu/cpu12/cache/index0/type
[22:00:56] [Render thread/DEBUG] (oshi.util.FileUtil) Reading file /sys/devices/system/cpu/cpu12/cache/index0/ways_of_associativity
[22:00:56] [Render thread/DEBUG] (oshi.util.FileUtil) Reading file /sys/devices/system/cpu/cpu12/cache/index0/ways_of_associativity
[22:00:56] [Render thread/DEBUG] (oshi.util.FileUtil) Reading file /sys/devices/system/cpu/cpu12/cache/index0/coherency_line_size
[22:00:56] [Render thread/DEBUG] (oshi.util.FileUtil) Reading file /sys/devices/system/cpu/cpu12/cache/index0/coherency_line_size
[22:00:56] [Render thread/DEBUG] (oshi.util.FileUtil) Reading file /sys/devices/system/cpu/cpu12/cache/index0/size
[22:00:56] [Render thread/DEBUG] (oshi.util.FileUtil) Reading file /sys/devices/system/cpu/cpu12/cache/index0/size
[22:00:56] [Render thread/DEBUG] (oshi.util.FileUtil) Reading file /sys/devices/system/cpu/cpu12/cache/index3/level
[22:00:56] [Render thread/DEBUG] (oshi.util.FileUtil) Reading file /sys/devices/system/cpu/cpu12/cache/index3/level
[22:00:56] [Render thread/DEBUG] (oshi.util.FileUtil) Reading file /sys/devices/system/cpu/cpu12/cache/index3/type
[22:00:56] [Render thread/DEBUG] (oshi.util.FileUtil) Reading file /sys/devices/system/cpu/cpu12/cache/index3/type
[22:00:56] [Render thread/DEBUG] (oshi.util.FileUtil) Reading file /sys/devices/system/cpu/cpu12/cache/index3/ways_of_associativity
[22:00:56] [Render thread/DEBUG] (oshi.util.FileUtil) Reading file /sys/devices/system/cpu/cpu12/cache/index3/ways_of_associativity
[22:00:56] [Render thread/DEBUG] (oshi.util.FileUtil) Reading file /sys/devices/system/cpu/cpu12/cache/index3/coherency_line_size
[22:00:56] [Render thread/DEBUG] (oshi.util.FileUtil) Reading file /sys/devices/system/cpu/cpu12/cache/index3/coherency_line_size
[22:00:56] [Render thread/DEBUG] (oshi.util.FileUtil) Reading file /sys/devices/system/cpu/cpu12/cache/index3/size
[22:00:56] [Render thread/DEBUG] (oshi.util.FileUtil) Reading file /sys/devices/system/cpu/cpu12/cache/index3/size
[22:00:56] [Render thread/DEBUG] (oshi.util.FileUtil) Reading file /sys/devices/system/cpu/cpu12/cache/index1/level
[22:00:56] [Render thread/DEBUG] (oshi.util.FileUtil) Reading file /sys/devices/system/cpu/cpu12/cache/index1/level
[22:00:56] [Render thread/DEBUG] (oshi.util.FileUtil) Reading file /sys/devices/system/cpu/cpu12/cache/index1/type
[22:00:56] [Render thread/DEBUG] (oshi.util.FileUtil) Reading file /sys/devices/system/cpu/cpu12/cache/index1/type
[22:00:56] [Render thread/DEBUG] (oshi.util.FileUtil) Reading file /sys/devices/system/cpu/cpu12/cache/index1/ways_of_associativity
[22:00:56] [Render thread/DEBUG] (oshi.util.FileUtil) Reading file /sys/devices/system/cpu/cpu12/cache/index1/ways_of_associativity
[22:00:56] [Render thread/DEBUG] (oshi.util.FileUtil) Reading file /sys/devices/system/cpu/cpu12/cache/index1/coherency_line_size
[22:00:56] [Render thread/DEBUG] (oshi.util.FileUtil) Reading file /sys/devices/system/cpu/cpu12/cache/index1/coherency_line_size
[22:00:56] [Render thread/DEBUG] (oshi.util.FileUtil) Reading file /sys/devices/system/cpu/cpu12/cache/index1/size
[22:00:56] [Render thread/DEBUG] (oshi.util.FileUtil) Reading file /sys/devices/system/cpu/cpu12/cache/index1/size
[22:00:56] [Render thread/DEBUG] (oshi.util.FileUtil) Reading file /sys/devices/system/cpu/cpu13/topology/core_id
[22:00:56] [Render thread/DEBUG] (oshi.util.FileUtil) Reading file /sys/devices/system/cpu/cpu13/topology/core_id
[22:00:56] [Render thread/DEBUG] (oshi.util.FileUtil) Reading file /sys/devices/system/cpu/cpu13/topology/physical_package_id
[22:00:56] [Render thread/DEBUG] (oshi.util.FileUtil) Reading file /sys/devices/system/cpu/cpu13/topology/physical_package_id
[22:00:56] [Render thread/DEBUG] (oshi.util.FileUtil) Reading file /sys/devices/system/cpu/cpu13/cpu_capacity
[22:00:56] [Render thread/DEBUG] (oshi.util.FileUtil) Reading file /sys/devices/system/cpu/cpu13/cpu_capacity
[22:00:56] [Render thread/DEBUG] (oshi.util.FileUtil) Reading file /sys/devices/system/cpu/cpu13/cache/index2/level
[22:00:56] [Render thread/DEBUG] (oshi.util.FileUtil) Reading file /sys/devices/system/cpu/cpu13/cache/index2/level
[22:00:56] [Render thread/DEBUG] (oshi.util.FileUtil) Reading file /sys/devices/system/cpu/cpu13/cache/index2/type
[22:00:56] [Render thread/DEBUG] (oshi.util.FileUtil) Reading file /sys/devices/system/cpu/cpu13/cache/index2/type
[22:00:56] [Render thread/DEBUG] (oshi.util.FileUtil) Reading file /sys/devices/system/cpu/cpu13/cache/index2/ways_of_associativity
[22:00:56] [Render thread/DEBUG] (oshi.util.FileUtil) Reading file /sys/devices/system/cpu/cpu13/cache/index2/ways_of_associativity
[22:00:56] [Render thread/DEBUG] (oshi.util.FileUtil) Reading file /sys/devices/system/cpu/cpu13/cache/index2/coherency_line_size
[22:00:56] [Render thread/DEBUG] (oshi.util.FileUtil) Reading file /sys/devices/system/cpu/cpu13/cache/index2/coherency_line_size
[22:00:56] [Render thread/DEBUG] (oshi.util.FileUtil) Reading file /sys/devices/system/cpu/cpu13/cache/index2/size
[22:00:56] [Render thread/DEBUG] (oshi.util.FileUtil) Reading file /sys/devices/system/cpu/cpu13/cache/index2/size
[22:00:56] [Render thread/DEBUG] (oshi.util.FileUtil) Reading file /sys/devices/system/cpu/cpu13/cache/index0/level
[22:00:56] [Render thread/DEBUG] (oshi.util.FileUtil) Reading file /sys/devices/system/cpu/cpu13/cache/index0/level
[22:00:56] [Render thread/DEBUG] (oshi.util.FileUtil) Reading file /sys/devices/system/cpu/cpu13/cache/index0/type
[22:00:56] [Render thread/DEBUG] (oshi.util.FileUtil) Reading file /sys/devices/system/cpu/cpu13/cache/index0/type
[22:00:56] [Render thread/DEBUG] (oshi.util.FileUtil) Reading file /sys/devices/system/cpu/cpu13/cache/index0/ways_of_associativity
[22:00:56] [Render thread/DEBUG] (oshi.util.FileUtil) Reading file /sys/devices/system/cpu/cpu13/cache/index0/ways_of_associativity
[22:00:56] [Render thread/DEBUG] (oshi.util.FileUtil) Reading file /sys/devices/system/cpu/cpu13/cache/index0/coherency_line_size
[22:00:56] [Render thread/DEBUG] (oshi.util.FileUtil) Reading file /sys/devices/system/cpu/cpu13/cache/index0/coherency_line_size
[22:00:56] [Render thread/DEBUG] (oshi.util.FileUtil) Reading file /sys/devices/system/cpu/cpu13/cache/index0/size
[22:00:56] [Render thread/DEBUG] (oshi.util.FileUtil) Reading file /sys/devices/system/cpu/cpu13/cache/index0/size
[22:00:56] [Render thread/DEBUG] (oshi.util.FileUtil) Reading file /sys/devices/system/cpu/cpu13/cache/index3/level
[22:00:56] [Render thread/DEBUG] (oshi.util.FileUtil) Reading file /sys/devices/system/cpu/cpu13/cache/index3/level
[22:00:56] [Render thread/DEBUG] (oshi.util.FileUtil) Reading file /sys/devices/system/cpu/cpu13/cache/index3/type
[22:00:56] [Render thread/DEBUG] (oshi.util.FileUtil) Reading file /sys/devices/system/cpu/cpu13/cache/index3/type
[22:00:56] [Render thread/DEBUG] (oshi.util.FileUtil) Reading file /sys/devices/system/cpu/cpu13/cache/index3/ways_of_associativity
[22:00:56] [Render thread/DEBUG] (oshi.util.FileUtil) Reading file /sys/devices/system/cpu/cpu13/cache/index3/ways_of_associativity
[22:00:56] [Render thread/DEBUG] (oshi.util.FileUtil) Reading file /sys/devices/system/cpu/cpu13/cache/index3/coherency_line_size
[22:00:56] [Render thread/DEBUG] (oshi.util.FileUtil) Reading file /sys/devices/system/cpu/cpu13/cache/index3/coherency_line_size
[22:00:56] [Render thread/DEBUG] (oshi.util.FileUtil) Reading file /sys/devices/system/cpu/cpu13/cache/index3/size
[22:00:56] [Render thread/DEBUG] (oshi.util.FileUtil) Reading file /sys/devices/system/cpu/cpu13/cache/index3/size
[22:00:56] [Render thread/DEBUG] (oshi.util.FileUtil) Reading file /sys/devices/system/cpu/cpu13/cache/index1/level
[22:00:56] [Render thread/DEBUG] (oshi.util.FileUtil) Reading file /sys/devices/system/cpu/cpu13/cache/index1/level
[22:00:56] [Render thread/DEBUG] (oshi.util.FileUtil) Reading file /sys/devices/system/cpu/cpu13/cache/index1/type
[22:00:56] [Render thread/DEBUG] (oshi.util.FileUtil) Reading file /sys/devices/system/cpu/cpu13/cache/index1/type
[22:00:56] [Render thread/DEBUG] (oshi.util.FileUtil) Reading file /sys/devices/system/cpu/cpu13/cache/index1/ways_of_associativity
[22:00:56] [Render thread/DEBUG] (oshi.util.FileUtil) Reading file /sys/devices/system/cpu/cpu13/cache/index1/ways_of_associativity
[22:00:56] [Render thread/DEBUG] (oshi.util.FileUtil) Reading file /sys/devices/system/cpu/cpu13/cache/index1/coherency_line_size
[22:00:56] [Render thread/DEBUG] (oshi.util.FileUtil) Reading file /sys/devices/system/cpu/cpu13/cache/index1/coherency_line_size
[22:00:56] [Render thread/DEBUG] (oshi.util.FileUtil) Reading file /sys/devices/system/cpu/cpu13/cache/index1/size
[22:00:56] [Render thread/DEBUG] (oshi.util.FileUtil) Reading file /sys/devices/system/cpu/cpu13/cache/index1/size
[22:00:56] [Render thread/DEBUG] (oshi.util.FileUtil) Reading file /sys/devices/system/cpu/cpu14/topology/core_id
[22:00:56] [Render thread/DEBUG] (oshi.util.FileUtil) Reading file /sys/devices/system/cpu/cpu14/topology/core_id
[22:00:56] [Render thread/DEBUG] (oshi.util.FileUtil) Reading file /sys/devices/system/cpu/cpu14/topology/physical_package_id
[22:00:56] [Render thread/DEBUG] (oshi.util.FileUtil) Reading file /sys/devices/system/cpu/cpu14/topology/physical_package_id
[22:00:56] [Render thread/DEBUG] (oshi.util.FileUtil) Reading file /sys/devices/system/cpu/cpu14/cpu_capacity
[22:00:56] [Render thread/DEBUG] (oshi.util.FileUtil) Reading file /sys/devices/system/cpu/cpu14/cpu_capacity
[22:00:56] [Render thread/DEBUG] (oshi.util.FileUtil) Reading file /sys/devices/system/cpu/cpu14/cache/index2/level
[22:00:56] [Render thread/DEBUG] (oshi.util.FileUtil) Reading file /sys/devices/system/cpu/cpu14/cache/index2/level
[22:00:56] [Render thread/DEBUG] (oshi.util.FileUtil) Reading file /sys/devices/system/cpu/cpu14/cache/index2/type
[22:00:56] [Render thread/DEBUG] (oshi.util.FileUtil) Reading file /sys/devices/system/cpu/cpu14/cache/index2/type
[22:00:56] [Render thread/DEBUG] (oshi.util.FileUtil) Reading file /sys/devices/system/cpu/cpu14/cache/index2/ways_of_associativity
[22:00:56] [Render thread/DEBUG] (oshi.util.FileUtil) Reading file /sys/devices/system/cpu/cpu14/cache/index2/ways_of_associativity
[22:00:56] [Render thread/DEBUG] (oshi.util.FileUtil) Reading file /sys/devices/system/cpu/cpu14/cache/index2/coherency_line_size
[22:00:56] [Render thread/DEBUG] (oshi.util.FileUtil) Reading file /sys/devices/system/cpu/cpu14/cache/index2/coherency_line_size
[22:00:56] [Render thread/DEBUG] (oshi.util.FileUtil) Reading file /sys/devices/system/cpu/cpu14/cache/index2/size
[22:00:56] [Render thread/DEBUG] (oshi.util.FileUtil) Reading file /sys/devices/system/cpu/cpu14/cache/index2/size
[22:00:56] [Render thread/DEBUG] (oshi.util.FileUtil) Reading file /sys/devices/system/cpu/cpu14/cache/index0/level
[22:00:56] [Render thread/DEBUG] (oshi.util.FileUtil) Reading file /sys/devices/system/cpu/cpu14/cache/index0/level
[22:00:56] [Render thread/DEBUG] (oshi.util.FileUtil) Reading file /sys/devices/system/cpu/cpu14/cache/index0/type
[22:00:56] [Render thread/DEBUG] (oshi.util.FileUtil) Reading file /sys/devices/system/cpu/cpu14/cache/index0/type
[22:00:56] [Render thread/DEBUG] (oshi.util.FileUtil) Reading file /sys/devices/system/cpu/cpu14/cache/index0/ways_of_associativity
[22:00:56] [Render thread/DEBUG] (oshi.util.FileUtil) Reading file /sys/devices/system/cpu/cpu14/cache/index0/ways_of_associativity
[22:00:56] [Render thread/DEBUG] (oshi.util.FileUtil) Reading file /sys/devices/system/cpu/cpu14/cache/index0/coherency_line_size
[22:00:56] [Render thread/DEBUG] (oshi.util.FileUtil) Reading file /sys/devices/system/cpu/cpu14/cache/index0/coherency_line_size
[22:00:56] [Render thread/DEBUG] (oshi.util.FileUtil) Reading file /sys/devices/system/cpu/cpu14/cache/index0/size
[22:00:56] [Render thread/DEBUG] (oshi.util.FileUtil) Reading file /sys/devices/system/cpu/cpu14/cache/index0/size
[22:00:56] [Render thread/DEBUG] (oshi.util.FileUtil) Reading file /sys/devices/system/cpu/cpu14/cache/index3/level
[22:00:56] [Render thread/DEBUG] (oshi.util.FileUtil) Reading file /sys/devices/system/cpu/cpu14/cache/index3/level
[22:00:56] [Render thread/DEBUG] (oshi.util.FileUtil) Reading file /sys/devices/system/cpu/cpu14/cache/index3/type
[22:00:56] [Render thread/DEBUG] (oshi.util.FileUtil) Reading file /sys/devices/system/cpu/cpu14/cache/index3/type
[22:00:56] [Render thread/DEBUG] (oshi.util.FileUtil) Reading file /sys/devices/system/cpu/cpu14/cache/index3/ways_of_associativity
[22:00:56] [Render thread/DEBUG] (oshi.util.FileUtil) Reading file /sys/devices/system/cpu/cpu14/cache/index3/ways_of_associativity
[22:00:56] [Render thread/DEBUG] (oshi.util.FileUtil) Reading file /sys/devices/system/cpu/cpu14/cache/index3/coherency_line_size
[22:00:56] [Render thread/DEBUG] (oshi.util.FileUtil) Reading file /sys/devices/system/cpu/cpu14/cache/index3/coherency_line_size
[22:00:56] [Render thread/DEBUG] (oshi.util.FileUtil) Reading file /sys/devices/system/cpu/cpu14/cache/index3/size
[22:00:56] [Render thread/DEBUG] (oshi.util.FileUtil) Reading file /sys/devices/system/cpu/cpu14/cache/index3/size
[22:00:56] [Render thread/DEBUG] (oshi.util.FileUtil) Reading file /sys/devices/system/cpu/cpu14/cache/index1/level
[22:00:56] [Render thread/DEBUG] (oshi.util.FileUtil) Reading file /sys/devices/system/cpu/cpu14/cache/index1/level
[22:00:56] [Render thread/DEBUG] (oshi.util.FileUtil) Reading file /sys/devices/system/cpu/cpu14/cache/index1/type
[22:00:56] [Render thread/DEBUG] (oshi.util.FileUtil) Reading file /sys/devices/system/cpu/cpu14/cache/index1/type
[22:00:56] [Render thread/DEBUG] (oshi.util.FileUtil) Reading file /sys/devices/system/cpu/cpu14/cache/index1/ways_of_associativity
[22:00:56] [Render thread/DEBUG] (oshi.util.FileUtil) Reading file /sys/devices/system/cpu/cpu14/cache/index1/ways_of_associativity
[22:00:56] [Render thread/DEBUG] (oshi.util.FileUtil) Reading file /sys/devices/system/cpu/cpu14/cache/index1/coherency_line_size
[22:00:56] [Render thread/DEBUG] (oshi.util.FileUtil) Reading file /sys/devices/system/cpu/cpu14/cache/index1/coherency_line_size
[22:00:56] [Render thread/DEBUG] (oshi.util.FileUtil) Reading file /sys/devices/system/cpu/cpu14/cache/index1/size
[22:00:56] [Render thread/DEBUG] (oshi.util.FileUtil) Reading file /sys/devices/system/cpu/cpu14/cache/index1/size
[22:00:56] [Render thread/DEBUG] (oshi.util.FileUtil) Reading file /sys/devices/system/cpu/cpu15/topology/core_id
[22:00:56] [Render thread/DEBUG] (oshi.util.FileUtil) Reading file /sys/devices/system/cpu/cpu15/topology/core_id
[22:00:56] [Render thread/DEBUG] (oshi.util.FileUtil) Reading file /sys/devices/system/cpu/cpu15/topology/physical_package_id
[22:00:56] [Render thread/DEBUG] (oshi.util.FileUtil) Reading file /sys/devices/system/cpu/cpu15/topology/physical_package_id
[22:00:56] [Render thread/DEBUG] (oshi.util.FileUtil) Reading file /sys/devices/system/cpu/cpu15/cpu_capacity
[22:00:56] [Render thread/DEBUG] (oshi.util.FileUtil) Reading file /sys/devices/system/cpu/cpu15/cpu_capacity
[22:00:56] [Render thread/DEBUG] (oshi.util.FileUtil) Reading file /sys/devices/system/cpu/cpu15/cache/index2/level
[22:00:56] [Render thread/DEBUG] (oshi.util.FileUtil) Reading file /sys/devices/system/cpu/cpu15/cache/index2/level
[22:00:56] [Render thread/DEBUG] (oshi.util.FileUtil) Reading file /sys/devices/system/cpu/cpu15/cache/index2/type
[22:00:56] [Render thread/DEBUG] (oshi.util.FileUtil) Reading file /sys/devices/system/cpu/cpu15/cache/index2/type
[22:00:56] [Render thread/DEBUG] (oshi.util.FileUtil) Reading file /sys/devices/system/cpu/cpu15/cache/index2/ways_of_associativity
[22:00:56] [Render thread/DEBUG] (oshi.util.FileUtil) Reading file /sys/devices/system/cpu/cpu15/cache/index2/ways_of_associativity
[22:00:56] [Render thread/DEBUG] (oshi.util.FileUtil) Reading file /sys/devices/system/cpu/cpu15/cache/index2/coherency_line_size
[22:00:56] [Render thread/DEBUG] (oshi.util.FileUtil) Reading file /sys/devices/system/cpu/cpu15/cache/index2/coherency_line_size
[22:00:56] [Render thread/DEBUG] (oshi.util.FileUtil) Reading file /sys/devices/system/cpu/cpu15/cache/index2/size
[22:00:56] [Render thread/DEBUG] (oshi.util.FileUtil) Reading file /sys/devices/system/cpu/cpu15/cache/index2/size
[22:00:56] [Render thread/DEBUG] (oshi.util.FileUtil) Reading file /sys/devices/system/cpu/cpu15/cache/index0/level
[22:00:56] [Render thread/DEBUG] (oshi.util.FileUtil) Reading file /sys/devices/system/cpu/cpu15/cache/index0/level
[22:00:56] [Render thread/DEBUG] (oshi.util.FileUtil) Reading file /sys/devices/system/cpu/cpu15/cache/index0/type
[22:00:56] [Render thread/DEBUG] (oshi.util.FileUtil) Reading file /sys/devices/system/cpu/cpu15/cache/index0/type
[22:00:56] [Render thread/DEBUG] (oshi.util.FileUtil) Reading file /sys/devices/system/cpu/cpu15/cache/index0/ways_of_associativity
[22:00:56] [Render thread/DEBUG] (oshi.util.FileUtil) Reading file /sys/devices/system/cpu/cpu15/cache/index0/ways_of_associativity
[22:00:56] [Render thread/DEBUG] (oshi.util.FileUtil) Reading file /sys/devices/system/cpu/cpu15/cache/index0/coherency_line_size
[22:00:56] [Render thread/DEBUG] (oshi.util.FileUtil) Reading file /sys/devices/system/cpu/cpu15/cache/index0/coherency_line_size
[22:00:56] [Render thread/DEBUG] (oshi.util.FileUtil) Reading file /sys/devices/system/cpu/cpu15/cache/index0/size
[22:00:56] [Render thread/DEBUG] (oshi.util.FileUtil) Reading file /sys/devices/system/cpu/cpu15/cache/index0/size
[22:00:56] [Render thread/DEBUG] (oshi.util.FileUtil) Reading file /sys/devices/system/cpu/cpu15/cache/index3/level
[22:00:56] [Render thread/DEBUG] (oshi.util.FileUtil) Reading file /sys/devices/system/cpu/cpu15/cache/index3/level
[22:00:56] [Render thread/DEBUG] (oshi.util.FileUtil) Reading file /sys/devices/system/cpu/cpu15/cache/index3/type
[22:00:56] [Render thread/DEBUG] (oshi.util.FileUtil) Reading file /sys/devices/system/cpu/cpu15/cache/index3/type
[22:00:56] [Render thread/DEBUG] (oshi.util.FileUtil) Reading file /sys/devices/system/cpu/cpu15/cache/index3/ways_of_associativity
[22:00:56] [Render thread/DEBUG] (oshi.util.FileUtil) Reading file /sys/devices/system/cpu/cpu15/cache/index3/ways_of_associativity
[22:00:56] [Render thread/DEBUG] (oshi.util.FileUtil) Reading file /sys/devices/system/cpu/cpu15/cache/index3/coherency_line_size
[22:00:56] [Render thread/DEBUG] (oshi.util.FileUtil) Reading file /sys/devices/system/cpu/cpu15/cache/index3/coherency_line_size
[22:00:56] [Render thread/DEBUG] (oshi.util.FileUtil) Reading file /sys/devices/system/cpu/cpu15/cache/index3/size
[22:00:56] [Render thread/DEBUG] (oshi.util.FileUtil) Reading file /sys/devices/system/cpu/cpu15/cache/index3/size
[22:00:56] [Render thread/DEBUG] (oshi.util.FileUtil) Reading file /sys/devices/system/cpu/cpu15/cache/index1/level
[22:00:56] [Render thread/DEBUG] (oshi.util.FileUtil) Reading file /sys/devices/system/cpu/cpu15/cache/index1/level
[22:00:56] [Render thread/DEBUG] (oshi.util.FileUtil) Reading file /sys/devices/system/cpu/cpu15/cache/index1/type
[22:00:56] [Render thread/DEBUG] (oshi.util.FileUtil) Reading file /sys/devices/system/cpu/cpu15/cache/index1/type
[22:00:56] [Render thread/DEBUG] (oshi.util.FileUtil) Reading file /sys/devices/system/cpu/cpu15/cache/index1/ways_of_associativity
[22:00:56] [Render thread/DEBUG] (oshi.util.FileUtil) Reading file /sys/devices/system/cpu/cpu15/cache/index1/ways_of_associativity
[22:00:56] [Render thread/DEBUG] (oshi.util.FileUtil) Reading file /sys/devices/system/cpu/cpu15/cache/index1/coherency_line_size
[22:00:56] [Render thread/DEBUG] (oshi.util.FileUtil) Reading file /sys/devices/system/cpu/cpu15/cache/index1/coherency_line_size
[22:00:56] [Render thread/DEBUG] (oshi.util.FileUtil) Reading file /sys/devices/system/cpu/cpu15/cache/index1/size
[22:00:56] [Render thread/DEBUG] (oshi.util.FileUtil) Reading file /sys/devices/system/cpu/cpu15/cache/index1/size
[22:00:56] [Render thread/DEBUG] (oshi.util.FileUtil) Reading file /sys/devices/system/cpu/cpu2/topology/core_id
[22:00:56] [Render thread/DEBUG] (oshi.util.FileUtil) Reading file /sys/devices/system/cpu/cpu2/topology/core_id
[22:00:56] [Render thread/DEBUG] (oshi.util.FileUtil) Reading file /sys/devices/system/cpu/cpu2/topology/physical_package_id
[22:00:56] [Render thread/DEBUG] (oshi.util.FileUtil) Reading file /sys/devices/system/cpu/cpu2/topology/physical_package_id
[22:00:56] [Render thread/DEBUG] (oshi.util.FileUtil) Reading file /sys/devices/system/cpu/cpu2/cpu_capacity
[22:00:56] [Render thread/DEBUG] (oshi.util.FileUtil) Reading file /sys/devices/system/cpu/cpu2/cpu_capacity
[22:00:56] [Render thread/DEBUG] (oshi.util.FileUtil) Reading file /sys/devices/system/cpu/cpu2/cache/index2/level
[22:00:56] [Render thread/DEBUG] (oshi.util.FileUtil) Reading file /sys/devices/system/cpu/cpu2/cache/index2/level
[22:00:56] [Render thread/DEBUG] (oshi.util.FileUtil) Reading file /sys/devices/system/cpu/cpu2/cache/index2/type
[22:00:56] [Render thread/DEBUG] (oshi.util.FileUtil) Reading file /sys/devices/system/cpu/cpu2/cache/index2/type
[22:00:56] [Render thread/DEBUG] (oshi.util.FileUtil) Reading file /sys/devices/system/cpu/cpu2/cache/index2/ways_of_associativity
[22:00:56] [Render thread/DEBUG] (oshi.util.FileUtil) Reading file /sys/devices/system/cpu/cpu2/cache/index2/ways_of_associativity
[22:00:56] [Render thread/DEBUG] (oshi.util.FileUtil) Reading file /sys/devices/system/cpu/cpu2/cache/index2/coherency_line_size
[22:00:56] [Render thread/DEBUG] (oshi.util.FileUtil) Reading file /sys/devices/system/cpu/cpu2/cache/index2/coherency_line_size
[22:00:56] [Render thread/DEBUG] (oshi.util.FileUtil) Reading file /sys/devices/system/cpu/cpu2/cache/index2/size
[22:00:56] [Render thread/DEBUG] (oshi.util.FileUtil) Reading file /sys/devices/system/cpu/cpu2/cache/index2/size
[22:00:56] [Render thread/DEBUG] (oshi.util.FileUtil) Reading file /sys/devices/system/cpu/cpu2/cache/index0/level
[22:00:56] [Render thread/DEBUG] (oshi.util.FileUtil) Reading file /sys/devices/system/cpu/cpu2/cache/index0/level
[22:00:56] [Render thread/DEBUG] (oshi.util.FileUtil) Reading file /sys/devices/system/cpu/cpu2/cache/index0/type
[22:00:56] [Render thread/DEBUG] (oshi.util.FileUtil) Reading file /sys/devices/system/cpu/cpu2/cache/index0/type
[22:00:56] [Render thread/DEBUG] (oshi.util.FileUtil) Reading file /sys/devices/system/cpu/cpu2/cache/index0/ways_of_associativity
[22:00:56] [Render thread/DEBUG] (oshi.util.FileUtil) Reading file /sys/devices/system/cpu/cpu2/cache/index0/ways_of_associativity
[22:00:56] [Render thread/DEBUG] (oshi.util.FileUtil) Reading file /sys/devices/system/cpu/cpu2/cache/index0/coherency_line_size
[22:00:56] [Render thread/DEBUG] (oshi.util.FileUtil) Reading file /sys/devices/system/cpu/cpu2/cache/index0/coherency_line_size
[22:00:56] [Render thread/DEBUG] (oshi.util.FileUtil) Reading file /sys/devices/system/cpu/cpu2/cache/index0/size
[22:00:56] [Render thread/DEBUG] (oshi.util.FileUtil) Reading file /sys/devices/system/cpu/cpu2/cache/index0/size
[22:00:56] [Render thread/DEBUG] (oshi.util.FileUtil) Reading file /sys/devices/system/cpu/cpu2/cache/index3/level
[22:00:56] [Render thread/DEBUG] (oshi.util.FileUtil) Reading file /sys/devices/system/cpu/cpu2/cache/index3/level
[22:00:56] [Render thread/DEBUG] (oshi.util.FileUtil) Reading file /sys/devices/system/cpu/cpu2/cache/index3/type
[22:00:56] [Render thread/DEBUG] (oshi.util.FileUtil) Reading file /sys/devices/system/cpu/cpu2/cache/index3/type
[22:00:56] [Render thread/DEBUG] (oshi.util.FileUtil) Reading file /sys/devices/system/cpu/cpu2/cache/index3/ways_of_associativity
[22:00:56] [Render thread/DEBUG] (oshi.util.FileUtil) Reading file /sys/devices/system/cpu/cpu2/cache/index3/ways_of_associativity
[22:00:56] [Render thread/DEBUG] (oshi.util.FileUtil) Reading file /sys/devices/system/cpu/cpu2/cache/index3/coherency_line_size
[22:00:56] [Render thread/DEBUG] (oshi.util.FileUtil) Reading file /sys/devices/system/cpu/cpu2/cache/index3/coherency_line_size
[22:00:56] [Render thread/DEBUG] (oshi.util.FileUtil) Reading file /sys/devices/system/cpu/cpu2/cache/index3/size
[22:00:56] [Render thread/DEBUG] (oshi.util.FileUtil) Reading file /sys/devices/system/cpu/cpu2/cache/index3/size
[22:00:56] [Render thread/DEBUG] (oshi.util.FileUtil) Reading file /sys/devices/system/cpu/cpu2/cache/index1/level
[22:00:56] [Render thread/DEBUG] (oshi.util.FileUtil) Reading file /sys/devices/system/cpu/cpu2/cache/index1/level
[22:00:56] [Render thread/DEBUG] (oshi.util.FileUtil) Reading file /sys/devices/system/cpu/cpu2/cache/index1/type
[22:00:56] [Render thread/DEBUG] (oshi.util.FileUtil) Reading file /sys/devices/system/cpu/cpu2/cache/index1/type
[22:00:56] [Render thread/DEBUG] (oshi.util.FileUtil) Reading file /sys/devices/system/cpu/cpu2/cache/index1/ways_of_associativity
[22:00:56] [Render thread/DEBUG] (oshi.util.FileUtil) Reading file /sys/devices/system/cpu/cpu2/cache/index1/ways_of_associativity
[22:00:56] [Render thread/DEBUG] (oshi.util.FileUtil) Reading file /sys/devices/system/cpu/cpu2/cache/index1/coherency_line_size
[22:00:56] [Render thread/DEBUG] (oshi.util.FileUtil) Reading file /sys/devices/system/cpu/cpu2/cache/index1/coherency_line_size
[22:00:56] [Render thread/DEBUG] (oshi.util.FileUtil) Reading file /sys/devices/system/cpu/cpu2/cache/index1/size
[22:00:56] [Render thread/DEBUG] (oshi.util.FileUtil) Reading file /sys/devices/system/cpu/cpu2/cache/index1/size
[22:00:56] [Render thread/DEBUG] (oshi.util.FileUtil) Reading file /sys/devices/system/cpu/cpu3/topology/core_id
[22:00:56] [Render thread/DEBUG] (oshi.util.FileUtil) Reading file /sys/devices/system/cpu/cpu3/topology/core_id
[22:00:56] [Render thread/DEBUG] (oshi.util.FileUtil) Reading file /sys/devices/system/cpu/cpu3/topology/physical_package_id
[22:00:56] [Render thread/DEBUG] (oshi.util.FileUtil) Reading file /sys/devices/system/cpu/cpu3/topology/physical_package_id
[22:00:56] [Render thread/DEBUG] (oshi.util.FileUtil) Reading file /sys/devices/system/cpu/cpu3/cpu_capacity
[22:00:56] [Render thread/DEBUG] (oshi.util.FileUtil) Reading file /sys/devices/system/cpu/cpu3/cpu_capacity
[22:00:56] [Render thread/DEBUG] (oshi.util.FileUtil) Reading file /sys/devices/system/cpu/cpu3/cache/index2/level
[22:00:56] [Render thread/DEBUG] (oshi.util.FileUtil) Reading file /sys/devices/system/cpu/cpu3/cache/index2/level
[22:00:56] [Render thread/DEBUG] (oshi.util.FileUtil) Reading file /sys/devices/system/cpu/cpu3/cache/index2/type
[22:00:56] [Render thread/DEBUG] (oshi.util.FileUtil) Reading file /sys/devices/system/cpu/cpu3/cache/index2/type
[22:00:56] [Render thread/DEBUG] (oshi.util.FileUtil) Reading file /sys/devices/system/cpu/cpu3/cache/index2/ways_of_associativity
[22:00:56] [Render thread/DEBUG] (oshi.util.FileUtil) Reading file /sys/devices/system/cpu/cpu3/cache/index2/ways_of_associativity
[22:00:56] [Render thread/DEBUG] (oshi.util.FileUtil) Reading file /sys/devices/system/cpu/cpu3/cache/index2/coherency_line_size
[22:00:56] [Render thread/DEBUG] (oshi.util.FileUtil) Reading file /sys/devices/system/cpu/cpu3/cache/index2/coherency_line_size
[22:00:56] [Render thread/DEBUG] (oshi.util.FileUtil) Reading file /sys/devices/system/cpu/cpu3/cache/index2/size
[22:00:56] [Render thread/DEBUG] (oshi.util.FileUtil) Reading file /sys/devices/system/cpu/cpu3/cache/index2/size
[22:00:56] [Render thread/DEBUG] (oshi.util.FileUtil) Reading file /sys/devices/system/cpu/cpu3/cache/index0/level
[22:00:56] [Render thread/DEBUG] (oshi.util.FileUtil) Reading file /sys/devices/system/cpu/cpu3/cache/index0/level
[22:00:56] [Render thread/DEBUG] (oshi.util.FileUtil) Reading file /sys/devices/system/cpu/cpu3/cache/index0/type
[22:00:56] [Render thread/DEBUG] (oshi.util.FileUtil) Reading file /sys/devices/system/cpu/cpu3/cache/index0/type
[22:00:56] [Render thread/DEBUG] (oshi.util.FileUtil) Reading file /sys/devices/system/cpu/cpu3/cache/index0/ways_of_associativity
[22:00:56] [Render thread/DEBUG] (oshi.util.FileUtil) Reading file /sys/devices/system/cpu/cpu3/cache/index0/ways_of_associativity
[22:00:56] [Render thread/DEBUG] (oshi.util.FileUtil) Reading file /sys/devices/system/cpu/cpu3/cache/index0/coherency_line_size
[22:00:56] [Render thread/DEBUG] (oshi.util.FileUtil) Reading file /sys/devices/system/cpu/cpu3/cache/index0/coherency_line_size
[22:00:56] [Render thread/DEBUG] (oshi.util.FileUtil) Reading file /sys/devices/system/cpu/cpu3/cache/index0/size
[22:00:56] [Render thread/DEBUG] (oshi.util.FileUtil) Reading file /sys/devices/system/cpu/cpu3/cache/index0/size
[22:00:56] [Render thread/DEBUG] (oshi.util.FileUtil) Reading file /sys/devices/system/cpu/cpu3/cache/index3/level
[22:00:56] [Render thread/DEBUG] (oshi.util.FileUtil) Reading file /sys/devices/system/cpu/cpu3/cache/index3/level
[22:00:56] [Render thread/DEBUG] (oshi.util.FileUtil) Reading file /sys/devices/system/cpu/cpu3/cache/index3/type
[22:00:56] [Render thread/DEBUG] (oshi.util.FileUtil) Reading file /sys/devices/system/cpu/cpu3/cache/index3/type
[22:00:56] [Render thread/DEBUG] (oshi.util.FileUtil) Reading file /sys/devices/system/cpu/cpu3/cache/index3/ways_of_associativity
[22:00:56] [Render thread/DEBUG] (oshi.util.FileUtil) Reading file /sys/devices/system/cpu/cpu3/cache/index3/ways_of_associativity
[22:00:56] [Render thread/DEBUG] (oshi.util.FileUtil) Reading file /sys/devices/system/cpu/cpu3/cache/index3/coherency_line_size
[22:00:56] [Render thread/DEBUG] (oshi.util.FileUtil) Reading file /sys/devices/system/cpu/cpu3/cache/index3/coherency_line_size
[22:00:56] [Render thread/DEBUG] (oshi.util.FileUtil) Reading file /sys/devices/system/cpu/cpu3/cache/index3/size
[22:00:56] [Render thread/DEBUG] (oshi.util.FileUtil) Reading file /sys/devices/system/cpu/cpu3/cache/index3/size
[22:00:56] [Render thread/DEBUG] (oshi.util.FileUtil) Reading file /sys/devices/system/cpu/cpu3/cache/index1/level
[22:00:56] [Render thread/DEBUG] (oshi.util.FileUtil) Reading file /sys/devices/system/cpu/cpu3/cache/index1/level
[22:00:56] [Render thread/DEBUG] (oshi.util.FileUtil) Reading file /sys/devices/system/cpu/cpu3/cache/index1/type
[22:00:56] [Render thread/DEBUG] (oshi.util.FileUtil) Reading file /sys/devices/system/cpu/cpu3/cache/index1/type
[22:00:56] [Render thread/DEBUG] (oshi.util.FileUtil) Reading file /sys/devices/system/cpu/cpu3/cache/index1/ways_of_associativity
[22:00:56] [Render thread/DEBUG] (oshi.util.FileUtil) Reading file /sys/devices/system/cpu/cpu3/cache/index1/ways_of_associativity
[22:00:56] [Render thread/DEBUG] (oshi.util.FileUtil) Reading file /sys/devices/system/cpu/cpu3/cache/index1/coherency_line_size
[22:00:56] [Render thread/DEBUG] (oshi.util.FileUtil) Reading file /sys/devices/system/cpu/cpu3/cache/index1/coherency_line_size
[22:00:56] [Render thread/DEBUG] (oshi.util.FileUtil) Reading file /sys/devices/system/cpu/cpu3/cache/index1/size
[22:00:56] [Render thread/DEBUG] (oshi.util.FileUtil) Reading file /sys/devices/system/cpu/cpu3/cache/index1/size
[22:00:56] [Render thread/DEBUG] (oshi.util.FileUtil) Reading file /sys/devices/system/cpu/cpu4/topology/core_id
[22:00:56] [Render thread/DEBUG] (oshi.util.FileUtil) Reading file /sys/devices/system/cpu/cpu4/topology/core_id
[22:00:56] [Render thread/DEBUG] (oshi.util.FileUtil) Reading file /sys/devices/system/cpu/cpu4/topology/physical_package_id
[22:00:56] [Render thread/DEBUG] (oshi.util.FileUtil) Reading file /sys/devices/system/cpu/cpu4/topology/physical_package_id
[22:00:56] [Render thread/DEBUG] (oshi.util.FileUtil) Reading file /sys/devices/system/cpu/cpu4/cpu_capacity
[22:00:56] [Render thread/DEBUG] (oshi.util.FileUtil) Reading file /sys/devices/system/cpu/cpu4/cpu_capacity
[22:00:56] [Render thread/DEBUG] (oshi.util.FileUtil) Reading file /sys/devices/system/cpu/cpu4/cache/index2/level
[22:00:56] [Render thread/DEBUG] (oshi.util.FileUtil) Reading file /sys/devices/system/cpu/cpu4/cache/index2/level
[22:00:56] [Render thread/DEBUG] (oshi.util.FileUtil) Reading file /sys/devices/system/cpu/cpu4/cache/index2/type
[22:00:56] [Render thread/DEBUG] (oshi.util.FileUtil) Reading file /sys/devices/system/cpu/cpu4/cache/index2/type
[22:00:56] [Render thread/DEBUG] (oshi.util.FileUtil) Reading file /sys/devices/system/cpu/cpu4/cache/index2/ways_of_associativity
[22:00:56] [Render thread/DEBUG] (oshi.util.FileUtil) Reading file /sys/devices/system/cpu/cpu4/cache/index2/ways_of_associativity
[22:00:56] [Render thread/DEBUG] (oshi.util.FileUtil) Reading file /sys/devices/system/cpu/cpu4/cache/index2/coherency_line_size
[22:00:56] [Render thread/DEBUG] (oshi.util.FileUtil) Reading file /sys/devices/system/cpu/cpu4/cache/index2/coherency_line_size
[22:00:56] [Render thread/DEBUG] (oshi.util.FileUtil) Reading file /sys/devices/system/cpu/cpu4/cache/index2/size
[22:00:56] [Render thread/DEBUG] (oshi.util.FileUtil) Reading file /sys/devices/system/cpu/cpu4/cache/index2/size
[22:00:56] [Render thread/DEBUG] (oshi.util.FileUtil) Reading file /sys/devices/system/cpu/cpu4/cache/index0/level
[22:00:56] [Render thread/DEBUG] (oshi.util.FileUtil) Reading file /sys/devices/system/cpu/cpu4/cache/index0/level
[22:00:56] [Render thread/DEBUG] (oshi.util.FileUtil) Reading file /sys/devices/system/cpu/cpu4/cache/index0/type
[22:00:56] [Render thread/DEBUG] (oshi.util.FileUtil) Reading file /sys/devices/system/cpu/cpu4/cache/index0/type
[22:00:56] [Render thread/DEBUG] (oshi.util.FileUtil) Reading file /sys/devices/system/cpu/cpu4/cache/index0/ways_of_associativity
[22:00:56] [Render thread/DEBUG] (oshi.util.FileUtil) Reading file /sys/devices/system/cpu/cpu4/cache/index0/ways_of_associativity
[22:00:56] [Render thread/DEBUG] (oshi.util.FileUtil) Reading file /sys/devices/system/cpu/cpu4/cache/index0/coherency_line_size
[22:00:56] [Render thread/DEBUG] (oshi.util.FileUtil) Reading file /sys/devices/system/cpu/cpu4/cache/index0/coherency_line_size
[22:00:56] [Render thread/DEBUG] (oshi.util.FileUtil) Reading file /sys/devices/system/cpu/cpu4/cache/index0/size
[22:00:56] [Render thread/DEBUG] (oshi.util.FileUtil) Reading file /sys/devices/system/cpu/cpu4/cache/index0/size
[22:00:56] [Render thread/DEBUG] (oshi.util.FileUtil) Reading file /sys/devices/system/cpu/cpu4/cache/index3/level
[22:00:56] [Render thread/DEBUG] (oshi.util.FileUtil) Reading file /sys/devices/system/cpu/cpu4/cache/index3/level
[22:00:56] [Render thread/DEBUG] (oshi.util.FileUtil) Reading file /sys/devices/system/cpu/cpu4/cache/index3/type
[22:00:56] [Render thread/DEBUG] (oshi.util.FileUtil) Reading file /sys/devices/system/cpu/cpu4/cache/index3/type
[22:00:56] [Render thread/DEBUG] (oshi.util.FileUtil) Reading file /sys/devices/system/cpu/cpu4/cache/index3/ways_of_associativity
[22:00:56] [Render thread/DEBUG] (oshi.util.FileUtil) Reading file /sys/devices/system/cpu/cpu4/cache/index3/ways_of_associativity
[22:00:56] [Render thread/DEBUG] (oshi.util.FileUtil) Reading file /sys/devices/system/cpu/cpu4/cache/index3/coherency_line_size
[22:00:56] [Render thread/DEBUG] (oshi.util.FileUtil) Reading file /sys/devices/system/cpu/cpu4/cache/index3/coherency_line_size
[22:00:56] [Render thread/DEBUG] (oshi.util.FileUtil) Reading file /sys/devices/system/cpu/cpu4/cache/index3/size
[22:00:56] [Render thread/DEBUG] (oshi.util.FileUtil) Reading file /sys/devices/system/cpu/cpu4/cache/index3/size
[22:00:56] [Render thread/DEBUG] (oshi.util.FileUtil) Reading file /sys/devices/system/cpu/cpu4/cache/index1/level
[22:00:56] [Render thread/DEBUG] (oshi.util.FileUtil) Reading file /sys/devices/system/cpu/cpu4/cache/index1/level
[22:00:56] [Render thread/DEBUG] (oshi.util.FileUtil) Reading file /sys/devices/system/cpu/cpu4/cache/index1/type
[22:00:56] [Render thread/DEBUG] (oshi.util.FileUtil) Reading file /sys/devices/system/cpu/cpu4/cache/index1/type
[22:00:56] [Render thread/DEBUG] (oshi.util.FileUtil) Reading file /sys/devices/system/cpu/cpu4/cache/index1/ways_of_associativity
[22:00:56] [Render thread/DEBUG] (oshi.util.FileUtil) Reading file /sys/devices/system/cpu/cpu4/cache/index1/ways_of_associativity
[22:00:56] [Render thread/DEBUG] (oshi.util.FileUtil) Reading file /sys/devices/system/cpu/cpu4/cache/index1/coherency_line_size
[22:00:56] [Render thread/DEBUG] (oshi.util.FileUtil) Reading file /sys/devices/system/cpu/cpu4/cache/index1/coherency_line_size
[22:00:56] [Render thread/DEBUG] (oshi.util.FileUtil) Reading file /sys/devices/system/cpu/cpu4/cache/index1/size
[22:00:56] [Render thread/DEBUG] (oshi.util.FileUtil) Reading file /sys/devices/system/cpu/cpu4/cache/index1/size
[22:00:56] [Render thread/DEBUG] (oshi.util.FileUtil) Reading file /sys/devices/system/cpu/cpu5/topology/core_id
[22:00:56] [Render thread/DEBUG] (oshi.util.FileUtil) Reading file /sys/devices/system/cpu/cpu5/topology/core_id
[22:00:56] [Render thread/DEBUG] (oshi.util.FileUtil) Reading file /sys/devices/system/cpu/cpu5/topology/physical_package_id
[22:00:56] [Render thread/DEBUG] (oshi.util.FileUtil) Reading file /sys/devices/system/cpu/cpu5/topology/physical_package_id
[22:00:56] [Render thread/DEBUG] (oshi.util.FileUtil) Reading file /sys/devices/system/cpu/cpu5/cpu_capacity
[22:00:56] [Render thread/DEBUG] (oshi.util.FileUtil) Reading file /sys/devices/system/cpu/cpu5/cpu_capacity
[22:00:56] [Render thread/DEBUG] (oshi.util.FileUtil) Reading file /sys/devices/system/cpu/cpu5/cache/index2/level
[22:00:56] [Render thread/DEBUG] (oshi.util.FileUtil) Reading file /sys/devices/system/cpu/cpu5/cache/index2/level
[22:00:56] [Render thread/DEBUG] (oshi.util.FileUtil) Reading file /sys/devices/system/cpu/cpu5/cache/index2/type
[22:00:56] [Render thread/DEBUG] (oshi.util.FileUtil) Reading file /sys/devices/system/cpu/cpu5/cache/index2/type
[22:00:56] [Render thread/DEBUG] (oshi.util.FileUtil) Reading file /sys/devices/system/cpu/cpu5/cache/index2/ways_of_associativity
[22:00:56] [Render thread/DEBUG] (oshi.util.FileUtil) Reading file /sys/devices/system/cpu/cpu5/cache/index2/ways_of_associativity
[22:00:56] [Render thread/DEBUG] (oshi.util.FileUtil) Reading file /sys/devices/system/cpu/cpu5/cache/index2/coherency_line_size
[22:00:56] [Render thread/DEBUG] (oshi.util.FileUtil) Reading file /sys/devices/system/cpu/cpu5/cache/index2/coherency_line_size
[22:00:56] [Render thread/DEBUG] (oshi.util.FileUtil) Reading file /sys/devices/system/cpu/cpu5/cache/index2/size
[22:00:56] [Render thread/DEBUG] (oshi.util.FileUtil) Reading file /sys/devices/system/cpu/cpu5/cache/index2/size
[22:00:56] [Render thread/DEBUG] (oshi.util.FileUtil) Reading file /sys/devices/system/cpu/cpu5/cache/index0/level
[22:00:56] [Render thread/DEBUG] (oshi.util.FileUtil) Reading file /sys/devices/system/cpu/cpu5/cache/index0/level
[22:00:56] [Render thread/DEBUG] (oshi.util.FileUtil) Reading file /sys/devices/system/cpu/cpu5/cache/index0/type
[22:00:56] [Render thread/DEBUG] (oshi.util.FileUtil) Reading file /sys/devices/system/cpu/cpu5/cache/index0/type
[22:00:56] [Render thread/DEBUG] (oshi.util.FileUtil) Reading file /sys/devices/system/cpu/cpu5/cache/index0/ways_of_associativity
[22:00:56] [Render thread/DEBUG] (oshi.util.FileUtil) Reading file /sys/devices/system/cpu/cpu5/cache/index0/ways_of_associativity
[22:00:56] [Render thread/DEBUG] (oshi.util.FileUtil) Reading file /sys/devices/system/cpu/cpu5/cache/index0/coherency_line_size
[22:00:56] [Render thread/DEBUG] (oshi.util.FileUtil) Reading file /sys/devices/system/cpu/cpu5/cache/index0/coherency_line_size
[22:00:56] [Render thread/DEBUG] (oshi.util.FileUtil) Reading file /sys/devices/system/cpu/cpu5/cache/index0/size
[22:00:56] [Render thread/DEBUG] (oshi.util.FileUtil) Reading file /sys/devices/system/cpu/cpu5/cache/index0/size
[22:00:56] [Render thread/DEBUG] (oshi.util.FileUtil) Reading file /sys/devices/system/cpu/cpu5/cache/index3/level
[22:00:56] [Render thread/DEBUG] (oshi.util.FileUtil) Reading file /sys/devices/system/cpu/cpu5/cache/index3/level
[22:00:56] [Render thread/DEBUG] (oshi.util.FileUtil) Reading file /sys/devices/system/cpu/cpu5/cache/index3/type
[22:00:56] [Render thread/DEBUG] (oshi.util.FileUtil) Reading file /sys/devices/system/cpu/cpu5/cache/index3/type
[22:00:56] [Render thread/DEBUG] (oshi.util.FileUtil) Reading file /sys/devices/system/cpu/cpu5/cache/index3/ways_of_associativity
[22:00:56] [Render thread/DEBUG] (oshi.util.FileUtil) Reading file /sys/devices/system/cpu/cpu5/cache/index3/ways_of_associativity
[22:00:56] [Render thread/DEBUG] (oshi.util.FileUtil) Reading file /sys/devices/system/cpu/cpu5/cache/index3/coherency_line_size
[22:00:56] [Render thread/DEBUG] (oshi.util.FileUtil) Reading file /sys/devices/system/cpu/cpu5/cache/index3/coherency_line_size
[22:00:56] [Render thread/DEBUG] (oshi.util.FileUtil) Reading file /sys/devices/system/cpu/cpu5/cache/index3/size
[22:00:56] [Render thread/DEBUG] (oshi.util.FileUtil) Reading file /sys/devices/system/cpu/cpu5/cache/index3/size
[22:00:56] [Render thread/DEBUG] (oshi.util.FileUtil) Reading file /sys/devices/system/cpu/cpu5/cache/index1/level
[22:00:56] [Render thread/DEBUG] (oshi.util.FileUtil) Reading file /sys/devices/system/cpu/cpu5/cache/index1/level
[22:00:56] [Render thread/DEBUG] (oshi.util.FileUtil) Reading file /sys/devices/system/cpu/cpu5/cache/index1/type
[22:00:56] [Render thread/DEBUG] (oshi.util.FileUtil) Reading file /sys/devices/system/cpu/cpu5/cache/index1/type
[22:00:56] [Render thread/DEBUG] (oshi.util.FileUtil) Reading file /sys/devices/system/cpu/cpu5/cache/index1/ways_of_associativity
[22:00:56] [Render thread/DEBUG] (oshi.util.FileUtil) Reading file /sys/devices/system/cpu/cpu5/cache/index1/ways_of_associativity
[22:00:56] [Render thread/DEBUG] (oshi.util.FileUtil) Reading file /sys/devices/system/cpu/cpu5/cache/index1/coherency_line_size
[22:00:56] [Render thread/DEBUG] (oshi.util.FileUtil) Reading file /sys/devices/system/cpu/cpu5/cache/index1/coherency_line_size
[22:00:56] [Render thread/DEBUG] (oshi.util.FileUtil) Reading file /sys/devices/system/cpu/cpu5/cache/index1/size
[22:00:56] [Render thread/DEBUG] (oshi.util.FileUtil) Reading file /sys/devices/system/cpu/cpu5/cache/index1/size
[22:00:56] [Render thread/DEBUG] (oshi.util.FileUtil) Reading file /sys/devices/system/cpu/cpu6/topology/core_id
[22:00:56] [Render thread/DEBUG] (oshi.util.FileUtil) Reading file /sys/devices/system/cpu/cpu6/topology/core_id
[22:00:56] [Render thread/DEBUG] (oshi.util.FileUtil) Reading file /sys/devices/system/cpu/cpu6/topology/physical_package_id
[22:00:56] [Render thread/DEBUG] (oshi.util.FileUtil) Reading file /sys/devices/system/cpu/cpu6/topology/physical_package_id
[22:00:56] [Render thread/DEBUG] (oshi.util.FileUtil) Reading file /sys/devices/system/cpu/cpu6/cpu_capacity
[22:00:56] [Render thread/DEBUG] (oshi.util.FileUtil) Reading file /sys/devices/system/cpu/cpu6/cpu_capacity
[22:00:56] [Render thread/DEBUG] (oshi.util.FileUtil) Reading file /sys/devices/system/cpu/cpu6/cache/index2/level
[22:00:56] [Render thread/DEBUG] (oshi.util.FileUtil) Reading file /sys/devices/system/cpu/cpu6/cache/index2/level
[22:00:56] [Render thread/DEBUG] (oshi.util.FileUtil) Reading file /sys/devices/system/cpu/cpu6/cache/index2/type
[22:00:56] [Render thread/DEBUG] (oshi.util.FileUtil) Reading file /sys/devices/system/cpu/cpu6/cache/index2/type
[22:00:56] [Render thread/DEBUG] (oshi.util.FileUtil) Reading file /sys/devices/system/cpu/cpu6/cache/index2/ways_of_associativity
[22:00:56] [Render thread/DEBUG] (oshi.util.FileUtil) Reading file /sys/devices/system/cpu/cpu6/cache/index2/ways_of_associativity
[22:00:56] [Render thread/DEBUG] (oshi.util.FileUtil) Reading file /sys/devices/system/cpu/cpu6/cache/index2/coherency_line_size
[22:00:56] [Render thread/DEBUG] (oshi.util.FileUtil) Reading file /sys/devices/system/cpu/cpu6/cache/index2/coherency_line_size
[22:00:56] [Render thread/DEBUG] (oshi.util.FileUtil) Reading file /sys/devices/system/cpu/cpu6/cache/index2/size
[22:00:56] [Render thread/DEBUG] (oshi.util.FileUtil) Reading file /sys/devices/system/cpu/cpu6/cache/index2/size
[22:00:56] [Render thread/DEBUG] (oshi.util.FileUtil) Reading file /sys/devices/system/cpu/cpu6/cache/index0/level
[22:00:56] [Render thread/DEBUG] (oshi.util.FileUtil) Reading file /sys/devices/system/cpu/cpu6/cache/index0/level
[22:00:56] [Render thread/DEBUG] (oshi.util.FileUtil) Reading file /sys/devices/system/cpu/cpu6/cache/index0/type
[22:00:56] [Render thread/DEBUG] (oshi.util.FileUtil) Reading file /sys/devices/system/cpu/cpu6/cache/index0/type
[22:00:56] [Render thread/DEBUG] (oshi.util.FileUtil) Reading file /sys/devices/system/cpu/cpu6/cache/index0/ways_of_associativity
[22:00:56] [Render thread/DEBUG] (oshi.util.FileUtil) Reading file /sys/devices/system/cpu/cpu6/cache/index0/ways_of_associativity
[22:00:56] [Render thread/DEBUG] (oshi.util.FileUtil) Reading file /sys/devices/system/cpu/cpu6/cache/index0/coherency_line_size
[22:00:56] [Render thread/DEBUG] (oshi.util.FileUtil) Reading file /sys/devices/system/cpu/cpu6/cache/index0/coherency_line_size
[22:00:56] [Render thread/DEBUG] (oshi.util.FileUtil) Reading file /sys/devices/system/cpu/cpu6/cache/index0/size
[22:00:56] [Render thread/DEBUG] (oshi.util.FileUtil) Reading file /sys/devices/system/cpu/cpu6/cache/index0/size
[22:00:56] [Render thread/DEBUG] (oshi.util.FileUtil) Reading file /sys/devices/system/cpu/cpu6/cache/index3/level
[22:00:56] [Render thread/DEBUG] (oshi.util.FileUtil) Reading file /sys/devices/system/cpu/cpu6/cache/index3/level
[22:00:56] [Render thread/DEBUG] (oshi.util.FileUtil) Reading file /sys/devices/system/cpu/cpu6/cache/index3/type
[22:00:56] [Render thread/DEBUG] (oshi.util.FileUtil) Reading file /sys/devices/system/cpu/cpu6/cache/index3/type
[22:00:56] [Render thread/DEBUG] (oshi.util.FileUtil) Reading file /sys/devices/system/cpu/cpu6/cache/index3/ways_of_associativity
[22:00:56] [Render thread/DEBUG] (oshi.util.FileUtil) Reading file /sys/devices/system/cpu/cpu6/cache/index3/ways_of_associativity
[22:00:56] [Render thread/DEBUG] (oshi.util.FileUtil) Reading file /sys/devices/system/cpu/cpu6/cache/index3/coherency_line_size
[22:00:56] [Render thread/DEBUG] (oshi.util.FileUtil) Reading file /sys/devices/system/cpu/cpu6/cache/index3/coherency_line_size
[22:00:56] [Render thread/DEBUG] (oshi.util.FileUtil) Reading file /sys/devices/system/cpu/cpu6/cache/index3/size
[22:00:56] [Render thread/DEBUG] (oshi.util.FileUtil) Reading file /sys/devices/system/cpu/cpu6/cache/index3/size
[22:00:56] [Render thread/DEBUG] (oshi.util.FileUtil) Reading file /sys/devices/system/cpu/cpu6/cache/index1/level
[22:00:56] [Render thread/DEBUG] (oshi.util.FileUtil) Reading file /sys/devices/system/cpu/cpu6/cache/index1/level
[22:00:56] [Render thread/DEBUG] (oshi.util.FileUtil) Reading file /sys/devices/system/cpu/cpu6/cache/index1/type
[22:00:56] [Render thread/DEBUG] (oshi.util.FileUtil) Reading file /sys/devices/system/cpu/cpu6/cache/index1/type
[22:00:56] [Render thread/DEBUG] (oshi.util.FileUtil) Reading file /sys/devices/system/cpu/cpu6/cache/index1/ways_of_associativity
[22:00:56] [Render thread/DEBUG] (oshi.util.FileUtil) Reading file /sys/devices/system/cpu/cpu6/cache/index1/ways_of_associativity
[22:00:56] [Render thread/DEBUG] (oshi.util.FileUtil) Reading file /sys/devices/system/cpu/cpu6/cache/index1/coherency_line_size
[22:00:56] [Render thread/DEBUG] (oshi.util.FileUtil) Reading file /sys/devices/system/cpu/cpu6/cache/index1/coherency_line_size
[22:00:56] [Render thread/DEBUG] (oshi.util.FileUtil) Reading file /sys/devices/system/cpu/cpu6/cache/index1/size
[22:00:56] [Render thread/DEBUG] (oshi.util.FileUtil) Reading file /sys/devices/system/cpu/cpu6/cache/index1/size
[22:00:56] [Render thread/DEBUG] (oshi.util.FileUtil) Reading file /sys/devices/system/cpu/cpu7/topology/core_id
[22:00:56] [Render thread/DEBUG] (oshi.util.FileUtil) Reading file /sys/devices/system/cpu/cpu7/topology/core_id
[22:00:56] [Render thread/DEBUG] (oshi.util.FileUtil) Reading file /sys/devices/system/cpu/cpu7/topology/physical_package_id
[22:00:56] [Render thread/DEBUG] (oshi.util.FileUtil) Reading file /sys/devices/system/cpu/cpu7/topology/physical_package_id
[22:00:56] [Render thread/DEBUG] (oshi.util.FileUtil) Reading file /sys/devices/system/cpu/cpu7/cpu_capacity
[22:00:56] [Render thread/DEBUG] (oshi.util.FileUtil) Reading file /sys/devices/system/cpu/cpu7/cpu_capacity
[22:00:56] [Render thread/DEBUG] (oshi.util.FileUtil) Reading file /sys/devices/system/cpu/cpu7/cache/index2/level
[22:00:56] [Render thread/DEBUG] (oshi.util.FileUtil) Reading file /sys/devices/system/cpu/cpu7/cache/index2/level
[22:00:56] [Render thread/DEBUG] (oshi.util.FileUtil) Reading file /sys/devices/system/cpu/cpu7/cache/index2/type
[22:00:56] [Render thread/DEBUG] (oshi.util.FileUtil) Reading file /sys/devices/system/cpu/cpu7/cache/index2/type
[22:00:56] [Render thread/DEBUG] (oshi.util.FileUtil) Reading file /sys/devices/system/cpu/cpu7/cache/index2/ways_of_associativity
[22:00:56] [Render thread/DEBUG] (oshi.util.FileUtil) Reading file /sys/devices/system/cpu/cpu7/cache/index2/ways_of_associativity
[22:00:56] [Render thread/DEBUG] (oshi.util.FileUtil) Reading file /sys/devices/system/cpu/cpu7/cache/index2/coherency_line_size
[22:00:56] [Render thread/DEBUG] (oshi.util.FileUtil) Reading file /sys/devices/system/cpu/cpu7/cache/index2/coherency_line_size
[22:00:56] [Render thread/DEBUG] (oshi.util.FileUtil) Reading file /sys/devices/system/cpu/cpu7/cache/index2/size
[22:00:56] [Render thread/DEBUG] (oshi.util.FileUtil) Reading file /sys/devices/system/cpu/cpu7/cache/index2/size
[22:00:56] [Render thread/DEBUG] (oshi.util.FileUtil) Reading file /sys/devices/system/cpu/cpu7/cache/index0/level
[22:00:56] [Render thread/DEBUG] (oshi.util.FileUtil) Reading file /sys/devices/system/cpu/cpu7/cache/index0/level
[22:00:56] [Render thread/DEBUG] (oshi.util.FileUtil) Reading file /sys/devices/system/cpu/cpu7/cache/index0/type
[22:00:56] [Render thread/DEBUG] (oshi.util.FileUtil) Reading file /sys/devices/system/cpu/cpu7/cache/index0/type
[22:00:56] [Render thread/DEBUG] (oshi.util.FileUtil) Reading file /sys/devices/system/cpu/cpu7/cache/index0/ways_of_associativity
[22:00:56] [Render thread/DEBUG] (oshi.util.FileUtil) Reading file /sys/devices/system/cpu/cpu7/cache/index0/ways_of_associativity
[22:00:56] [Render thread/DEBUG] (oshi.util.FileUtil) Reading file /sys/devices/system/cpu/cpu7/cache/index0/coherency_line_size
[22:00:56] [Render thread/DEBUG] (oshi.util.FileUtil) Reading file /sys/devices/system/cpu/cpu7/cache/index0/coherency_line_size
[22:00:56] [Render thread/DEBUG] (oshi.util.FileUtil) Reading file /sys/devices/system/cpu/cpu7/cache/index0/size
[22:00:56] [Render thread/DEBUG] (oshi.util.FileUtil) Reading file /sys/devices/system/cpu/cpu7/cache/index0/size
[22:00:56] [Render thread/DEBUG] (oshi.util.FileUtil) Reading file /sys/devices/system/cpu/cpu7/cache/index3/level
[22:00:56] [Render thread/DEBUG] (oshi.util.FileUtil) Reading file /sys/devices/system/cpu/cpu7/cache/index3/level
[22:00:56] [Render thread/DEBUG] (oshi.util.FileUtil) Reading file /sys/devices/system/cpu/cpu7/cache/index3/type
[22:00:56] [Render thread/DEBUG] (oshi.util.FileUtil) Reading file /sys/devices/system/cpu/cpu7/cache/index3/type
[22:00:56] [Render thread/DEBUG] (oshi.util.FileUtil) Reading file /sys/devices/system/cpu/cpu7/cache/index3/ways_of_associativity
[22:00:56] [Render thread/DEBUG] (oshi.util.FileUtil) Reading file /sys/devices/system/cpu/cpu7/cache/index3/ways_of_associativity
[22:00:56] [Render thread/DEBUG] (oshi.util.FileUtil) Reading file /sys/devices/system/cpu/cpu7/cache/index3/coherency_line_size
[22:00:56] [Render thread/DEBUG] (oshi.util.FileUtil) Reading file /sys/devices/system/cpu/cpu7/cache/index3/coherency_line_size
[22:00:56] [Render thread/DEBUG] (oshi.util.FileUtil) Reading file /sys/devices/system/cpu/cpu7/cache/index3/size
[22:00:56] [Render thread/DEBUG] (oshi.util.FileUtil) Reading file /sys/devices/system/cpu/cpu7/cache/index3/size
[22:00:56] [Render thread/DEBUG] (oshi.util.FileUtil) Reading file /sys/devices/system/cpu/cpu7/cache/index1/level
[22:00:56] [Render thread/DEBUG] (oshi.util.FileUtil) Reading file /sys/devices/system/cpu/cpu7/cache/index1/level
[22:00:56] [Render thread/DEBUG] (oshi.util.FileUtil) Reading file /sys/devices/system/cpu/cpu7/cache/index1/type
[22:00:56] [Render thread/DEBUG] (oshi.util.FileUtil) Reading file /sys/devices/system/cpu/cpu7/cache/index1/type
[22:00:56] [Render thread/DEBUG] (oshi.util.FileUtil) Reading file /sys/devices/system/cpu/cpu7/cache/index1/ways_of_associativity
[22:00:56] [Render thread/DEBUG] (oshi.util.FileUtil) Reading file /sys/devices/system/cpu/cpu7/cache/index1/ways_of_associativity
[22:00:56] [Render thread/DEBUG] (oshi.util.FileUtil) Reading file /sys/devices/system/cpu/cpu7/cache/index1/coherency_line_size
[22:00:56] [Render thread/DEBUG] (oshi.util.FileUtil) Reading file /sys/devices/system/cpu/cpu7/cache/index1/coherency_line_size
[22:00:56] [Render thread/DEBUG] (oshi.util.FileUtil) Reading file /sys/devices/system/cpu/cpu7/cache/index1/size
[22:00:56] [Render thread/DEBUG] (oshi.util.FileUtil) Reading file /sys/devices/system/cpu/cpu7/cache/index1/size
[22:00:56] [Render thread/DEBUG] (oshi.util.FileUtil) Reading file /sys/devices/system/cpu/cpu8/topology/core_id
[22:00:56] [Render thread/DEBUG] (oshi.util.FileUtil) Reading file /sys/devices/system/cpu/cpu8/topology/core_id
[22:00:56] [Render thread/DEBUG] (oshi.util.FileUtil) Reading file /sys/devices/system/cpu/cpu8/topology/physical_package_id
[22:00:56] [Render thread/DEBUG] (oshi.util.FileUtil) Reading file /sys/devices/system/cpu/cpu8/topology/physical_package_id
[22:00:56] [Render thread/DEBUG] (oshi.util.FileUtil) Reading file /sys/devices/system/cpu/cpu8/cpu_capacity
[22:00:56] [Render thread/DEBUG] (oshi.util.FileUtil) Reading file /sys/devices/system/cpu/cpu8/cpu_capacity
[22:00:56] [Render thread/DEBUG] (oshi.util.FileUtil) Reading file /sys/devices/system/cpu/cpu8/cache/index2/level
[22:00:56] [Render thread/DEBUG] (oshi.util.FileUtil) Reading file /sys/devices/system/cpu/cpu8/cache/index2/level
[22:00:56] [Render thread/DEBUG] (oshi.util.FileUtil) Reading file /sys/devices/system/cpu/cpu8/cache/index2/type
[22:00:56] [Render thread/DEBUG] (oshi.util.FileUtil) Reading file /sys/devices/system/cpu/cpu8/cache/index2/type
[22:00:56] [Render thread/DEBUG] (oshi.util.FileUtil) Reading file /sys/devices/system/cpu/cpu8/cache/index2/ways_of_associativity
[22:00:56] [Render thread/DEBUG] (oshi.util.FileUtil) Reading file /sys/devices/system/cpu/cpu8/cache/index2/ways_of_associativity
[22:00:56] [Render thread/DEBUG] (oshi.util.FileUtil) Reading file /sys/devices/system/cpu/cpu8/cache/index2/coherency_line_size
[22:00:56] [Render thread/DEBUG] (oshi.util.FileUtil) Reading file /sys/devices/system/cpu/cpu8/cache/index2/coherency_line_size
[22:00:56] [Render thread/DEBUG] (oshi.util.FileUtil) Reading file /sys/devices/system/cpu/cpu8/cache/index2/size
[22:00:56] [Render thread/DEBUG] (oshi.util.FileUtil) Reading file /sys/devices/system/cpu/cpu8/cache/index2/size
[22:00:56] [Render thread/DEBUG] (oshi.util.FileUtil) Reading file /sys/devices/system/cpu/cpu8/cache/index0/level
[22:00:56] [Render thread/DEBUG] (oshi.util.FileUtil) Reading file /sys/devices/system/cpu/cpu8/cache/index0/level
[22:00:56] [Render thread/DEBUG] (oshi.util.FileUtil) Reading file /sys/devices/system/cpu/cpu8/cache/index0/type
[22:00:56] [Render thread/DEBUG] (oshi.util.FileUtil) Reading file /sys/devices/system/cpu/cpu8/cache/index0/type
[22:00:56] [Render thread/DEBUG] (oshi.util.FileUtil) Reading file /sys/devices/system/cpu/cpu8/cache/index0/ways_of_associativity
[22:00:56] [Render thread/DEBUG] (oshi.util.FileUtil) Reading file /sys/devices/system/cpu/cpu8/cache/index0/ways_of_associativity
[22:00:56] [Render thread/DEBUG] (oshi.util.FileUtil) Reading file /sys/devices/system/cpu/cpu8/cache/index0/coherency_line_size
[22:00:56] [Render thread/DEBUG] (oshi.util.FileUtil) Reading file /sys/devices/system/cpu/cpu8/cache/index0/coherency_line_size
[22:00:56] [Render thread/DEBUG] (oshi.util.FileUtil) Reading file /sys/devices/system/cpu/cpu8/cache/index0/size
[22:00:56] [Render thread/DEBUG] (oshi.util.FileUtil) Reading file /sys/devices/system/cpu/cpu8/cache/index0/size
[22:00:56] [Render thread/DEBUG] (oshi.util.FileUtil) Reading file /sys/devices/system/cpu/cpu8/cache/index3/level
[22:00:56] [Render thread/DEBUG] (oshi.util.FileUtil) Reading file /sys/devices/system/cpu/cpu8/cache/index3/level
[22:00:56] [Render thread/DEBUG] (oshi.util.FileUtil) Reading file /sys/devices/system/cpu/cpu8/cache/index3/type
[22:00:56] [Render thread/DEBUG] (oshi.util.FileUtil) Reading file /sys/devices/system/cpu/cpu8/cache/index3/type
[22:00:56] [Render thread/DEBUG] (oshi.util.FileUtil) Reading file /sys/devices/system/cpu/cpu8/cache/index3/ways_of_associativity
[22:00:56] [Render thread/DEBUG] (oshi.util.FileUtil) Reading file /sys/devices/system/cpu/cpu8/cache/index3/ways_of_associativity
[22:00:56] [Render thread/DEBUG] (oshi.util.FileUtil) Reading file /sys/devices/system/cpu/cpu8/cache/index3/coherency_line_size
[22:00:56] [Render thread/DEBUG] (oshi.util.FileUtil) Reading file /sys/devices/system/cpu/cpu8/cache/index3/coherency_line_size
[22:00:56] [Render thread/DEBUG] (oshi.util.FileUtil) Reading file /sys/devices/system/cpu/cpu8/cache/index3/size
[22:00:56] [Render thread/DEBUG] (oshi.util.FileUtil) Reading file /sys/devices/system/cpu/cpu8/cache/index3/size
[22:00:56] [Render thread/DEBUG] (oshi.util.FileUtil) Reading file /sys/devices/system/cpu/cpu8/cache/index1/level
[22:00:56] [Render thread/DEBUG] (oshi.util.FileUtil) Reading file /sys/devices/system/cpu/cpu8/cache/index1/level
[22:00:56] [Render thread/DEBUG] (oshi.util.FileUtil) Reading file /sys/devices/system/cpu/cpu8/cache/index1/type
[22:00:56] [Render thread/DEBUG] (oshi.util.FileUtil) Reading file /sys/devices/system/cpu/cpu8/cache/index1/type
[22:00:56] [Render thread/DEBUG] (oshi.util.FileUtil) Reading file /sys/devices/system/cpu/cpu8/cache/index1/ways_of_associativity
[22:00:56] [Render thread/DEBUG] (oshi.util.FileUtil) Reading file /sys/devices/system/cpu/cpu8/cache/index1/ways_of_associativity
[22:00:56] [Render thread/DEBUG] (oshi.util.FileUtil) Reading file /sys/devices/system/cpu/cpu8/cache/index1/coherency_line_size
[22:00:56] [Render thread/DEBUG] (oshi.util.FileUtil) Reading file /sys/devices/system/cpu/cpu8/cache/index1/coherency_line_size
[22:00:56] [Render thread/DEBUG] (oshi.util.FileUtil) Reading file /sys/devices/system/cpu/cpu8/cache/index1/size
[22:00:56] [Render thread/DEBUG] (oshi.util.FileUtil) Reading file /sys/devices/system/cpu/cpu8/cache/index1/size
[22:00:56] [Render thread/DEBUG] (oshi.util.FileUtil) Reading file /sys/devices/system/cpu/cpu9/topology/core_id
[22:00:56] [Render thread/DEBUG] (oshi.util.FileUtil) Reading file /sys/devices/system/cpu/cpu9/topology/core_id
[22:00:56] [Render thread/DEBUG] (oshi.util.FileUtil) Reading file /sys/devices/system/cpu/cpu9/topology/physical_package_id
[22:00:56] [Render thread/DEBUG] (oshi.util.FileUtil) Reading file /sys/devices/system/cpu/cpu9/topology/physical_package_id
[22:00:56] [Render thread/DEBUG] (oshi.util.FileUtil) Reading file /sys/devices/system/cpu/cpu9/cpu_capacity
[22:00:56] [Render thread/DEBUG] (oshi.util.FileUtil) Reading file /sys/devices/system/cpu/cpu9/cpu_capacity
[22:00:56] [Render thread/DEBUG] (oshi.util.FileUtil) Reading file /sys/devices/system/cpu/cpu9/cache/index2/level
[22:00:56] [Render thread/DEBUG] (oshi.util.FileUtil) Reading file /sys/devices/system/cpu/cpu9/cache/index2/level
[22:00:56] [Render thread/DEBUG] (oshi.util.FileUtil) Reading file /sys/devices/system/cpu/cpu9/cache/index2/type
[22:00:56] [Render thread/DEBUG] (oshi.util.FileUtil) Reading file /sys/devices/system/cpu/cpu9/cache/index2/type
[22:00:56] [Render thread/DEBUG] (oshi.util.FileUtil) Reading file /sys/devices/system/cpu/cpu9/cache/index2/ways_of_associativity
[22:00:56] [Render thread/DEBUG] (oshi.util.FileUtil) Reading file /sys/devices/system/cpu/cpu9/cache/index2/ways_of_associativity
[22:00:56] [Render thread/DEBUG] (oshi.util.FileUtil) Reading file /sys/devices/system/cpu/cpu9/cache/index2/coherency_line_size
[22:00:56] [Render thread/DEBUG] (oshi.util.FileUtil) Reading file /sys/devices/system/cpu/cpu9/cache/index2/coherency_line_size
[22:00:56] [Render thread/DEBUG] (oshi.util.FileUtil) Reading file /sys/devices/system/cpu/cpu9/cache/index2/size
[22:00:56] [Render thread/DEBUG] (oshi.util.FileUtil) Reading file /sys/devices/system/cpu/cpu9/cache/index2/size
[22:00:56] [Render thread/DEBUG] (oshi.util.FileUtil) Reading file /sys/devices/system/cpu/cpu9/cache/index0/level
[22:00:56] [Render thread/DEBUG] (oshi.util.FileUtil) Reading file /sys/devices/system/cpu/cpu9/cache/index0/level
[22:00:56] [Render thread/DEBUG] (oshi.util.FileUtil) Reading file /sys/devices/system/cpu/cpu9/cache/index0/type
[22:00:56] [Render thread/DEBUG] (oshi.util.FileUtil) Reading file /sys/devices/system/cpu/cpu9/cache/index0/type
[22:00:56] [Render thread/DEBUG] (oshi.util.FileUtil) Reading file /sys/devices/system/cpu/cpu9/cache/index0/ways_of_associativity
[22:00:56] [Render thread/DEBUG] (oshi.util.FileUtil) Reading file /sys/devices/system/cpu/cpu9/cache/index0/ways_of_associativity
[22:00:56] [Render thread/DEBUG] (oshi.util.FileUtil) Reading file /sys/devices/system/cpu/cpu9/cache/index0/coherency_line_size
[22:00:56] [Render thread/DEBUG] (oshi.util.FileUtil) Reading file /sys/devices/system/cpu/cpu9/cache/index0/coherency_line_size
[22:00:56] [Render thread/DEBUG] (oshi.util.FileUtil) Reading file /sys/devices/system/cpu/cpu9/cache/index0/size
[22:00:56] [Render thread/DEBUG] (oshi.util.FileUtil) Reading file /sys/devices/system/cpu/cpu9/cache/index0/size
[22:00:56] [Render thread/DEBUG] (oshi.util.FileUtil) Reading file /sys/devices/system/cpu/cpu9/cache/index3/level
[22:00:56] [Render thread/DEBUG] (oshi.util.FileUtil) Reading file /sys/devices/system/cpu/cpu9/cache/index3/level
[22:00:56] [Render thread/DEBUG] (oshi.util.FileUtil) Reading file /sys/devices/system/cpu/cpu9/cache/index3/type
[22:00:56] [Render thread/DEBUG] (oshi.util.FileUtil) Reading file /sys/devices/system/cpu/cpu9/cache/index3/type
[22:00:56] [Render thread/DEBUG] (oshi.util.FileUtil) Reading file /sys/devices/system/cpu/cpu9/cache/index3/ways_of_associativity
[22:00:56] [Render thread/DEBUG] (oshi.util.FileUtil) Reading file /sys/devices/system/cpu/cpu9/cache/index3/ways_of_associativity
[22:00:56] [Render thread/DEBUG] (oshi.util.FileUtil) Reading file /sys/devices/system/cpu/cpu9/cache/index3/coherency_line_size
[22:00:56] [Render thread/DEBUG] (oshi.util.FileUtil) Reading file /sys/devices/system/cpu/cpu9/cache/index3/coherency_line_size
[22:00:56] [Render thread/DEBUG] (oshi.util.FileUtil) Reading file /sys/devices/system/cpu/cpu9/cache/index3/size
[22:00:56] [Render thread/DEBUG] (oshi.util.FileUtil) Reading file /sys/devices/system/cpu/cpu9/cache/index3/size
[22:00:56] [Render thread/DEBUG] (oshi.util.FileUtil) Reading file /sys/devices/system/cpu/cpu9/cache/index1/level
[22:00:56] [Render thread/DEBUG] (oshi.util.FileUtil) Reading file /sys/devices/system/cpu/cpu9/cache/index1/level
[22:00:56] [Render thread/DEBUG] (oshi.util.FileUtil) Reading file /sys/devices/system/cpu/cpu9/cache/index1/type
[22:00:56] [Render thread/DEBUG] (oshi.util.FileUtil) Reading file /sys/devices/system/cpu/cpu9/cache/index1/type
[22:00:56] [Render thread/DEBUG] (oshi.util.FileUtil) Reading file /sys/devices/system/cpu/cpu9/cache/index1/ways_of_associativity
[22:00:56] [Render thread/DEBUG] (oshi.util.FileUtil) Reading file /sys/devices/system/cpu/cpu9/cache/index1/ways_of_associativity
[22:00:56] [Render thread/DEBUG] (oshi.util.FileUtil) Reading file /sys/devices/system/cpu/cpu9/cache/index1/coherency_line_size
[22:00:56] [Render thread/DEBUG] (oshi.util.FileUtil) Reading file /sys/devices/system/cpu/cpu9/cache/index1/coherency_line_size
[22:00:56] [Render thread/DEBUG] (oshi.util.FileUtil) Reading file /sys/devices/system/cpu/cpu9/cache/index1/size
[22:00:56] [Render thread/DEBUG] (oshi.util.FileUtil) Reading file /sys/devices/system/cpu/cpu9/cache/index1/size
[22:00:56] [Render thread/DEBUG] (oshi.util.FileUtil) Reading file /proc/cpuinfo
[22:00:56] [Render thread/DEBUG] (oshi.util.FileUtil) Reading file /proc/cpuinfo
[22:00:56] [Render thread/DEBUG] (oshi.util.FileUtil) Reading file /proc/self/auxv
[22:00:56] [Render thread/INFO] (net.minecraft.client.MinecraftClient) Using optional rendering extensions: GL_ARB_buffer_storage, GL_KHR_debug, GL_ARB_vertex_attrib_binding, GL_ARB_direct_state_access, GL_EXT_texture_filter_anisotropic
[22:00:56] [Render thread/DEBUG] (FabricLoader/Mixin) Mixing MultiPackResourceManagerMixin from fabric-resource-loader-v1.mixins.json into net.minecraft.resource.LifecycledResourceManagerImpl
[22:00:56] [Render thread/DEBUG] (FabricLoader/Mixin) fabric-resource-loader-v1.mixins.json:MultiPackResourceManagerMixin from mod fabric-resource-loader-v1->@Inject::init(Lnet/minecraft/resource/ResourceType;Ljava/util/List;Lorg/spongepowered/asm/mixin/injection/callback/CallbackInfo;)V doesn't use it's CallbackInfo
[22:00:56] [Render thread/DEBUG] (FabricLoader/Mixin) fabric-resource-loader-v1.mixins.json:MultiPackResourceManagerMixin from mod fabric-resource-loader-v1->@Inject::init(Lnet/minecraft/resource/ResourceType;Ljava/util/List;Lorg/spongepowered/asm/mixin/injection/callback/CallbackInfo;)V has 0 override(s) in child classes
[22:00:56] [Render thread/DEBUG] (FabricLoader/Mixin) fabric-resource-loader-v1.mixins.json:MultiPackResourceManagerMixin from mod fabric-resource-loader-v1->@Inject::init(Lnet/minecraft/resource/ResourceType;Ljava/util/List;Lorg/spongepowered/asm/mixin/injection/callback/CallbackInfo;)V won't be passed a CallbackInfo as a result
[22:00:56] [Render thread/DEBUG] (net.fabricmc.fabric.impl.resource.pack.ModPackResourcesUtil) [Fabric] Starting internal pack sorting with: [vanilla, fabric-api, fabric-api-base, fabric-api-lookup-api-v1, fabric-biome-api-v1, fabric-block-api-v1, fabric-block-view-api-v2, fabric-client-gametest-api-v1, fabric-command-api-v2, fabric-content-registries-v0, fabric-convention-tags-v1, fabric-convention-tags-v2, fabric-crash-report-info-v1, fabric-data-attachment-api-v1, fabric-data-generation-api-v1, fabric-dimensions-v1, fabric-entity-events-v1, fabric-events-interaction-v0, fabric-game-rule-api-v1, fabric-gametest-api-v1, fabric-item-api-v1, fabric-item-group-api-v1, fabric-item-group-api-v1_programmer_art, fabric-key-binding-api-v1, fabric-lifecycle-events-v1, fabric-loot-api-v2, fabric-loot-api-v3, fabric-message-api-v1, fabric-model-loading-api-v1, fabric-networking-api-v1, fabric-object-builder-api-v1, fabric-particles-v1, fabric-recipe-api-v1, fabric-registry-sync-v0, fabric-renderer-api-v1, fabric-renderer-indigo, fabric-rendering-fluids-v1, fabric-rendering-v1, fabric-resource-conditions-api-v1, fabric-resource-loader-v0, fabric-resource-loader-v1, fabric-screen-api-v1, fabric-screen-handler-api-v1, fabric-serialization-api-v1, fabric-sound-api-v1, fabric-tag-api-v1, fabric-transfer-api-v1, fabric-transitive-access-wideners-v1, fabricloader, modmenu, modmenu_high_contrast, modmenu_programmer_art]
[22:00:56] [Render thread/DEBUG] (net.fabricmc.fabric.impl.resource.pack.ModPackResourcesUtil) [Fabric] Removed all internal packs, result: [vanilla]
[22:00:56] [Render thread/DEBUG] (net.fabricmc.fabric.impl.resource.pack.ModPackResourcesUtil) [Fabric] cur @ vanilla, auto-enabled fabric-api, currently enabled: [vanilla, fabric-api]
[22:00:56] [Render thread/DEBUG] (net.fabricmc.fabric.impl.resource.pack.ModPackResourcesUtil) [Fabric] cur @ vanilla, auto-enabled fabric-api-base, currently enabled: [vanilla, fabric-api, fabric-api-base]
[22:00:56] [Render thread/DEBUG] (net.fabricmc.fabric.impl.resource.pack.ModPackResourcesUtil) [Fabric] cur @ vanilla, auto-enabled fabric-api-lookup-api-v1, currently enabled: [vanilla, fabric-api, fabric-api-base, fabric-api-lookup-api-v1]
[22:00:56] [Render thread/DEBUG] (net.fabricmc.fabric.impl.resource.pack.ModPackResourcesUtil) [Fabric] cur @ vanilla, auto-enabled fabric-biome-api-v1, currently enabled: [vanilla, fabric-api, fabric-api-base, fabric-api-lookup-api-v1, fabric-biome-api-v1]
[22:00:56] [Render thread/DEBUG] (net.fabricmc.fabric.impl.resource.pack.ModPackResourcesUtil) [Fabric] cur @ vanilla, auto-enabled fabric-block-api-v1, currently enabled: [vanilla, fabric-api, fabric-api-base, fabric-api-lookup-api-v1, fabric-biome-api-v1, fabric-block-api-v1]
[22:00:56] [Render thread/DEBUG] (net.fabricmc.fabric.impl.resource.pack.ModPackResourcesUtil) [Fabric] cur @ vanilla, auto-enabled fabric-block-view-api-v2, currently enabled: [vanilla, fabric-api, fabric-api-base, fabric-api-lookup-api-v1, fabric-biome-api-v1, fabric-block-api-v1, fabric-block-view-api-v2]
[22:00:56] [Render thread/DEBUG] (net.fabricmc.fabric.impl.resource.pack.ModPackResourcesUtil) [Fabric] cur @ vanilla, auto-enabled fabric-client-gametest-api-v1, currently enabled: [vanilla, fabric-api, fabric-api-base, fabric-api-lookup-api-v1, fabric-biome-api-v1, fabric-block-api-v1, fabric-block-view-api-v2, fabric-client-gametest-api-v1]
[22:00:56] [Render thread/DEBUG] (net.fabricmc.fabric.impl.resource.pack.ModPackResourcesUtil) [Fabric] cur @ vanilla, auto-enabled fabric-command-api-v2, currently enabled: [vanilla, fabric-api, fabric-api-base, fabric-api-lookup-api-v1, fabric-biome-api-v1, fabric-block-api-v1, fabric-block-view-api-v2, fabric-client-gametest-api-v1, fabric-command-api-v2]
[22:00:56] [Render thread/DEBUG] (net.fabricmc.fabric.impl.resource.pack.ModPackResourcesUtil) [Fabric] cur @ vanilla, auto-enabled fabric-content-registries-v0, currently enabled: [vanilla, fabric-api, fabric-api-base, fabric-api-lookup-api-v1, fabric-biome-api-v1, fabric-block-api-v1, fabric-block-view-api-v2, fabric-client-gametest-api-v1, fabric-command-api-v2, fabric-content-registries-v0]
[22:00:56] [Render thread/DEBUG] (net.fabricmc.fabric.impl.resource.pack.ModPackResourcesUtil) [Fabric] cur @ vanilla, auto-enabled fabric-convention-tags-v1, currently enabled: [vanilla, fabric-api, fabric-api-base, fabric-api-lookup-api-v1, fabric-biome-api-v1, fabric-block-api-v1, fabric-block-view-api-v2, fabric-client-gametest-api-v1, fabric-command-api-v2, fabric-content-registries-v0, fabric-convention-tags-v1]
[22:00:56] [Render thread/DEBUG] (net.fabricmc.fabric.impl.resource.pack.ModPackResourcesUtil) [Fabric] cur @ vanilla, auto-enabled fabric-convention-tags-v2, currently enabled: [vanilla, fabric-api, fabric-api-base, fabric-api-lookup-api-v1, fabric-biome-api-v1, fabric-block-api-v1, fabric-block-view-api-v2, fabric-client-gametest-api-v1, fabric-command-api-v2, fabric-content-registries-v0, fabric-convention-tags-v1, fabric-convention-tags-v2]
[22:00:56] [Render thread/DEBUG] (net.fabricmc.fabric.impl.resource.pack.ModPackResourcesUtil) [Fabric] cur @ vanilla, auto-enabled fabric-crash-report-info-v1, currently enabled: [vanilla, fabric-api, fabric-api-base, fabric-api-lookup-api-v1, fabric-biome-api-v1, fabric-block-api-v1, fabric-block-view-api-v2, fabric-client-gametest-api-v1, fabric-command-api-v2, fabric-content-registries-v0, fabric-convention-tags-v1, fabric-convention-tags-v2, fabric-crash-report-info-v1]
[22:00:56] [Render thread/DEBUG] (net.fabricmc.fabric.impl.resource.pack.ModPackResourcesUtil) [Fabric] cur @ vanilla, auto-enabled fabric-data-attachment-api-v1, currently enabled: [vanilla, fabric-api, fabric-api-base, fabric-api-lookup-api-v1, fabric-biome-api-v1, fabric-block-api-v1, fabric-block-view-api-v2, fabric-client-gametest-api-v1, fabric-command-api-v2, fabric-content-registries-v0, fabric-convention-tags-v1, fabric-convention-tags-v2, fabric-crash-report-info-v1, fabric-data-attachment-api-v1]
[22:00:56] [Render thread/DEBUG] (net.fabricmc.fabric.impl.resource.pack.ModPackResourcesUtil) [Fabric] cur @ vanilla, auto-enabled fabric-data-generation-api-v1, currently enabled: [vanilla, fabric-api, fabric-api-base, fabric-api-lookup-api-v1, fabric-biome-api-v1, fabric-block-api-v1, fabric-block-view-api-v2, fabric-client-gametest-api-v1, fabric-command-api-v2, fabric-content-registries-v0, fabric-convention-tags-v1, fabric-convention-tags-v2, fabric-crash-report-info-v1, fabric-data-attachment-api-v1, fabric-data-generation-api-v1]
[22:00:56] [Render thread/DEBUG] (net.fabricmc.fabric.impl.resource.pack.ModPackResourcesUtil) [Fabric] cur @ vanilla, auto-enabled fabric-dimensions-v1, currently enabled: [vanilla, fabric-api, fabric-api-base, fabric-api-lookup-api-v1, fabric-biome-api-v1, fabric-block-api-v1, fabric-block-view-api-v2, fabric-client-gametest-api-v1, fabric-command-api-v2, fabric-content-registries-v0, fabric-convention-tags-v1, fabric-convention-tags-v2, fabric-crash-report-info-v1, fabric-data-attachment-api-v1, fabric-data-generation-api-v1, fabric-dimensions-v1]
[22:00:56] [Render thread/DEBUG] (net.fabricmc.fabric.impl.resource.pack.ModPackResourcesUtil) [Fabric] cur @ vanilla, auto-enabled fabric-entity-events-v1, currently enabled: [vanilla, fabric-api, fabric-api-base, fabric-api-lookup-api-v1, fabric-biome-api-v1, fabric-block-api-v1, fabric-block-view-api-v2, fabric-client-gametest-api-v1, fabric-command-api-v2, fabric-content-registries-v0, fabric-convention-tags-v1, fabric-convention-tags-v2, fabric-crash-report-info-v1, fabric-data-attachment-api-v1, fabric-data-generation-api-v1, fabric-dimensions-v1, fabric-entity-events-v1]
[22:00:56] [Render thread/DEBUG] (net.fabricmc.fabric.impl.resource.pack.ModPackResourcesUtil) [Fabric] cur @ vanilla, auto-enabled fabric-events-interaction-v0, currently enabled: [vanilla, fabric-api, fabric-api-base, fabric-api-lookup-api-v1, fabric-biome-api-v1, fabric-block-api-v1, fabric-block-view-api-v2, fabric-client-gametest-api-v1, fabric-command-api-v2, fabric-content-registries-v0, fabric-convention-tags-v1, fabric-convention-tags-v2, fabric-crash-report-info-v1, fabric-data-attachment-api-v1, fabric-data-generation-api-v1, fabric-dimensions-v1, fabric-entity-events-v1, fabric-events-interaction-v0]
[22:00:56] [Render thread/DEBUG] (net.fabricmc.fabric.impl.resource.pack.ModPackResourcesUtil) [Fabric] cur @ vanilla, auto-enabled fabric-game-rule-api-v1, currently enabled: [vanilla, fabric-api, fabric-api-base, fabric-api-lookup-api-v1, fabric-biome-api-v1, fabric-block-api-v1, fabric-block-view-api-v2, fabric-client-gametest-api-v1, fabric-command-api-v2, fabric-content-registries-v0, fabric-convention-tags-v1, fabric-convention-tags-v2, fabric-crash-report-info-v1, fabric-data-attachment-api-v1, fabric-data-generation-api-v1, fabric-dimensions-v1, fabric-entity-events-v1, fabric-events-interaction-v0, fabric-game-rule-api-v1]
[22:00:56] [Render thread/DEBUG] (net.fabricmc.fabric.impl.resource.pack.ModPackResourcesUtil) [Fabric] cur @ vanilla, auto-enabled fabric-gametest-api-v1, currently enabled: [vanilla, fabric-api, fabric-api-base, fabric-api-lookup-api-v1, fabric-biome-api-v1, fabric-block-api-v1, fabric-block-view-api-v2, fabric-client-gametest-api-v1, fabric-command-api-v2, fabric-content-registries-v0, fabric-convention-tags-v1, fabric-convention-tags-v2, fabric-crash-report-info-v1, fabric-data-attachment-api-v1, fabric-data-generation-api-v1, fabric-dimensions-v1, fabric-entity-events-v1, fabric-events-interaction-v0, fabric-game-rule-api-v1, fabric-gametest-api-v1]
[22:00:56] [Render thread/DEBUG] (net.fabricmc.fabric.impl.resource.pack.ModPackResourcesUtil) [Fabric] cur @ vanilla, auto-enabled fabric-item-api-v1, currently enabled: [vanilla, fabric-api, fabric-api-base, fabric-api-lookup-api-v1, fabric-biome-api-v1, fabric-block-api-v1, fabric-block-view-api-v2, fabric-client-gametest-api-v1, fabric-command-api-v2, fabric-content-registries-v0, fabric-convention-tags-v1, fabric-convention-tags-v2, fabric-crash-report-info-v1, fabric-data-attachment-api-v1, fabric-data-generation-api-v1, fabric-dimensions-v1, fabric-entity-events-v1, fabric-events-interaction-v0, fabric-game-rule-api-v1, fabric-gametest-api-v1, fabric-item-api-v1]
[22:00:56] [Render thread/DEBUG] (net.fabricmc.fabric.impl.resource.pack.ModPackResourcesUtil) [Fabric] cur @ vanilla, auto-enabled fabric-item-group-api-v1, currently enabled: [vanilla, fabric-api, fabric-api-base, fabric-api-lookup-api-v1, fabric-biome-api-v1, fabric-block-api-v1, fabric-block-view-api-v2, fabric-client-gametest-api-v1, fabric-command-api-v2, fabric-content-registries-v0, fabric-convention-tags-v1, fabric-convention-tags-v2, fabric-crash-report-info-v1, fabric-data-attachment-api-v1, fabric-data-generation-api-v1, fabric-dimensions-v1, fabric-entity-events-v1, fabric-events-interaction-v0, fabric-game-rule-api-v1, fabric-gametest-api-v1, fabric-item-api-v1, fabric-item-group-api-v1]
[22:00:56] [Render thread/DEBUG] (net.fabricmc.fabric.impl.resource.pack.ModPackResourcesUtil) [Fabric] cur @ vanilla, auto-enabled fabric-key-binding-api-v1, currently enabled: [vanilla, fabric-api, fabric-api-base, fabric-api-lookup-api-v1, fabric-biome-api-v1, fabric-block-api-v1, fabric-block-view-api-v2, fabric-client-gametest-api-v1, fabric-command-api-v2, fabric-content-registries-v0, fabric-convention-tags-v1, fabric-convention-tags-v2, fabric-crash-report-info-v1, fabric-data-attachment-api-v1, fabric-data-generation-api-v1, fabric-dimensions-v1, fabric-entity-events-v1, fabric-events-interaction-v0, fabric-game-rule-api-v1, fabric-gametest-api-v1, fabric-item-api-v1, fabric-item-group-api-v1, fabric-key-binding-api-v1]
[22:00:56] [Render thread/DEBUG] (net.fabricmc.fabric.impl.resource.pack.ModPackResourcesUtil) [Fabric] cur @ vanilla, auto-enabled fabric-lifecycle-events-v1, currently enabled: [vanilla, fabric-api, fabric-api-base, fabric-api-lookup-api-v1, fabric-biome-api-v1, fabric-block-api-v1, fabric-block-view-api-v2, fabric-client-gametest-api-v1, fabric-command-api-v2, fabric-content-registries-v0, fabric-convention-tags-v1, fabric-convention-tags-v2, fabric-crash-report-info-v1, fabric-data-attachment-api-v1, fabric-data-generation-api-v1, fabric-dimensions-v1, fabric-entity-events-v1, fabric-events-interaction-v0, fabric-game-rule-api-v1, fabric-gametest-api-v1, fabric-item-api-v1, fabric-item-group-api-v1, fabric-key-binding-api-v1, fabric-lifecycle-events-v1]
[22:00:56] [Render thread/DEBUG] (net.fabricmc.fabric.impl.resource.pack.ModPackResourcesUtil) [Fabric] cur @ vanilla, auto-enabled fabric-loot-api-v2, currently enabled: [vanilla, fabric-api, fabric-api-base, fabric-api-lookup-api-v1, fabric-biome-api-v1, fabric-block-api-v1, fabric-block-view-api-v2, fabric-client-gametest-api-v1, fabric-command-api-v2, fabric-content-registries-v0, fabric-convention-tags-v1, fabric-convention-tags-v2, fabric-crash-report-info-v1, fabric-data-attachment-api-v1, fabric-data-generation-api-v1, fabric-dimensions-v1, fabric-entity-events-v1, fabric-events-interaction-v0, fabric-game-rule-api-v1, fabric-gametest-api-v1, fabric-item-api-v1, fabric-item-group-api-v1, fabric-key-binding-api-v1, fabric-lifecycle-events-v1, fabric-loot-api-v2]
[22:00:56] [Render thread/DEBUG] (net.fabricmc.fabric.impl.resource.pack.ModPackResourcesUtil) [Fabric] cur @ vanilla, auto-enabled fabric-loot-api-v3, currently enabled: [vanilla, fabric-api, fabric-api-base, fabric-api-lookup-api-v1, fabric-biome-api-v1, fabric-block-api-v1, fabric-block-view-api-v2, fabric-client-gametest-api-v1, fabric-command-api-v2, fabric-content-registries-v0, fabric-convention-tags-v1, fabric-convention-tags-v2, fabric-crash-report-info-v1, fabric-data-attachment-api-v1, fabric-data-generation-api-v1, fabric-dimensions-v1, fabric-entity-events-v1, fabric-events-interaction-v0, fabric-game-rule-api-v1, fabric-gametest-api-v1, fabric-item-api-v1, fabric-item-group-api-v1, fabric-key-binding-api-v1, fabric-lifecycle-events-v1, fabric-loot-api-v2, fabric-loot-api-v3]
[22:00:56] [Render thread/DEBUG] (net.fabricmc.fabric.impl.resource.pack.ModPackResourcesUtil) [Fabric] cur @ vanilla, auto-enabled fabric-message-api-v1, currently enabled: [vanilla, fabric-api, fabric-api-base, fabric-api-lookup-api-v1, fabric-biome-api-v1, fabric-block-api-v1, fabric-block-view-api-v2, fabric-client-gametest-api-v1, fabric-command-api-v2, fabric-content-registries-v0, fabric-convention-tags-v1, fabric-convention-tags-v2, fabric-crash-report-info-v1, fabric-data-attachment-api-v1, fabric-data-generation-api-v1, fabric-dimensions-v1, fabric-entity-events-v1, fabric-events-interaction-v0, fabric-game-rule-api-v1, fabric-gametest-api-v1, fabric-item-api-v1, fabric-item-group-api-v1, fabric-key-binding-api-v1, fabric-lifecycle-events-v1, fabric-loot-api-v2, fabric-loot-api-v3, fabric-message-api-v1]
[22:00:56] [Render thread/DEBUG] (net.fabricmc.fabric.impl.resource.pack.ModPackResourcesUtil) [Fabric] cur @ vanilla, auto-enabled fabric-model-loading-api-v1, currently enabled: [vanilla, fabric-api, fabric-api-base, fabric-api-lookup-api-v1, fabric-biome-api-v1, fabric-block-api-v1, fabric-block-view-api-v2, fabric-client-gametest-api-v1, fabric-command-api-v2, fabric-content-registries-v0, fabric-convention-tags-v1, fabric-convention-tags-v2, fabric-crash-report-info-v1, fabric-data-attachment-api-v1, fabric-data-generation-api-v1, fabric-dimensions-v1, fabric-entity-events-v1, fabric-events-interaction-v0, fabric-game-rule-api-v1, fabric-gametest-api-v1, fabric-item-api-v1, fabric-item-group-api-v1, fabric-key-binding-api-v1, fabric-lifecycle-events-v1, fabric-loot-api-v2, fabric-loot-api-v3, fabric-message-api-v1, fabric-model-loading-api-v1]
[22:00:56] [Render thread/DEBUG] (net.fabricmc.fabric.impl.resource.pack.ModPackResourcesUtil) [Fabric] cur @ vanilla, auto-enabled fabric-networking-api-v1, currently enabled: [vanilla, fabric-api, fabric-api-base, fabric-api-lookup-api-v1, fabric-biome-api-v1, fabric-block-api-v1, fabric-block-view-api-v2, fabric-client-gametest-api-v1, fabric-command-api-v2, fabric-content-registries-v0, fabric-convention-tags-v1, fabric-convention-tags-v2, fabric-crash-report-info-v1, fabric-data-attachment-api-v1, fabric-data-generation-api-v1, fabric-dimensions-v1, fabric-entity-events-v1, fabric-events-interaction-v0, fabric-game-rule-api-v1, fabric-gametest-api-v1, fabric-item-api-v1, fabric-item-group-api-v1, fabric-key-binding-api-v1, fabric-lifecycle-events-v1, fabric-loot-api-v2, fabric-loot-api-v3, fabric-message-api-v1, fabric-model-loading-api-v1, fabric-networking-api-v1]
[22:00:56] [Render thread/DEBUG] (net.fabricmc.fabric.impl.resource.pack.ModPackResourcesUtil) [Fabric] cur @ vanilla, auto-enabled fabric-object-builder-api-v1, currently enabled: [vanilla, fabric-api, fabric-api-base, fabric-api-lookup-api-v1, fabric-biome-api-v1, fabric-block-api-v1, fabric-block-view-api-v2, fabric-client-gametest-api-v1, fabric-command-api-v2, fabric-content-registries-v0, fabric-convention-tags-v1, fabric-convention-tags-v2, fabric-crash-report-info-v1, fabric-data-attachment-api-v1, fabric-data-generation-api-v1, fabric-dimensions-v1, fabric-entity-events-v1, fabric-events-interaction-v0, fabric-game-rule-api-v1, fabric-gametest-api-v1, fabric-item-api-v1, fabric-item-group-api-v1, fabric-key-binding-api-v1, fabric-lifecycle-events-v1, fabric-loot-api-v2, fabric-loot-api-v3, fabric-message-api-v1, fabric-model-loading-api-v1, fabric-networking-api-v1, fabric-object-builder-api-v1]
[22:00:56] [Render thread/DEBUG] (net.fabricmc.fabric.impl.resource.pack.ModPackResourcesUtil) [Fabric] cur @ vanilla, auto-enabled fabric-particles-v1, currently enabled: [vanilla, fabric-api, fabric-api-base, fabric-api-lookup-api-v1, fabric-biome-api-v1, fabric-block-api-v1, fabric-block-view-api-v2, fabric-client-gametest-api-v1, fabric-command-api-v2, fabric-content-registries-v0, fabric-convention-tags-v1, fabric-convention-tags-v2, fabric-crash-report-info-v1, fabric-data-attachment-api-v1, fabric-data-generation-api-v1, fabric-dimensions-v1, fabric-entity-events-v1, fabric-events-interaction-v0, fabric-game-rule-api-v1, fabric-gametest-api-v1, fabric-item-api-v1, fabric-item-group-api-v1, fabric-key-binding-api-v1, fabric-lifecycle-events-v1, fabric-loot-api-v2, fabric-loot-api-v3, fabric-message-api-v1, fabric-model-loading-api-v1, fabric-networking-api-v1, fabric-object-builder-api-v1, fabric-particles-v1]
[22:00:56] [Render thread/DEBUG] (net.fabricmc.fabric.impl.resource.pack.ModPackResourcesUtil) [Fabric] cur @ vanilla, auto-enabled fabric-recipe-api-v1, currently enabled: [vanilla, fabric-api, fabric-api-base, fabric-api-lookup-api-v1, fabric-biome-api-v1, fabric-block-api-v1, fabric-block-view-api-v2, fabric-client-gametest-api-v1, fabric-command-api-v2, fabric-content-registries-v0, fabric-convention-tags-v1, fabric-convention-tags-v2, fabric-crash-report-info-v1, fabric-data-attachment-api-v1, fabric-data-generation-api-v1, fabric-dimensions-v1, fabric-entity-events-v1, fabric-events-interaction-v0, fabric-game-rule-api-v1, fabric-gametest-api-v1, fabric-item-api-v1, fabric-item-group-api-v1, fabric-key-binding-api-v1, fabric-lifecycle-events-v1, fabric-loot-api-v2, fabric-loot-api-v3, fabric-message-api-v1, fabric-model-loading-api-v1, fabric-networking-api-v1, fabric-object-builder-api-v1, fabric-particles-v1, fabric-recipe-api-v1]
[22:00:56] [Render thread/DEBUG] (net.fabricmc.fabric.impl.resource.pack.ModPackResourcesUtil) [Fabric] cur @ vanilla, auto-enabled fabric-registry-sync-v0, currently enabled: [vanilla, fabric-api, fabric-api-base, fabric-api-lookup-api-v1, fabric-biome-api-v1, fabric-block-api-v1, fabric-block-view-api-v2, fabric-client-gametest-api-v1, fabric-command-api-v2, fabric-content-registries-v0, fabric-convention-tags-v1, fabric-convention-tags-v2, fabric-crash-report-info-v1, fabric-data-attachment-api-v1, fabric-data-generation-api-v1, fabric-dimensions-v1, fabric-entity-events-v1, fabric-events-interaction-v0, fabric-game-rule-api-v1, fabric-gametest-api-v1, fabric-item-api-v1, fabric-item-group-api-v1, fabric-key-binding-api-v1, fabric-lifecycle-events-v1, fabric-loot-api-v2, fabric-loot-api-v3, fabric-message-api-v1, fabric-model-loading-api-v1, fabric-networking-api-v1, fabric-object-builder-api-v1, fabric-particles-v1, fabric-recipe-api-v1, fabric-registry-sync-v0]
[22:00:56] [Render thread/DEBUG] (net.fabricmc.fabric.impl.resource.pack.ModPackResourcesUtil) [Fabric] cur @ vanilla, auto-enabled fabric-renderer-api-v1, currently enabled: [vanilla, fabric-api, fabric-api-base, fabric-api-lookup-api-v1, fabric-biome-api-v1, fabric-block-api-v1, fabric-block-view-api-v2, fabric-client-gametest-api-v1, fabric-command-api-v2, fabric-content-registries-v0, fabric-convention-tags-v1, fabric-convention-tags-v2, fabric-crash-report-info-v1, fabric-data-attachment-api-v1, fabric-data-generation-api-v1, fabric-dimensions-v1, fabric-entity-events-v1, fabric-events-interaction-v0, fabric-game-rule-api-v1, fabric-gametest-api-v1, fabric-item-api-v1, fabric-item-group-api-v1, fabric-key-binding-api-v1, fabric-lifecycle-events-v1, fabric-loot-api-v2, fabric-loot-api-v3, fabric-message-api-v1, fabric-model-loading-api-v1, fabric-networking-api-v1, fabric-object-builder-api-v1, fabric-particles-v1, fabric-recipe-api-v1, fabric-registry-sync-v0, fabric-renderer-api-v1]
[22:00:56] [Render thread/DEBUG] (net.fabricmc.fabric.impl.resource.pack.ModPackResourcesUtil) [Fabric] cur @ vanilla, auto-enabled fabric-renderer-indigo, currently enabled: [vanilla, fabric-api, fabric-api-base, fabric-api-lookup-api-v1, fabric-biome-api-v1, fabric-block-api-v1, fabric-block-view-api-v2, fabric-client-gametest-api-v1, fabric-command-api-v2, fabric-content-registries-v0, fabric-convention-tags-v1, fabric-convention-tags-v2, fabric-crash-report-info-v1, fabric-data-attachment-api-v1, fabric-data-generation-api-v1, fabric-dimensions-v1, fabric-entity-events-v1, fabric-events-interaction-v0, fabric-game-rule-api-v1, fabric-gametest-api-v1, fabric-item-api-v1, fabric-item-group-api-v1, fabric-key-binding-api-v1, fabric-lifecycle-events-v1, fabric-loot-api-v2, fabric-loot-api-v3, fabric-message-api-v1, fabric-model-loading-api-v1, fabric-networking-api-v1, fabric-object-builder-api-v1, fabric-particles-v1, fabric-recipe-api-v1, fabric-registry-sync-v0, fabric-renderer-api-v1, fabric-renderer-indigo]
[22:00:56] [Render thread/DEBUG] (net.fabricmc.fabric.impl.resource.pack.ModPackResourcesUtil) [Fabric] cur @ vanilla, auto-enabled fabric-rendering-fluids-v1, currently enabled: [vanilla, fabric-api, fabric-api-base, fabric-api-lookup-api-v1, fabric-biome-api-v1, fabric-block-api-v1, fabric-block-view-api-v2, fabric-client-gametest-api-v1, fabric-command-api-v2, fabric-content-registries-v0, fabric-convention-tags-v1, fabric-convention-tags-v2, fabric-crash-report-info-v1, fabric-data-attachment-api-v1, fabric-data-generation-api-v1, fabric-dimensions-v1, fabric-entity-events-v1, fabric-events-interaction-v0, fabric-game-rule-api-v1, fabric-gametest-api-v1, fabric-item-api-v1, fabric-item-group-api-v1, fabric-key-binding-api-v1, fabric-lifecycle-events-v1, fabric-loot-api-v2, fabric-loot-api-v3, fabric-message-api-v1, fabric-model-loading-api-v1, fabric-networking-api-v1, fabric-object-builder-api-v1, fabric-particles-v1, fabric-recipe-api-v1, fabric-registry-sync-v0, fabric-renderer-api-v1, fabric-renderer-indigo, fabric-rendering-fluids-v1]
[22:00:56] [Render thread/DEBUG] (net.fabricmc.fabric.impl.resource.pack.ModPackResourcesUtil) [Fabric] cur @ vanilla, auto-enabled fabric-rendering-v1, currently enabled: [vanilla, fabric-api, fabric-api-base, fabric-api-lookup-api-v1, fabric-biome-api-v1, fabric-block-api-v1, fabric-block-view-api-v2, fabric-client-gametest-api-v1, fabric-command-api-v2, fabric-content-registries-v0, fabric-convention-tags-v1, fabric-convention-tags-v2, fabric-crash-report-info-v1, fabric-data-attachment-api-v1, fabric-data-generation-api-v1, fabric-dimensions-v1, fabric-entity-events-v1, fabric-events-interaction-v0, fabric-game-rule-api-v1, fabric-gametest-api-v1, fabric-item-api-v1, fabric-item-group-api-v1, fabric-key-binding-api-v1, fabric-lifecycle-events-v1, fabric-loot-api-v2, fabric-loot-api-v3, fabric-message-api-v1, fabric-model-loading-api-v1, fabric-networking-api-v1, fabric-object-builder-api-v1, fabric-particles-v1, fabric-recipe-api-v1, fabric-registry-sync-v0, fabric-renderer-api-v1, fabric-renderer-indigo, fabric-rendering-fluids-v1, fabric-rendering-v1]
[22:00:56] [Render thread/DEBUG] (net.fabricmc.fabric.impl.resource.pack.ModPackResourcesUtil) [Fabric] cur @ vanilla, auto-enabled fabric-resource-conditions-api-v1, currently enabled: [vanilla, fabric-api, fabric-api-base, fabric-api-lookup-api-v1, fabric-biome-api-v1, fabric-block-api-v1, fabric-block-view-api-v2, fabric-client-gametest-api-v1, fabric-command-api-v2, fabric-content-registries-v0, fabric-convention-tags-v1, fabric-convention-tags-v2, fabric-crash-report-info-v1, fabric-data-attachment-api-v1, fabric-data-generation-api-v1, fabric-dimensions-v1, fabric-entity-events-v1, fabric-events-interaction-v0, fabric-game-rule-api-v1, fabric-gametest-api-v1, fabric-item-api-v1, fabric-item-group-api-v1, fabric-key-binding-api-v1, fabric-lifecycle-events-v1, fabric-loot-api-v2, fabric-loot-api-v3, fabric-message-api-v1, fabric-model-loading-api-v1, fabric-networking-api-v1, fabric-object-builder-api-v1, fabric-particles-v1, fabric-recipe-api-v1, fabric-registry-sync-v0, fabric-renderer-api-v1, fabric-renderer-indigo, fabric-rendering-fluids-v1, fabric-rendering-v1, fabric-resource-conditions-api-v1]
[22:00:56] [Render thread/DEBUG] (net.fabricmc.fabric.impl.resource.pack.ModPackResourcesUtil) [Fabric] cur @ vanilla, auto-enabled fabric-resource-loader-v0, currently enabled: [vanilla, fabric-api, fabric-api-base, fabric-api-lookup-api-v1, fabric-biome-api-v1, fabric-block-api-v1, fabric-block-view-api-v2, fabric-client-gametest-api-v1, fabric-command-api-v2, fabric-content-registries-v0, fabric-convention-tags-v1, fabric-convention-tags-v2, fabric-crash-report-info-v1, fabric-data-attachment-api-v1, fabric-data-generation-api-v1, fabric-dimensions-v1, fabric-entity-events-v1, fabric-events-interaction-v0, fabric-game-rule-api-v1, fabric-gametest-api-v1, fabric-item-api-v1, fabric-item-group-api-v1, fabric-key-binding-api-v1, fabric-lifecycle-events-v1, fabric-loot-api-v2, fabric-loot-api-v3, fabric-message-api-v1, fabric-model-loading-api-v1, fabric-networking-api-v1, fabric-object-builder-api-v1, fabric-particles-v1, fabric-recipe-api-v1, fabric-registry-sync-v0, fabric-renderer-api-v1, fabric-renderer-indigo, fabric-rendering-fluids-v1, fabric-rendering-v1, fabric-resource-conditions-api-v1, fabric-resource-loader-v0]
[22:00:56] [Render thread/DEBUG] (net.fabricmc.fabric.impl.resource.pack.ModPackResourcesUtil) [Fabric] cur @ vanilla, auto-enabled fabric-resource-loader-v1, currently enabled: [vanilla, fabric-api, fabric-api-base, fabric-api-lookup-api-v1, fabric-biome-api-v1, fabric-block-api-v1, fabric-block-view-api-v2, fabric-client-gametest-api-v1, fabric-command-api-v2, fabric-content-registries-v0, fabric-convention-tags-v1, fabric-convention-tags-v2, fabric-crash-report-info-v1, fabric-data-attachment-api-v1, fabric-data-generation-api-v1, fabric-dimensions-v1, fabric-entity-events-v1, fabric-events-interaction-v0, fabric-game-rule-api-v1, fabric-gametest-api-v1, fabric-item-api-v1, fabric-item-group-api-v1, fabric-key-binding-api-v1, fabric-lifecycle-events-v1, fabric-loot-api-v2, fabric-loot-api-v3, fabric-message-api-v1, fabric-model-loading-api-v1, fabric-networking-api-v1, fabric-object-builder-api-v1, fabric-particles-v1, fabric-recipe-api-v1, fabric-registry-sync-v0, fabric-renderer-api-v1, fabric-renderer-indigo, fabric-rendering-fluids-v1, fabric-rendering-v1, fabric-resource-conditions-api-v1, fabric-resource-loader-v0, fabric-resource-loader-v1]
[22:00:56] [Render thread/DEBUG] (net.fabricmc.fabric.impl.resource.pack.ModPackResourcesUtil) [Fabric] cur @ vanilla, auto-enabled fabric-screen-api-v1, currently enabled: [vanilla, fabric-api, fabric-api-base, fabric-api-lookup-api-v1, fabric-biome-api-v1, fabric-block-api-v1, fabric-block-view-api-v2, fabric-client-gametest-api-v1, fabric-command-api-v2, fabric-content-registries-v0, fabric-convention-tags-v1, fabric-convention-tags-v2, fabric-crash-report-info-v1, fabric-data-attachment-api-v1, fabric-data-generation-api-v1, fabric-dimensions-v1, fabric-entity-events-v1, fabric-events-interaction-v0, fabric-game-rule-api-v1, fabric-gametest-api-v1, fabric-item-api-v1, fabric-item-group-api-v1, fabric-key-binding-api-v1, fabric-lifecycle-events-v1, fabric-loot-api-v2, fabric-loot-api-v3, fabric-message-api-v1, fabric-model-loading-api-v1, fabric-networking-api-v1, fabric-object-builder-api-v1, fabric-particles-v1, fabric-recipe-api-v1, fabric-registry-sync-v0, fabric-renderer-api-v1, fabric-renderer-indigo, fabric-rendering-fluids-v1, fabric-rendering-v1, fabric-resource-conditions-api-v1, fabric-resource-loader-v0, fabric-resource-loader-v1, fabric-screen-api-v1]
[22:00:56] [Render thread/DEBUG] (net.fabricmc.fabric.impl.resource.pack.ModPackResourcesUtil) [Fabric] cur @ vanilla, auto-enabled fabric-screen-handler-api-v1, currently enabled: [vanilla, fabric-api, fabric-api-base, fabric-api-lookup-api-v1, fabric-biome-api-v1, fabric-block-api-v1, fabric-block-view-api-v2, fabric-client-gametest-api-v1, fabric-command-api-v2, fabric-content-registries-v0, fabric-convention-tags-v1, fabric-convention-tags-v2, fabric-crash-report-info-v1, fabric-data-attachment-api-v1, fabric-data-generation-api-v1, fabric-dimensions-v1, fabric-entity-events-v1, fabric-events-interaction-v0, fabric-game-rule-api-v1, fabric-gametest-api-v1, fabric-item-api-v1, fabric-item-group-api-v1, fabric-key-binding-api-v1, fabric-lifecycle-events-v1, fabric-loot-api-v2, fabric-loot-api-v3, fabric-message-api-v1, fabric-model-loading-api-v1, fabric-networking-api-v1, fabric-object-builder-api-v1, fabric-particles-v1, fabric-recipe-api-v1, fabric-registry-sync-v0, fabric-renderer-api-v1, fabric-renderer-indigo, fabric-rendering-fluids-v1, fabric-rendering-v1, fabric-resource-conditions-api-v1, fabric-resource-loader-v0, fabric-resource-loader-v1, fabric-screen-api-v1, fabric-screen-handler-api-v1]
[22:00:56] [Render thread/DEBUG] (net.fabricmc.fabric.impl.resource.pack.ModPackResourcesUtil) [Fabric] cur @ vanilla, auto-enabled fabric-serialization-api-v1, currently enabled: [vanilla, fabric-api, fabric-api-base, fabric-api-lookup-api-v1, fabric-biome-api-v1, fabric-block-api-v1, fabric-block-view-api-v2, fabric-client-gametest-api-v1, fabric-command-api-v2, fabric-content-registries-v0, fabric-convention-tags-v1, fabric-convention-tags-v2, fabric-crash-report-info-v1, fabric-data-attachment-api-v1, fabric-data-generation-api-v1, fabric-dimensions-v1, fabric-entity-events-v1, fabric-events-interaction-v0, fabric-game-rule-api-v1, fabric-gametest-api-v1, fabric-item-api-v1, fabric-item-group-api-v1, fabric-key-binding-api-v1, fabric-lifecycle-events-v1, fabric-loot-api-v2, fabric-loot-api-v3, fabric-message-api-v1, fabric-model-loading-api-v1, fabric-networking-api-v1, fabric-object-builder-api-v1, fabric-particles-v1, fabric-recipe-api-v1, fabric-registry-sync-v0, fabric-renderer-api-v1, fabric-renderer-indigo, fabric-rendering-fluids-v1, fabric-rendering-v1, fabric-resource-conditions-api-v1, fabric-resource-loader-v0, fabric-resource-loader-v1, fabric-screen-api-v1, fabric-screen-handler-api-v1, fabric-serialization-api-v1]
[22:00:56] [Render thread/DEBUG] (net.fabricmc.fabric.impl.resource.pack.ModPackResourcesUtil) [Fabric] cur @ vanilla, auto-enabled fabric-sound-api-v1, currently enabled: [vanilla, fabric-api, fabric-api-base, fabric-api-lookup-api-v1, fabric-biome-api-v1, fabric-block-api-v1, fabric-block-view-api-v2, fabric-client-gametest-api-v1, fabric-command-api-v2, fabric-content-registries-v0, fabric-convention-tags-v1, fabric-convention-tags-v2, fabric-crash-report-info-v1, fabric-data-attachment-api-v1, fabric-data-generation-api-v1, fabric-dimensions-v1, fabric-entity-events-v1, fabric-events-interaction-v0, fabric-game-rule-api-v1, fabric-gametest-api-v1, fabric-item-api-v1, fabric-item-group-api-v1, fabric-key-binding-api-v1, fabric-lifecycle-events-v1, fabric-loot-api-v2, fabric-loot-api-v3, fabric-message-api-v1, fabric-model-loading-api-v1, fabric-networking-api-v1, fabric-object-builder-api-v1, fabric-particles-v1, fabric-recipe-api-v1, fabric-registry-sync-v0, fabric-renderer-api-v1, fabric-renderer-indigo, fabric-rendering-fluids-v1, fabric-rendering-v1, fabric-resource-conditions-api-v1, fabric-resource-loader-v0, fabric-resource-loader-v1, fabric-screen-api-v1, fabric-screen-handler-api-v1, fabric-serialization-api-v1, fabric-sound-api-v1]
[22:00:56] [Render thread/DEBUG] (net.fabricmc.fabric.impl.resource.pack.ModPackResourcesUtil) [Fabric] cur @ vanilla, auto-enabled fabric-tag-api-v1, currently enabled: [vanilla, fabric-api, fabric-api-base, fabric-api-lookup-api-v1, fabric-biome-api-v1, fabric-block-api-v1, fabric-block-view-api-v2, fabric-client-gametest-api-v1, fabric-command-api-v2, fabric-content-registries-v0, fabric-convention-tags-v1, fabric-convention-tags-v2, fabric-crash-report-info-v1, fabric-data-attachment-api-v1, fabric-data-generation-api-v1, fabric-dimensions-v1, fabric-entity-events-v1, fabric-events-interaction-v0, fabric-game-rule-api-v1, fabric-gametest-api-v1, fabric-item-api-v1, fabric-item-group-api-v1, fabric-key-binding-api-v1, fabric-lifecycle-events-v1, fabric-loot-api-v2, fabric-loot-api-v3, fabric-message-api-v1, fabric-model-loading-api-v1, fabric-networking-api-v1, fabric-object-builder-api-v1, fabric-particles-v1, fabric-recipe-api-v1, fabric-registry-sync-v0, fabric-renderer-api-v1, fabric-renderer-indigo, fabric-rendering-fluids-v1, fabric-rendering-v1, fabric-resource-conditions-api-v1, fabric-resource-loader-v0, fabric-resource-loader-v1, fabric-screen-api-v1, fabric-screen-handler-api-v1, fabric-serialization-api-v1, fabric-sound-api-v1, fabric-tag-api-v1]
[22:00:56] [Render thread/DEBUG] (net.fabricmc.fabric.impl.resource.pack.ModPackResourcesUtil) [Fabric] cur @ vanilla, auto-enabled fabric-transfer-api-v1, currently enabled: [vanilla, fabric-api, fabric-api-base, fabric-api-lookup-api-v1, fabric-biome-api-v1, fabric-block-api-v1, fabric-block-view-api-v2, fabric-client-gametest-api-v1, fabric-command-api-v2, fabric-content-registries-v0, fabric-convention-tags-v1, fabric-convention-tags-v2, fabric-crash-report-info-v1, fabric-data-attachment-api-v1, fabric-data-generation-api-v1, fabric-dimensions-v1, fabric-entity-events-v1, fabric-events-interaction-v0, fabric-game-rule-api-v1, fabric-gametest-api-v1, fabric-item-api-v1, fabric-item-group-api-v1, fabric-key-binding-api-v1, fabric-lifecycle-events-v1, fabric-loot-api-v2, fabric-loot-api-v3, fabric-message-api-v1, fabric-model-loading-api-v1, fabric-networking-api-v1, fabric-object-builder-api-v1, fabric-particles-v1, fabric-recipe-api-v1, fabric-registry-sync-v0, fabric-renderer-api-v1, fabric-renderer-indigo, fabric-rendering-fluids-v1, fabric-rendering-v1, fabric-resource-conditions-api-v1, fabric-resource-loader-v0, fabric-resource-loader-v1, fabric-screen-api-v1, fabric-screen-handler-api-v1, fabric-serialization-api-v1, fabric-sound-api-v1, fabric-tag-api-v1, fabric-transfer-api-v1]
[22:00:56] [Render thread/DEBUG] (net.fabricmc.fabric.impl.resource.pack.ModPackResourcesUtil) [Fabric] cur @ vanilla, auto-enabled fabric-transitive-access-wideners-v1, currently enabled: [vanilla, fabric-api, fabric-api-base, fabric-api-lookup-api-v1, fabric-biome-api-v1, fabric-block-api-v1, fabric-block-view-api-v2, fabric-client-gametest-api-v1, fabric-command-api-v2, fabric-content-registries-v0, fabric-convention-tags-v1, fabric-convention-tags-v2, fabric-crash-report-info-v1, fabric-data-attachment-api-v1, fabric-data-generation-api-v1, fabric-dimensions-v1, fabric-entity-events-v1, fabric-events-interaction-v0, fabric-game-rule-api-v1, fabric-gametest-api-v1, fabric-item-api-v1, fabric-item-group-api-v1, fabric-key-binding-api-v1, fabric-lifecycle-events-v1, fabric-loot-api-v2, fabric-loot-api-v3, fabric-message-api-v1, fabric-model-loading-api-v1, fabric-networking-api-v1, fabric-object-builder-api-v1, fabric-particles-v1, fabric-recipe-api-v1, fabric-registry-sync-v0, fabric-renderer-api-v1, fabric-renderer-indigo, fabric-rendering-fluids-v1, fabric-rendering-v1, fabric-resource-conditions-api-v1, fabric-resource-loader-v0, fabric-resource-loader-v1, fabric-screen-api-v1, fabric-screen-handler-api-v1, fabric-serialization-api-v1, fabric-sound-api-v1, fabric-tag-api-v1, fabric-transfer-api-v1, fabric-transitive-access-wideners-v1]
[22:00:56] [Render thread/DEBUG] (net.fabricmc.fabric.impl.resource.pack.ModPackResourcesUtil) [Fabric] cur @ vanilla, auto-enabled fabricloader, currently enabled: [vanilla, fabric-api, fabric-api-base, fabric-api-lookup-api-v1, fabric-biome-api-v1, fabric-block-api-v1, fabric-block-view-api-v2, fabric-client-gametest-api-v1, fabric-command-api-v2, fabric-content-registries-v0, fabric-convention-tags-v1, fabric-convention-tags-v2, fabric-crash-report-info-v1, fabric-data-attachment-api-v1, fabric-data-generation-api-v1, fabric-dimensions-v1, fabric-entity-events-v1, fabric-events-interaction-v0, fabric-game-rule-api-v1, fabric-gametest-api-v1, fabric-item-api-v1, fabric-item-group-api-v1, fabric-key-binding-api-v1, fabric-lifecycle-events-v1, fabric-loot-api-v2, fabric-loot-api-v3, fabric-message-api-v1, fabric-model-loading-api-v1, fabric-networking-api-v1, fabric-object-builder-api-v1, fabric-particles-v1, fabric-recipe-api-v1, fabric-registry-sync-v0, fabric-renderer-api-v1, fabric-renderer-indigo, fabric-rendering-fluids-v1, fabric-rendering-v1, fabric-resource-conditions-api-v1, fabric-resource-loader-v0, fabric-resource-loader-v1, fabric-screen-api-v1, fabric-screen-handler-api-v1, fabric-serialization-api-v1, fabric-sound-api-v1, fabric-tag-api-v1, fabric-transfer-api-v1, fabric-transitive-access-wideners-v1, fabricloader]
[22:00:56] [Render thread/DEBUG] (net.fabricmc.fabric.impl.resource.pack.ModPackResourcesUtil) [Fabric] cur @ vanilla, auto-enabled modmenu, currently enabled: [vanilla, fabric-api, fabric-api-base, fabric-api-lookup-api-v1, fabric-biome-api-v1, fabric-block-api-v1, fabric-block-view-api-v2, fabric-client-gametest-api-v1, fabric-command-api-v2, fabric-content-registries-v0, fabric-convention-tags-v1, fabric-convention-tags-v2, fabric-crash-report-info-v1, fabric-data-attachment-api-v1, fabric-data-generation-api-v1, fabric-dimensions-v1, fabric-entity-events-v1, fabric-events-interaction-v0, fabric-game-rule-api-v1, fabric-gametest-api-v1, fabric-item-api-v1, fabric-item-group-api-v1, fabric-key-binding-api-v1, fabric-lifecycle-events-v1, fabric-loot-api-v2, fabric-loot-api-v3, fabric-message-api-v1, fabric-model-loading-api-v1, fabric-networking-api-v1, fabric-object-builder-api-v1, fabric-particles-v1, fabric-recipe-api-v1, fabric-registry-sync-v0, fabric-renderer-api-v1, fabric-renderer-indigo, fabric-rendering-fluids-v1, fabric-rendering-v1, fabric-resource-conditions-api-v1, fabric-resource-loader-v0, fabric-resource-loader-v1, fabric-screen-api-v1, fabric-screen-handler-api-v1, fabric-serialization-api-v1, fabric-sound-api-v1, fabric-tag-api-v1, fabric-transfer-api-v1, fabric-transitive-access-wideners-v1, fabricloader, modmenu]
[22:00:56] [Render thread/DEBUG] (net.fabricmc.fabric.impl.resource.pack.ModPackResourcesUtil) [Fabric] Final sorting result: [vanilla, fabric-api, fabric-api-base, fabric-api-lookup-api-v1, fabric-biome-api-v1, fabric-block-api-v1, fabric-block-view-api-v2, fabric-client-gametest-api-v1, fabric-command-api-v2, fabric-content-registries-v0, fabric-convention-tags-v1, fabric-convention-tags-v2, fabric-crash-report-info-v1, fabric-data-attachment-api-v1, fabric-data-generation-api-v1, fabric-dimensions-v1, fabric-entity-events-v1, fabric-events-interaction-v0, fabric-game-rule-api-v1, fabric-gametest-api-v1, fabric-item-api-v1, fabric-item-group-api-v1, fabric-key-binding-api-v1, fabric-lifecycle-events-v1, fabric-loot-api-v2, fabric-loot-api-v3, fabric-message-api-v1, fabric-model-loading-api-v1, fabric-networking-api-v1, fabric-object-builder-api-v1, fabric-particles-v1, fabric-recipe-api-v1, fabric-registry-sync-v0, fabric-renderer-api-v1, fabric-renderer-indigo, fabric-rendering-fluids-v1, fabric-rendering-v1, fabric-resource-conditions-api-v1, fabric-resource-loader-v0, fabric-resource-loader-v1, fabric-screen-api-v1, fabric-screen-handler-api-v1, fabric-serialization-api-v1, fabric-sound-api-v1, fabric-tag-api-v1, fabric-transfer-api-v1, fabric-transitive-access-wideners-v1, fabricloader, modmenu]
[22:00:56] [Render thread/DEBUG] (net.fabricmc.fabric.impl.resource.pack.ModPackResourcesUtil) [Fabric] Starting internal pack sorting with: [vanilla, fabric-api, fabric-api-base, fabric-api-lookup-api-v1, fabric-biome-api-v1, fabric-block-api-v1, fabric-block-view-api-v2, fabric-client-gametest-api-v1, fabric-command-api-v2, fabric-content-registries-v0, fabric-convention-tags-v1, fabric-convention-tags-v2, fabric-crash-report-info-v1, fabric-data-attachment-api-v1, fabric-data-generation-api-v1, fabric-dimensions-v1, fabric-entity-events-v1, fabric-events-interaction-v0, fabric-game-rule-api-v1, fabric-gametest-api-v1, fabric-item-api-v1, fabric-item-group-api-v1, fabric-item-group-api-v1_programmer_art, fabric-key-binding-api-v1, fabric-lifecycle-events-v1, fabric-loot-api-v2, fabric-loot-api-v3, fabric-message-api-v1, fabric-model-loading-api-v1, fabric-networking-api-v1, fabric-object-builder-api-v1, fabric-particles-v1, fabric-recipe-api-v1, fabric-registry-sync-v0, fabric-renderer-api-v1, fabric-renderer-indigo, fabric-rendering-fluids-v1, fabric-rendering-v1, fabric-resource-conditions-api-v1, fabric-resource-loader-v0, fabric-resource-loader-v1, fabric-screen-api-v1, fabric-screen-handler-api-v1, fabric-serialization-api-v1, fabric-sound-api-v1, fabric-tag-api-v1, fabric-transfer-api-v1, fabric-transitive-access-wideners-v1, fabricloader, modmenu, modmenu_high_contrast, modmenu_programmer_art]
[22:00:56] [Render thread/DEBUG] (net.fabricmc.fabric.impl.resource.pack.ModPackResourcesUtil) [Fabric] Removed all internal packs, result: [vanilla]
[22:00:56] [Render thread/DEBUG] (net.fabricmc.fabric.impl.resource.pack.ModPackResourcesUtil) [Fabric] cur @ vanilla, auto-enabled fabric-api, currently enabled: [vanilla, fabric-api]
[22:00:56] [Render thread/DEBUG] (net.fabricmc.fabric.impl.resource.pack.ModPackResourcesUtil) [Fabric] cur @ vanilla, auto-enabled fabric-api-base, currently enabled: [vanilla, fabric-api, fabric-api-base]
[22:00:56] [Render thread/DEBUG] (net.fabricmc.fabric.impl.resource.pack.ModPackResourcesUtil) [Fabric] cur @ vanilla, auto-enabled fabric-api-lookup-api-v1, currently enabled: [vanilla, fabric-api, fabric-api-base, fabric-api-lookup-api-v1]
[22:00:56] [Render thread/DEBUG] (net.fabricmc.fabric.impl.resource.pack.ModPackResourcesUtil) [Fabric] cur @ vanilla, auto-enabled fabric-biome-api-v1, currently enabled: [vanilla, fabric-api, fabric-api-base, fabric-api-lookup-api-v1, fabric-biome-api-v1]
[22:00:56] [Render thread/DEBUG] (net.fabricmc.fabric.impl.resource.pack.ModPackResourcesUtil) [Fabric] cur @ vanilla, auto-enabled fabric-block-api-v1, currently enabled: [vanilla, fabric-api, fabric-api-base, fabric-api-lookup-api-v1, fabric-biome-api-v1, fabric-block-api-v1]
[22:00:56] [Render thread/DEBUG] (net.fabricmc.fabric.impl.resource.pack.ModPackResourcesUtil) [Fabric] cur @ vanilla, auto-enabled fabric-block-view-api-v2, currently enabled: [vanilla, fabric-api, fabric-api-base, fabric-api-lookup-api-v1, fabric-biome-api-v1, fabric-block-api-v1, fabric-block-view-api-v2]
[22:00:56] [Render thread/DEBUG] (net.fabricmc.fabric.impl.resource.pack.ModPackResourcesUtil) [Fabric] cur @ vanilla, auto-enabled fabric-client-gametest-api-v1, currently enabled: [vanilla, fabric-api, fabric-api-base, fabric-api-lookup-api-v1, fabric-biome-api-v1, fabric-block-api-v1, fabric-block-view-api-v2, fabric-client-gametest-api-v1]
[22:00:56] [Render thread/DEBUG] (net.fabricmc.fabric.impl.resource.pack.ModPackResourcesUtil) [Fabric] cur @ vanilla, auto-enabled fabric-command-api-v2, currently enabled: [vanilla, fabric-api, fabric-api-base, fabric-api-lookup-api-v1, fabric-biome-api-v1, fabric-block-api-v1, fabric-block-view-api-v2, fabric-client-gametest-api-v1, fabric-command-api-v2]
[22:00:56] [Render thread/DEBUG] (net.fabricmc.fabric.impl.resource.pack.ModPackResourcesUtil) [Fabric] cur @ vanilla, auto-enabled fabric-content-registries-v0, currently enabled: [vanilla, fabric-api, fabric-api-base, fabric-api-lookup-api-v1, fabric-biome-api-v1, fabric-block-api-v1, fabric-block-view-api-v2, fabric-client-gametest-api-v1, fabric-command-api-v2, fabric-content-registries-v0]
[22:00:56] [Render thread/DEBUG] (net.fabricmc.fabric.impl.resource.pack.ModPackResourcesUtil) [Fabric] cur @ vanilla, auto-enabled fabric-convention-tags-v1, currently enabled: [vanilla, fabric-api, fabric-api-base, fabric-api-lookup-api-v1, fabric-biome-api-v1, fabric-block-api-v1, fabric-block-view-api-v2, fabric-client-gametest-api-v1, fabric-command-api-v2, fabric-content-registries-v0, fabric-convention-tags-v1]
[22:00:56] [Render thread/DEBUG] (net.fabricmc.fabric.impl.resource.pack.ModPackResourcesUtil) [Fabric] cur @ vanilla, auto-enabled fabric-convention-tags-v2, currently enabled: [vanilla, fabric-api, fabric-api-base, fabric-api-lookup-api-v1, fabric-biome-api-v1, fabric-block-api-v1, fabric-block-view-api-v2, fabric-client-gametest-api-v1, fabric-command-api-v2, fabric-content-registries-v0, fabric-convention-tags-v1, fabric-convention-tags-v2]
[22:00:56] [Render thread/DEBUG] (net.fabricmc.fabric.impl.resource.pack.ModPackResourcesUtil) [Fabric] cur @ vanilla, auto-enabled fabric-crash-report-info-v1, currently enabled: [vanilla, fabric-api, fabric-api-base, fabric-api-lookup-api-v1, fabric-biome-api-v1, fabric-block-api-v1, fabric-block-view-api-v2, fabric-client-gametest-api-v1, fabric-command-api-v2, fabric-content-registries-v0, fabric-convention-tags-v1, fabric-convention-tags-v2, fabric-crash-report-info-v1]
[22:00:56] [Render thread/DEBUG] (net.fabricmc.fabric.impl.resource.pack.ModPackResourcesUtil) [Fabric] cur @ vanilla, auto-enabled fabric-data-attachment-api-v1, currently enabled: [vanilla, fabric-api, fabric-api-base, fabric-api-lookup-api-v1, fabric-biome-api-v1, fabric-block-api-v1, fabric-block-view-api-v2, fabric-client-gametest-api-v1, fabric-command-api-v2, fabric-content-registries-v0, fabric-convention-tags-v1, fabric-convention-tags-v2, fabric-crash-report-info-v1, fabric-data-attachment-api-v1]
[22:00:56] [Render thread/DEBUG] (net.fabricmc.fabric.impl.resource.pack.ModPackResourcesUtil) [Fabric] cur @ vanilla, auto-enabled fabric-data-generation-api-v1, currently enabled: [vanilla, fabric-api, fabric-api-base, fabric-api-lookup-api-v1, fabric-biome-api-v1, fabric-block-api-v1, fabric-block-view-api-v2, fabric-client-gametest-api-v1, fabric-command-api-v2, fabric-content-registries-v0, fabric-convention-tags-v1, fabric-convention-tags-v2, fabric-crash-report-info-v1, fabric-data-attachment-api-v1, fabric-data-generation-api-v1]
[22:00:56] [Render thread/DEBUG] (net.fabricmc.fabric.impl.resource.pack.ModPackResourcesUtil) [Fabric] cur @ vanilla, auto-enabled fabric-dimensions-v1, currently enabled: [vanilla, fabric-api, fabric-api-base, fabric-api-lookup-api-v1, fabric-biome-api-v1, fabric-block-api-v1, fabric-block-view-api-v2, fabric-client-gametest-api-v1, fabric-command-api-v2, fabric-content-registries-v0, fabric-convention-tags-v1, fabric-convention-tags-v2, fabric-crash-report-info-v1, fabric-data-attachment-api-v1, fabric-data-generation-api-v1, fabric-dimensions-v1]
[22:00:56] [Render thread/DEBUG] (net.fabricmc.fabric.impl.resource.pack.ModPackResourcesUtil) [Fabric] cur @ vanilla, auto-enabled fabric-entity-events-v1, currently enabled: [vanilla, fabric-api, fabric-api-base, fabric-api-lookup-api-v1, fabric-biome-api-v1, fabric-block-api-v1, fabric-block-view-api-v2, fabric-client-gametest-api-v1, fabric-command-api-v2, fabric-content-registries-v0, fabric-convention-tags-v1, fabric-convention-tags-v2, fabric-crash-report-info-v1, fabric-data-attachment-api-v1, fabric-data-generation-api-v1, fabric-dimensions-v1, fabric-entity-events-v1]
[22:00:56] [Render thread/DEBUG] (net.fabricmc.fabric.impl.resource.pack.ModPackResourcesUtil) [Fabric] cur @ vanilla, auto-enabled fabric-events-interaction-v0, currently enabled: [vanilla, fabric-api, fabric-api-base, fabric-api-lookup-api-v1, fabric-biome-api-v1, fabric-block-api-v1, fabric-block-view-api-v2, fabric-client-gametest-api-v1, fabric-command-api-v2, fabric-content-registries-v0, fabric-convention-tags-v1, fabric-convention-tags-v2, fabric-crash-report-info-v1, fabric-data-attachment-api-v1, fabric-data-generation-api-v1, fabric-dimensions-v1, fabric-entity-events-v1, fabric-events-interaction-v0]
[22:00:56] [Render thread/DEBUG] (net.fabricmc.fabric.impl.resource.pack.ModPackResourcesUtil) [Fabric] cur @ vanilla, auto-enabled fabric-game-rule-api-v1, currently enabled: [vanilla, fabric-api, fabric-api-base, fabric-api-lookup-api-v1, fabric-biome-api-v1, fabric-block-api-v1, fabric-block-view-api-v2, fabric-client-gametest-api-v1, fabric-command-api-v2, fabric-content-registries-v0, fabric-convention-tags-v1, fabric-convention-tags-v2, fabric-crash-report-info-v1, fabric-data-attachment-api-v1, fabric-data-generation-api-v1, fabric-dimensions-v1, fabric-entity-events-v1, fabric-events-interaction-v0, fabric-game-rule-api-v1]
[22:00:56] [Render thread/DEBUG] (net.fabricmc.fabric.impl.resource.pack.ModPackResourcesUtil) [Fabric] cur @ vanilla, auto-enabled fabric-gametest-api-v1, currently enabled: [vanilla, fabric-api, fabric-api-base, fabric-api-lookup-api-v1, fabric-biome-api-v1, fabric-block-api-v1, fabric-block-view-api-v2, fabric-client-gametest-api-v1, fabric-command-api-v2, fabric-content-registries-v0, fabric-convention-tags-v1, fabric-convention-tags-v2, fabric-crash-report-info-v1, fabric-data-attachment-api-v1, fabric-data-generation-api-v1, fabric-dimensions-v1, fabric-entity-events-v1, fabric-events-interaction-v0, fabric-game-rule-api-v1, fabric-gametest-api-v1]
[22:00:56] [Render thread/DEBUG] (net.fabricmc.fabric.impl.resource.pack.ModPackResourcesUtil) [Fabric] cur @ vanilla, auto-enabled fabric-item-api-v1, currently enabled: [vanilla, fabric-api, fabric-api-base, fabric-api-lookup-api-v1, fabric-biome-api-v1, fabric-block-api-v1, fabric-block-view-api-v2, fabric-client-gametest-api-v1, fabric-command-api-v2, fabric-content-registries-v0, fabric-convention-tags-v1, fabric-convention-tags-v2, fabric-crash-report-info-v1, fabric-data-attachment-api-v1, fabric-data-generation-api-v1, fabric-dimensions-v1, fabric-entity-events-v1, fabric-events-interaction-v0, fabric-game-rule-api-v1, fabric-gametest-api-v1, fabric-item-api-v1]
[22:00:56] [Render thread/DEBUG] (net.fabricmc.fabric.impl.resource.pack.ModPackResourcesUtil) [Fabric] cur @ vanilla, auto-enabled fabric-item-group-api-v1, currently enabled: [vanilla, fabric-api, fabric-api-base, fabric-api-lookup-api-v1, fabric-biome-api-v1, fabric-block-api-v1, fabric-block-view-api-v2, fabric-client-gametest-api-v1, fabric-command-api-v2, fabric-content-registries-v0, fabric-convention-tags-v1, fabric-convention-tags-v2, fabric-crash-report-info-v1, fabric-data-attachment-api-v1, fabric-data-generation-api-v1, fabric-dimensions-v1, fabric-entity-events-v1, fabric-events-interaction-v0, fabric-game-rule-api-v1, fabric-gametest-api-v1, fabric-item-api-v1, fabric-item-group-api-v1]
[22:00:56] [Render thread/DEBUG] (net.fabricmc.fabric.impl.resource.pack.ModPackResourcesUtil) [Fabric] cur @ vanilla, auto-enabled fabric-key-binding-api-v1, currently enabled: [vanilla, fabric-api, fabric-api-base, fabric-api-lookup-api-v1, fabric-biome-api-v1, fabric-block-api-v1, fabric-block-view-api-v2, fabric-client-gametest-api-v1, fabric-command-api-v2, fabric-content-registries-v0, fabric-convention-tags-v1, fabric-convention-tags-v2, fabric-crash-report-info-v1, fabric-data-attachment-api-v1, fabric-data-generation-api-v1, fabric-dimensions-v1, fabric-entity-events-v1, fabric-events-interaction-v0, fabric-game-rule-api-v1, fabric-gametest-api-v1, fabric-item-api-v1, fabric-item-group-api-v1, fabric-key-binding-api-v1]
[22:00:56] [Render thread/DEBUG] (net.fabricmc.fabric.impl.resource.pack.ModPackResourcesUtil) [Fabric] cur @ vanilla, auto-enabled fabric-lifecycle-events-v1, currently enabled: [vanilla, fabric-api, fabric-api-base, fabric-api-lookup-api-v1, fabric-biome-api-v1, fabric-block-api-v1, fabric-block-view-api-v2, fabric-client-gametest-api-v1, fabric-command-api-v2, fabric-content-registries-v0, fabric-convention-tags-v1, fabric-convention-tags-v2, fabric-crash-report-info-v1, fabric-data-attachment-api-v1, fabric-data-generation-api-v1, fabric-dimensions-v1, fabric-entity-events-v1, fabric-events-interaction-v0, fabric-game-rule-api-v1, fabric-gametest-api-v1, fabric-item-api-v1, fabric-item-group-api-v1, fabric-key-binding-api-v1, fabric-lifecycle-events-v1]
[22:00:56] [Render thread/DEBUG] (net.fabricmc.fabric.impl.resource.pack.ModPackResourcesUtil) [Fabric] cur @ vanilla, auto-enabled fabric-loot-api-v2, currently enabled: [vanilla, fabric-api, fabric-api-base, fabric-api-lookup-api-v1, fabric-biome-api-v1, fabric-block-api-v1, fabric-block-view-api-v2, fabric-client-gametest-api-v1, fabric-command-api-v2, fabric-content-registries-v0, fabric-convention-tags-v1, fabric-convention-tags-v2, fabric-crash-report-info-v1, fabric-data-attachment-api-v1, fabric-data-generation-api-v1, fabric-dimensions-v1, fabric-entity-events-v1, fabric-events-interaction-v0, fabric-game-rule-api-v1, fabric-gametest-api-v1, fabric-item-api-v1, fabric-item-group-api-v1, fabric-key-binding-api-v1, fabric-lifecycle-events-v1, fabric-loot-api-v2]
[22:00:56] [Render thread/DEBUG] (net.fabricmc.fabric.impl.resource.pack.ModPackResourcesUtil) [Fabric] cur @ vanilla, auto-enabled fabric-loot-api-v3, currently enabled: [vanilla, fabric-api, fabric-api-base, fabric-api-lookup-api-v1, fabric-biome-api-v1, fabric-block-api-v1, fabric-block-view-api-v2, fabric-client-gametest-api-v1, fabric-command-api-v2, fabric-content-registries-v0, fabric-convention-tags-v1, fabric-convention-tags-v2, fabric-crash-report-info-v1, fabric-data-attachment-api-v1, fabric-data-generation-api-v1, fabric-dimensions-v1, fabric-entity-events-v1, fabric-events-interaction-v0, fabric-game-rule-api-v1, fabric-gametest-api-v1, fabric-item-api-v1, fabric-item-group-api-v1, fabric-key-binding-api-v1, fabric-lifecycle-events-v1, fabric-loot-api-v2, fabric-loot-api-v3]
[22:00:56] [Render thread/DEBUG] (net.fabricmc.fabric.impl.resource.pack.ModPackResourcesUtil) [Fabric] cur @ vanilla, auto-enabled fabric-message-api-v1, currently enabled: [vanilla, fabric-api, fabric-api-base, fabric-api-lookup-api-v1, fabric-biome-api-v1, fabric-block-api-v1, fabric-block-view-api-v2, fabric-client-gametest-api-v1, fabric-command-api-v2, fabric-content-registries-v0, fabric-convention-tags-v1, fabric-convention-tags-v2, fabric-crash-report-info-v1, fabric-data-attachment-api-v1, fabric-data-generation-api-v1, fabric-dimensions-v1, fabric-entity-events-v1, fabric-events-interaction-v0, fabric-game-rule-api-v1, fabric-gametest-api-v1, fabric-item-api-v1, fabric-item-group-api-v1, fabric-key-binding-api-v1, fabric-lifecycle-events-v1, fabric-loot-api-v2, fabric-loot-api-v3, fabric-message-api-v1]
[22:00:56] [Render thread/DEBUG] (net.fabricmc.fabric.impl.resource.pack.ModPackResourcesUtil) [Fabric] cur @ vanilla, auto-enabled fabric-model-loading-api-v1, currently enabled: [vanilla, fabric-api, fabric-api-base, fabric-api-lookup-api-v1, fabric-biome-api-v1, fabric-block-api-v1, fabric-block-view-api-v2, fabric-client-gametest-api-v1, fabric-command-api-v2, fabric-content-registries-v0, fabric-convention-tags-v1, fabric-convention-tags-v2, fabric-crash-report-info-v1, fabric-data-attachment-api-v1, fabric-data-generation-api-v1, fabric-dimensions-v1, fabric-entity-events-v1, fabric-events-interaction-v0, fabric-game-rule-api-v1, fabric-gametest-api-v1, fabric-item-api-v1, fabric-item-group-api-v1, fabric-key-binding-api-v1, fabric-lifecycle-events-v1, fabric-loot-api-v2, fabric-loot-api-v3, fabric-message-api-v1, fabric-model-loading-api-v1]
[22:00:56] [Render thread/DEBUG] (net.fabricmc.fabric.impl.resource.pack.ModPackResourcesUtil) [Fabric] cur @ vanilla, auto-enabled fabric-networking-api-v1, currently enabled: [vanilla, fabric-api, fabric-api-base, fabric-api-lookup-api-v1, fabric-biome-api-v1, fabric-block-api-v1, fabric-block-view-api-v2, fabric-client-gametest-api-v1, fabric-command-api-v2, fabric-content-registries-v0, fabric-convention-tags-v1, fabric-convention-tags-v2, fabric-crash-report-info-v1, fabric-data-attachment-api-v1, fabric-data-generation-api-v1, fabric-dimensions-v1, fabric-entity-events-v1, fabric-events-interaction-v0, fabric-game-rule-api-v1, fabric-gametest-api-v1, fabric-item-api-v1, fabric-item-group-api-v1, fabric-key-binding-api-v1, fabric-lifecycle-events-v1, fabric-loot-api-v2, fabric-loot-api-v3, fabric-message-api-v1, fabric-model-loading-api-v1, fabric-networking-api-v1]
[22:00:56] [Render thread/DEBUG] (net.fabricmc.fabric.impl.resource.pack.ModPackResourcesUtil) [Fabric] cur @ vanilla, auto-enabled fabric-object-builder-api-v1, currently enabled: [vanilla, fabric-api, fabric-api-base, fabric-api-lookup-api-v1, fabric-biome-api-v1, fabric-block-api-v1, fabric-block-view-api-v2, fabric-client-gametest-api-v1, fabric-command-api-v2, fabric-content-registries-v0, fabric-convention-tags-v1, fabric-convention-tags-v2, fabric-crash-report-info-v1, fabric-data-attachment-api-v1, fabric-data-generation-api-v1, fabric-dimensions-v1, fabric-entity-events-v1, fabric-events-interaction-v0, fabric-game-rule-api-v1, fabric-gametest-api-v1, fabric-item-api-v1, fabric-item-group-api-v1, fabric-key-binding-api-v1, fabric-lifecycle-events-v1, fabric-loot-api-v2, fabric-loot-api-v3, fabric-message-api-v1, fabric-model-loading-api-v1, fabric-networking-api-v1, fabric-object-builder-api-v1]
[22:00:56] [Render thread/DEBUG] (net.fabricmc.fabric.impl.resource.pack.ModPackResourcesUtil) [Fabric] cur @ vanilla, auto-enabled fabric-particles-v1, currently enabled: [vanilla, fabric-api, fabric-api-base, fabric-api-lookup-api-v1, fabric-biome-api-v1, fabric-block-api-v1, fabric-block-view-api-v2, fabric-client-gametest-api-v1, fabric-command-api-v2, fabric-content-registries-v0, fabric-convention-tags-v1, fabric-convention-tags-v2, fabric-crash-report-info-v1, fabric-data-attachment-api-v1, fabric-data-generation-api-v1, fabric-dimensions-v1, fabric-entity-events-v1, fabric-events-interaction-v0, fabric-game-rule-api-v1, fabric-gametest-api-v1, fabric-item-api-v1, fabric-item-group-api-v1, fabric-key-binding-api-v1, fabric-lifecycle-events-v1, fabric-loot-api-v2, fabric-loot-api-v3, fabric-message-api-v1, fabric-model-loading-api-v1, fabric-networking-api-v1, fabric-object-builder-api-v1, fabric-particles-v1]
[22:00:56] [Render thread/DEBUG] (net.fabricmc.fabric.impl.resource.pack.ModPackResourcesUtil) [Fabric] cur @ vanilla, auto-enabled fabric-recipe-api-v1, currently enabled: [vanilla, fabric-api, fabric-api-base, fabric-api-lookup-api-v1, fabric-biome-api-v1, fabric-block-api-v1, fabric-block-view-api-v2, fabric-client-gametest-api-v1, fabric-command-api-v2, fabric-content-registries-v0, fabric-convention-tags-v1, fabric-convention-tags-v2, fabric-crash-report-info-v1, fabric-data-attachment-api-v1, fabric-data-generation-api-v1, fabric-dimensions-v1, fabric-entity-events-v1, fabric-events-interaction-v0, fabric-game-rule-api-v1, fabric-gametest-api-v1, fabric-item-api-v1, fabric-item-group-api-v1, fabric-key-binding-api-v1, fabric-lifecycle-events-v1, fabric-loot-api-v2, fabric-loot-api-v3, fabric-message-api-v1, fabric-model-loading-api-v1, fabric-networking-api-v1, fabric-object-builder-api-v1, fabric-particles-v1, fabric-recipe-api-v1]
[22:00:56] [Render thread/DEBUG] (net.fabricmc.fabric.impl.resource.pack.ModPackResourcesUtil) [Fabric] cur @ vanilla, auto-enabled fabric-registry-sync-v0, currently enabled: [vanilla, fabric-api, fabric-api-base, fabric-api-lookup-api-v1, fabric-biome-api-v1, fabric-block-api-v1, fabric-block-view-api-v2, fabric-client-gametest-api-v1, fabric-command-api-v2, fabric-content-registries-v0, fabric-convention-tags-v1, fabric-convention-tags-v2, fabric-crash-report-info-v1, fabric-data-attachment-api-v1, fabric-data-generation-api-v1, fabric-dimensions-v1, fabric-entity-events-v1, fabric-events-interaction-v0, fabric-game-rule-api-v1, fabric-gametest-api-v1, fabric-item-api-v1, fabric-item-group-api-v1, fabric-key-binding-api-v1, fabric-lifecycle-events-v1, fabric-loot-api-v2, fabric-loot-api-v3, fabric-message-api-v1, fabric-model-loading-api-v1, fabric-networking-api-v1, fabric-object-builder-api-v1, fabric-particles-v1, fabric-recipe-api-v1, fabric-registry-sync-v0]
[22:00:56] [Render thread/DEBUG] (net.fabricmc.fabric.impl.resource.pack.ModPackResourcesUtil) [Fabric] cur @ vanilla, auto-enabled fabric-renderer-api-v1, currently enabled: [vanilla, fabric-api, fabric-api-base, fabric-api-lookup-api-v1, fabric-biome-api-v1, fabric-block-api-v1, fabric-block-view-api-v2, fabric-client-gametest-api-v1, fabric-command-api-v2, fabric-content-registries-v0, fabric-convention-tags-v1, fabric-convention-tags-v2, fabric-crash-report-info-v1, fabric-data-attachment-api-v1, fabric-data-generation-api-v1, fabric-dimensions-v1, fabric-entity-events-v1, fabric-events-interaction-v0, fabric-game-rule-api-v1, fabric-gametest-api-v1, fabric-item-api-v1, fabric-item-group-api-v1, fabric-key-binding-api-v1, fabric-lifecycle-events-v1, fabric-loot-api-v2, fabric-loot-api-v3, fabric-message-api-v1, fabric-model-loading-api-v1, fabric-networking-api-v1, fabric-object-builder-api-v1, fabric-particles-v1, fabric-recipe-api-v1, fabric-registry-sync-v0, fabric-renderer-api-v1]
[22:00:56] [Render thread/DEBUG] (net.fabricmc.fabric.impl.resource.pack.ModPackResourcesUtil) [Fabric] cur @ vanilla, auto-enabled fabric-renderer-indigo, currently enabled: [vanilla, fabric-api, fabric-api-base, fabric-api-lookup-api-v1, fabric-biome-api-v1, fabric-block-api-v1, fabric-block-view-api-v2, fabric-client-gametest-api-v1, fabric-command-api-v2, fabric-content-registries-v0, fabric-convention-tags-v1, fabric-convention-tags-v2, fabric-crash-report-info-v1, fabric-data-attachment-api-v1, fabric-data-generation-api-v1, fabric-dimensions-v1, fabric-entity-events-v1, fabric-events-interaction-v0, fabric-game-rule-api-v1, fabric-gametest-api-v1, fabric-item-api-v1, fabric-item-group-api-v1, fabric-key-binding-api-v1, fabric-lifecycle-events-v1, fabric-loot-api-v2, fabric-loot-api-v3, fabric-message-api-v1, fabric-model-loading-api-v1, fabric-networking-api-v1, fabric-object-builder-api-v1, fabric-particles-v1, fabric-recipe-api-v1, fabric-registry-sync-v0, fabric-renderer-api-v1, fabric-renderer-indigo]
[22:00:56] [Render thread/DEBUG] (net.fabricmc.fabric.impl.resource.pack.ModPackResourcesUtil) [Fabric] cur @ vanilla, auto-enabled fabric-rendering-fluids-v1, currently enabled: [vanilla, fabric-api, fabric-api-base, fabric-api-lookup-api-v1, fabric-biome-api-v1, fabric-block-api-v1, fabric-block-view-api-v2, fabric-client-gametest-api-v1, fabric-command-api-v2, fabric-content-registries-v0, fabric-convention-tags-v1, fabric-convention-tags-v2, fabric-crash-report-info-v1, fabric-data-attachment-api-v1, fabric-data-generation-api-v1, fabric-dimensions-v1, fabric-entity-events-v1, fabric-events-interaction-v0, fabric-game-rule-api-v1, fabric-gametest-api-v1, fabric-item-api-v1, fabric-item-group-api-v1, fabric-key-binding-api-v1, fabric-lifecycle-events-v1, fabric-loot-api-v2, fabric-loot-api-v3, fabric-message-api-v1, fabric-model-loading-api-v1, fabric-networking-api-v1, fabric-object-builder-api-v1, fabric-particles-v1, fabric-recipe-api-v1, fabric-registry-sync-v0, fabric-renderer-api-v1, fabric-renderer-indigo, fabric-rendering-fluids-v1]
[22:00:56] [Render thread/DEBUG] (net.fabricmc.fabric.impl.resource.pack.ModPackResourcesUtil) [Fabric] cur @ vanilla, auto-enabled fabric-rendering-v1, currently enabled: [vanilla, fabric-api, fabric-api-base, fabric-api-lookup-api-v1, fabric-biome-api-v1, fabric-block-api-v1, fabric-block-view-api-v2, fabric-client-gametest-api-v1, fabric-command-api-v2, fabric-content-registries-v0, fabric-convention-tags-v1, fabric-convention-tags-v2, fabric-crash-report-info-v1, fabric-data-attachment-api-v1, fabric-data-generation-api-v1, fabric-dimensions-v1, fabric-entity-events-v1, fabric-events-interaction-v0, fabric-game-rule-api-v1, fabric-gametest-api-v1, fabric-item-api-v1, fabric-item-group-api-v1, fabric-key-binding-api-v1, fabric-lifecycle-events-v1, fabric-loot-api-v2, fabric-loot-api-v3, fabric-message-api-v1, fabric-model-loading-api-v1, fabric-networking-api-v1, fabric-object-builder-api-v1, fabric-particles-v1, fabric-recipe-api-v1, fabric-registry-sync-v0, fabric-renderer-api-v1, fabric-renderer-indigo, fabric-rendering-fluids-v1, fabric-rendering-v1]
[22:00:56] [Render thread/DEBUG] (net.fabricmc.fabric.impl.resource.pack.ModPackResourcesUtil) [Fabric] cur @ vanilla, auto-enabled fabric-resource-conditions-api-v1, currently enabled: [vanilla, fabric-api, fabric-api-base, fabric-api-lookup-api-v1, fabric-biome-api-v1, fabric-block-api-v1, fabric-block-view-api-v2, fabric-client-gametest-api-v1, fabric-command-api-v2, fabric-content-registries-v0, fabric-convention-tags-v1, fabric-convention-tags-v2, fabric-crash-report-info-v1, fabric-data-attachment-api-v1, fabric-data-generation-api-v1, fabric-dimensions-v1, fabric-entity-events-v1, fabric-events-interaction-v0, fabric-game-rule-api-v1, fabric-gametest-api-v1, fabric-item-api-v1, fabric-item-group-api-v1, fabric-key-binding-api-v1, fabric-lifecycle-events-v1, fabric-loot-api-v2, fabric-loot-api-v3, fabric-message-api-v1, fabric-model-loading-api-v1, fabric-networking-api-v1, fabric-object-builder-api-v1, fabric-particles-v1, fabric-recipe-api-v1, fabric-registry-sync-v0, fabric-renderer-api-v1, fabric-renderer-indigo, fabric-rendering-fluids-v1, fabric-rendering-v1, fabric-resource-conditions-api-v1]
[22:00:56] [Render thread/DEBUG] (net.fabricmc.fabric.impl.resource.pack.ModPackResourcesUtil) [Fabric] cur @ vanilla, auto-enabled fabric-resource-loader-v0, currently enabled: [vanilla, fabric-api, fabric-api-base, fabric-api-lookup-api-v1, fabric-biome-api-v1, fabric-block-api-v1, fabric-block-view-api-v2, fabric-client-gametest-api-v1, fabric-command-api-v2, fabric-content-registries-v0, fabric-convention-tags-v1, fabric-convention-tags-v2, fabric-crash-report-info-v1, fabric-data-attachment-api-v1, fabric-data-generation-api-v1, fabric-dimensions-v1, fabric-entity-events-v1, fabric-events-interaction-v0, fabric-game-rule-api-v1, fabric-gametest-api-v1, fabric-item-api-v1, fabric-item-group-api-v1, fabric-key-binding-api-v1, fabric-lifecycle-events-v1, fabric-loot-api-v2, fabric-loot-api-v3, fabric-message-api-v1, fabric-model-loading-api-v1, fabric-networking-api-v1, fabric-object-builder-api-v1, fabric-particles-v1, fabric-recipe-api-v1, fabric-registry-sync-v0, fabric-renderer-api-v1, fabric-renderer-indigo, fabric-rendering-fluids-v1, fabric-rendering-v1, fabric-resource-conditions-api-v1, fabric-resource-loader-v0]
[22:00:56] [Render thread/DEBUG] (net.fabricmc.fabric.impl.resource.pack.ModPackResourcesUtil) [Fabric] cur @ vanilla, auto-enabled fabric-resource-loader-v1, currently enabled: [vanilla, fabric-api, fabric-api-base, fabric-api-lookup-api-v1, fabric-biome-api-v1, fabric-block-api-v1, fabric-block-view-api-v2, fabric-client-gametest-api-v1, fabric-command-api-v2, fabric-content-registries-v0, fabric-convention-tags-v1, fabric-convention-tags-v2, fabric-crash-report-info-v1, fabric-data-attachment-api-v1, fabric-data-generation-api-v1, fabric-dimensions-v1, fabric-entity-events-v1, fabric-events-interaction-v0, fabric-game-rule-api-v1, fabric-gametest-api-v1, fabric-item-api-v1, fabric-item-group-api-v1, fabric-key-binding-api-v1, fabric-lifecycle-events-v1, fabric-loot-api-v2, fabric-loot-api-v3, fabric-message-api-v1, fabric-model-loading-api-v1, fabric-networking-api-v1, fabric-object-builder-api-v1, fabric-particles-v1, fabric-recipe-api-v1, fabric-registry-sync-v0, fabric-renderer-api-v1, fabric-renderer-indigo, fabric-rendering-fluids-v1, fabric-rendering-v1, fabric-resource-conditions-api-v1, fabric-resource-loader-v0, fabric-resource-loader-v1]
[22:00:56] [Render thread/DEBUG] (net.fabricmc.fabric.impl.resource.pack.ModPackResourcesUtil) [Fabric] cur @ vanilla, auto-enabled fabric-screen-api-v1, currently enabled: [vanilla, fabric-api, fabric-api-base, fabric-api-lookup-api-v1, fabric-biome-api-v1, fabric-block-api-v1, fabric-block-view-api-v2, fabric-client-gametest-api-v1, fabric-command-api-v2, fabric-content-registries-v0, fabric-convention-tags-v1, fabric-convention-tags-v2, fabric-crash-report-info-v1, fabric-data-attachment-api-v1, fabric-data-generation-api-v1, fabric-dimensions-v1, fabric-entity-events-v1, fabric-events-interaction-v0, fabric-game-rule-api-v1, fabric-gametest-api-v1, fabric-item-api-v1, fabric-item-group-api-v1, fabric-key-binding-api-v1, fabric-lifecycle-events-v1, fabric-loot-api-v2, fabric-loot-api-v3, fabric-message-api-v1, fabric-model-loading-api-v1, fabric-networking-api-v1, fabric-object-builder-api-v1, fabric-particles-v1, fabric-recipe-api-v1, fabric-registry-sync-v0, fabric-renderer-api-v1, fabric-renderer-indigo, fabric-rendering-fluids-v1, fabric-rendering-v1, fabric-resource-conditions-api-v1, fabric-resource-loader-v0, fabric-resource-loader-v1, fabric-screen-api-v1]
[22:00:56] [Render thread/DEBUG] (net.fabricmc.fabric.impl.resource.pack.ModPackResourcesUtil) [Fabric] cur @ vanilla, auto-enabled fabric-screen-handler-api-v1, currently enabled: [vanilla, fabric-api, fabric-api-base, fabric-api-lookup-api-v1, fabric-biome-api-v1, fabric-block-api-v1, fabric-block-view-api-v2, fabric-client-gametest-api-v1, fabric-command-api-v2, fabric-content-registries-v0, fabric-convention-tags-v1, fabric-convention-tags-v2, fabric-crash-report-info-v1, fabric-data-attachment-api-v1, fabric-data-generation-api-v1, fabric-dimensions-v1, fabric-entity-events-v1, fabric-events-interaction-v0, fabric-game-rule-api-v1, fabric-gametest-api-v1, fabric-item-api-v1, fabric-item-group-api-v1, fabric-key-binding-api-v1, fabric-lifecycle-events-v1, fabric-loot-api-v2, fabric-loot-api-v3, fabric-message-api-v1, fabric-model-loading-api-v1, fabric-networking-api-v1, fabric-object-builder-api-v1, fabric-particles-v1, fabric-recipe-api-v1, fabric-registry-sync-v0, fabric-renderer-api-v1, fabric-renderer-indigo, fabric-rendering-fluids-v1, fabric-rendering-v1, fabric-resource-conditions-api-v1, fabric-resource-loader-v0, fabric-resource-loader-v1, fabric-screen-api-v1, fabric-screen-handler-api-v1]
[22:00:56] [Render thread/DEBUG] (net.fabricmc.fabric.impl.resource.pack.ModPackResourcesUtil) [Fabric] cur @ vanilla, auto-enabled fabric-serialization-api-v1, currently enabled: [vanilla, fabric-api, fabric-api-base, fabric-api-lookup-api-v1, fabric-biome-api-v1, fabric-block-api-v1, fabric-block-view-api-v2, fabric-client-gametest-api-v1, fabric-command-api-v2, fabric-content-registries-v0, fabric-convention-tags-v1, fabric-convention-tags-v2, fabric-crash-report-info-v1, fabric-data-attachment-api-v1, fabric-data-generation-api-v1, fabric-dimensions-v1, fabric-entity-events-v1, fabric-events-interaction-v0, fabric-game-rule-api-v1, fabric-gametest-api-v1, fabric-item-api-v1, fabric-item-group-api-v1, fabric-key-binding-api-v1, fabric-lifecycle-events-v1, fabric-loot-api-v2, fabric-loot-api-v3, fabric-message-api-v1, fabric-model-loading-api-v1, fabric-networking-api-v1, fabric-object-builder-api-v1, fabric-particles-v1, fabric-recipe-api-v1, fabric-registry-sync-v0, fabric-renderer-api-v1, fabric-renderer-indigo, fabric-rendering-fluids-v1, fabric-rendering-v1, fabric-resource-conditions-api-v1, fabric-resource-loader-v0, fabric-resource-loader-v1, fabric-screen-api-v1, fabric-screen-handler-api-v1, fabric-serialization-api-v1]
[22:00:56] [Render thread/DEBUG] (net.fabricmc.fabric.impl.resource.pack.ModPackResourcesUtil) [Fabric] cur @ vanilla, auto-enabled fabric-sound-api-v1, currently enabled: [vanilla, fabric-api, fabric-api-base, fabric-api-lookup-api-v1, fabric-biome-api-v1, fabric-block-api-v1, fabric-block-view-api-v2, fabric-client-gametest-api-v1, fabric-command-api-v2, fabric-content-registries-v0, fabric-convention-tags-v1, fabric-convention-tags-v2, fabric-crash-report-info-v1, fabric-data-attachment-api-v1, fabric-data-generation-api-v1, fabric-dimensions-v1, fabric-entity-events-v1, fabric-events-interaction-v0, fabric-game-rule-api-v1, fabric-gametest-api-v1, fabric-item-api-v1, fabric-item-group-api-v1, fabric-key-binding-api-v1, fabric-lifecycle-events-v1, fabric-loot-api-v2, fabric-loot-api-v3, fabric-message-api-v1, fabric-model-loading-api-v1, fabric-networking-api-v1, fabric-object-builder-api-v1, fabric-particles-v1, fabric-recipe-api-v1, fabric-registry-sync-v0, fabric-renderer-api-v1, fabric-renderer-indigo, fabric-rendering-fluids-v1, fabric-rendering-v1, fabric-resource-conditions-api-v1, fabric-resource-loader-v0, fabric-resource-loader-v1, fabric-screen-api-v1, fabric-screen-handler-api-v1, fabric-serialization-api-v1, fabric-sound-api-v1]
[22:00:56] [Render thread/DEBUG] (net.fabricmc.fabric.impl.resource.pack.ModPackResourcesUtil) [Fabric] cur @ vanilla, auto-enabled fabric-tag-api-v1, currently enabled: [vanilla, fabric-api, fabric-api-base, fabric-api-lookup-api-v1, fabric-biome-api-v1, fabric-block-api-v1, fabric-block-view-api-v2, fabric-client-gametest-api-v1, fabric-command-api-v2, fabric-content-registries-v0, fabric-convention-tags-v1, fabric-convention-tags-v2, fabric-crash-report-info-v1, fabric-data-attachment-api-v1, fabric-data-generation-api-v1, fabric-dimensions-v1, fabric-entity-events-v1, fabric-events-interaction-v0, fabric-game-rule-api-v1, fabric-gametest-api-v1, fabric-item-api-v1, fabric-item-group-api-v1, fabric-key-binding-api-v1, fabric-lifecycle-events-v1, fabric-loot-api-v2, fabric-loot-api-v3, fabric-message-api-v1, fabric-model-loading-api-v1, fabric-networking-api-v1, fabric-object-builder-api-v1, fabric-particles-v1, fabric-recipe-api-v1, fabric-registry-sync-v0, fabric-renderer-api-v1, fabric-renderer-indigo, fabric-rendering-fluids-v1, fabric-rendering-v1, fabric-resource-conditions-api-v1, fabric-resource-loader-v0, fabric-resource-loader-v1, fabric-screen-api-v1, fabric-screen-handler-api-v1, fabric-serialization-api-v1, fabric-sound-api-v1, fabric-tag-api-v1]
[22:00:56] [Render thread/DEBUG] (net.fabricmc.fabric.impl.resource.pack.ModPackResourcesUtil) [Fabric] cur @ vanilla, auto-enabled fabric-transfer-api-v1, currently enabled: [vanilla, fabric-api, fabric-api-base, fabric-api-lookup-api-v1, fabric-biome-api-v1, fabric-block-api-v1, fabric-block-view-api-v2, fabric-client-gametest-api-v1, fabric-command-api-v2, fabric-content-registries-v0, fabric-convention-tags-v1, fabric-convention-tags-v2, fabric-crash-report-info-v1, fabric-data-attachment-api-v1, fabric-data-generation-api-v1, fabric-dimensions-v1, fabric-entity-events-v1, fabric-events-interaction-v0, fabric-game-rule-api-v1, fabric-gametest-api-v1, fabric-item-api-v1, fabric-item-group-api-v1, fabric-key-binding-api-v1, fabric-lifecycle-events-v1, fabric-loot-api-v2, fabric-loot-api-v3, fabric-message-api-v1, fabric-model-loading-api-v1, fabric-networking-api-v1, fabric-object-builder-api-v1, fabric-particles-v1, fabric-recipe-api-v1, fabric-registry-sync-v0, fabric-renderer-api-v1, fabric-renderer-indigo, fabric-rendering-fluids-v1, fabric-rendering-v1, fabric-resource-conditions-api-v1, fabric-resource-loader-v0, fabric-resource-loader-v1, fabric-screen-api-v1, fabric-screen-handler-api-v1, fabric-serialization-api-v1, fabric-sound-api-v1, fabric-tag-api-v1, fabric-transfer-api-v1]
[22:00:56] [Render thread/DEBUG] (net.fabricmc.fabric.impl.resource.pack.ModPackResourcesUtil) [Fabric] cur @ vanilla, auto-enabled fabric-transitive-access-wideners-v1, currently enabled: [vanilla, fabric-api, fabric-api-base, fabric-api-lookup-api-v1, fabric-biome-api-v1, fabric-block-api-v1, fabric-block-view-api-v2, fabric-client-gametest-api-v1, fabric-command-api-v2, fabric-content-registries-v0, fabric-convention-tags-v1, fabric-convention-tags-v2, fabric-crash-report-info-v1, fabric-data-attachment-api-v1, fabric-data-generation-api-v1, fabric-dimensions-v1, fabric-entity-events-v1, fabric-events-interaction-v0, fabric-game-rule-api-v1, fabric-gametest-api-v1, fabric-item-api-v1, fabric-item-group-api-v1, fabric-key-binding-api-v1, fabric-lifecycle-events-v1, fabric-loot-api-v2, fabric-loot-api-v3, fabric-message-api-v1, fabric-model-loading-api-v1, fabric-networking-api-v1, fabric-object-builder-api-v1, fabric-particles-v1, fabric-recipe-api-v1, fabric-registry-sync-v0, fabric-renderer-api-v1, fabric-renderer-indigo, fabric-rendering-fluids-v1, fabric-rendering-v1, fabric-resource-conditions-api-v1, fabric-resource-loader-v0, fabric-resource-loader-v1, fabric-screen-api-v1, fabric-screen-handler-api-v1, fabric-serialization-api-v1, fabric-sound-api-v1, fabric-tag-api-v1, fabric-transfer-api-v1, fabric-transitive-access-wideners-v1]
[22:00:56] [Render thread/DEBUG] (net.fabricmc.fabric.impl.resource.pack.ModPackResourcesUtil) [Fabric] cur @ vanilla, auto-enabled fabricloader, currently enabled: [vanilla, fabric-api, fabric-api-base, fabric-api-lookup-api-v1, fabric-biome-api-v1, fabric-block-api-v1, fabric-block-view-api-v2, fabric-client-gametest-api-v1, fabric-command-api-v2, fabric-content-registries-v0, fabric-convention-tags-v1, fabric-convention-tags-v2, fabric-crash-report-info-v1, fabric-data-attachment-api-v1, fabric-data-generation-api-v1, fabric-dimensions-v1, fabric-entity-events-v1, fabric-events-interaction-v0, fabric-game-rule-api-v1, fabric-gametest-api-v1, fabric-item-api-v1, fabric-item-group-api-v1, fabric-key-binding-api-v1, fabric-lifecycle-events-v1, fabric-loot-api-v2, fabric-loot-api-v3, fabric-message-api-v1, fabric-model-loading-api-v1, fabric-networking-api-v1, fabric-object-builder-api-v1, fabric-particles-v1, fabric-recipe-api-v1, fabric-registry-sync-v0, fabric-renderer-api-v1, fabric-renderer-indigo, fabric-rendering-fluids-v1, fabric-rendering-v1, fabric-resource-conditions-api-v1, fabric-resource-loader-v0, fabric-resource-loader-v1, fabric-screen-api-v1, fabric-screen-handler-api-v1, fabric-serialization-api-v1, fabric-sound-api-v1, fabric-tag-api-v1, fabric-transfer-api-v1, fabric-transitive-access-wideners-v1, fabricloader]
[22:00:56] [Render thread/DEBUG] (net.fabricmc.fabric.impl.resource.pack.ModPackResourcesUtil) [Fabric] cur @ vanilla, auto-enabled modmenu, currently enabled: [vanilla, fabric-api, fabric-api-base, fabric-api-lookup-api-v1, fabric-biome-api-v1, fabric-block-api-v1, fabric-block-view-api-v2, fabric-client-gametest-api-v1, fabric-command-api-v2, fabric-content-registries-v0, fabric-convention-tags-v1, fabric-convention-tags-v2, fabric-crash-report-info-v1, fabric-data-attachment-api-v1, fabric-data-generation-api-v1, fabric-dimensions-v1, fabric-entity-events-v1, fabric-events-interaction-v0, fabric-game-rule-api-v1, fabric-gametest-api-v1, fabric-item-api-v1, fabric-item-group-api-v1, fabric-key-binding-api-v1, fabric-lifecycle-events-v1, fabric-loot-api-v2, fabric-loot-api-v3, fabric-message-api-v1, fabric-model-loading-api-v1, fabric-networking-api-v1, fabric-object-builder-api-v1, fabric-particles-v1, fabric-recipe-api-v1, fabric-registry-sync-v0, fabric-renderer-api-v1, fabric-renderer-indigo, fabric-rendering-fluids-v1, fabric-rendering-v1, fabric-resource-conditions-api-v1, fabric-resource-loader-v0, fabric-resource-loader-v1, fabric-screen-api-v1, fabric-screen-handler-api-v1, fabric-serialization-api-v1, fabric-sound-api-v1, fabric-tag-api-v1, fabric-transfer-api-v1, fabric-transitive-access-wideners-v1, fabricloader, modmenu]
[22:00:56] [Render thread/DEBUG] (net.fabricmc.fabric.impl.resource.pack.ModPackResourcesUtil) [Fabric] Final sorting result: [vanilla, fabric-api, fabric-api-base, fabric-api-lookup-api-v1, fabric-biome-api-v1, fabric-block-api-v1, fabric-block-view-api-v2, fabric-client-gametest-api-v1, fabric-command-api-v2, fabric-content-registries-v0, fabric-convention-tags-v1, fabric-convention-tags-v2, fabric-crash-report-info-v1, fabric-data-attachment-api-v1, fabric-data-generation-api-v1, fabric-dimensions-v1, fabric-entity-events-v1, fabric-events-interaction-v0, fabric-game-rule-api-v1, fabric-gametest-api-v1, fabric-item-api-v1, fabric-item-group-api-v1, fabric-key-binding-api-v1, fabric-lifecycle-events-v1, fabric-loot-api-v2, fabric-loot-api-v3, fabric-message-api-v1, fabric-model-loading-api-v1, fabric-networking-api-v1, fabric-object-builder-api-v1, fabric-particles-v1, fabric-recipe-api-v1, fabric-registry-sync-v0, fabric-renderer-api-v1, fabric-renderer-indigo, fabric-rendering-fluids-v1, fabric-rendering-v1, fabric-resource-conditions-api-v1, fabric-resource-loader-v0, fabric-resource-loader-v1, fabric-screen-api-v1, fabric-screen-handler-api-v1, fabric-serialization-api-v1, fabric-sound-api-v1, fabric-tag-api-v1, fabric-transfer-api-v1, fabric-transitive-access-wideners-v1, fabricloader, modmenu]
[22:00:56] [Render thread/DEBUG] (FabricLoader/Mixin) Mixing KeyedClientResourceReloadListenerMixin from fabric-resource-loader-v1.client.mixins.json into net.minecraft.client.resource.language.LanguageManager
[22:00:56] [Render thread/DEBUG] (FabricLoader/Mixin) Mixing KeyedClientResourceReloadListenerMixin from fabric-resource-loader-v1.client.mixins.json into net.minecraft.client.texture.TextureManager
[22:00:56] [Render thread/DEBUG] (FabricLoader/Mixin) Mixing KeyedClientResourceReloadListenerMixin from fabric-resource-loader-v1.client.mixins.json into net.minecraft.client.gl.ShaderLoader
[22:00:56] [Render thread/DEBUG] (FabricLoader/Mixin) Mixing KeyedClientResourceReloadListenerMixin from fabric-resource-loader-v1.client.mixins.json into net.minecraft.client.sound.SoundManager
[22:00:56] [Render thread/DEBUG] (FabricLoader/Mixin) Mixing SoundEngineMixin from fabric-sound-api-v1.mixins.json into net.minecraft.client.sound.SoundSystem
[22:00:56] [Render thread/DEBUG] (FabricLoader/Mixin) Mixing KeyedClientResourceReloadListenerMixin from fabric-resource-loader-v1.client.mixins.json into net.minecraft.client.resource.SplashTextResourceSupplier
[22:00:56] [Render thread/DEBUG] (FabricLoader/Mixin) Mixing KeyedClientResourceReloadListenerMixin from fabric-resource-loader-v1.client.mixins.json into net.minecraft.client.texture.AtlasManager
[22:00:56] [Render thread/DEBUG] (FabricLoader/Mixin) Mixing KeyedClientResourceReloadListenerMixin from fabric-resource-loader-v1.client.mixins.json into net.minecraft.client.font.FontManager
[22:00:56] [Render thread/DEBUG] (FabricLoader/Mixin) Mixing KeyedClientResourceReloadListenerMixin from fabric-resource-loader-v1.client.mixins.json into net.minecraft.client.resource.GrassColormapResourceSupplier
[22:00:56] [Render thread/DEBUG] (FabricLoader/Mixin) Mixing KeyedClientResourceReloadListenerMixin from fabric-resource-loader-v1.client.mixins.json into net.minecraft.client.resource.FoliageColormapResourceSupplier
[22:00:56] [Render thread/DEBUG] (FabricLoader/Mixin) Mixing KeyedClientResourceReloadListenerMixin from fabric-resource-loader-v1.client.mixins.json into net.minecraft.client.resource.DryFoliageColormapResourceSupplier
[22:00:56] [Render thread/DEBUG] (FabricLoader/Mixin) Mixing BlockColorsMixin from fabric-rendering-v1.mixins.json into net.minecraft.client.color.block.BlockColors
[22:00:56] [Render thread/DEBUG] (FabricLoader/Mixin) Mixing BlockColorsMixin from fabric-registry-sync-v0.client.mixins.json into net.minecraft.client.color.block.BlockColors
[22:00:56] [Render thread/DEBUG] (FabricLoader/Mixin) fabric-rendering-v1.mixins.json:BlockColorsMixin from mod fabric-rendering-v1->@Inject::create(Lorg/spongepowered/asm/mixin/injection/callback/CallbackInfoReturnable;)V does use it's CallbackInfoReturnable
[22:00:56] [Render thread/DEBUG] (FabricLoader/Mixin) fabric-registry-sync-v0.client.mixins.json:BlockColorsMixin from mod fabric-registry-sync-v0->@Inject::create(Lorg/spongepowered/asm/mixin/injection/callback/CallbackInfo;)V doesn't use it's CallbackInfo
[22:00:56] [Render thread/DEBUG] (FabricLoader/Mixin) fabric-registry-sync-v0.client.mixins.json:BlockColorsMixin from mod fabric-registry-sync-v0->@Inject::create(Lorg/spongepowered/asm/mixin/injection/callback/CallbackInfo;)V has 0 override(s) in child classes
[22:00:56] [Render thread/DEBUG] (FabricLoader/Mixin) fabric-registry-sync-v0.client.mixins.json:BlockColorsMixin from mod fabric-registry-sync-v0->@Inject::create(Lorg/spongepowered/asm/mixin/injection/callback/CallbackInfo;)V won't be passed a CallbackInfo as a result
[22:00:56] [Render thread/DEBUG] (FabricLoader/Mixin) Mixing ModelManagerMixin from fabric-model-loading-api-v1.mixins.json into net.minecraft.client.render.model.BakedModelManager
[22:00:56] [Render thread/DEBUG] (FabricLoader/Mixin) Renaming synthetic method lambda$withModelDispatcher$3(Ljava/util/concurrent/CompletableFuture;Ljava/util/function/Function;Ljava/lang/Object;)Ljava/lang/Object; to mdffa551$fabric-model-loading-api-v1$lambda$withModelDispatcher$3$0 in fabric-model-loading-api-v1.mixins.json:ModelManagerMixin from mod fabric-model-loading-api-v1
[22:00:56] [Render thread/DEBUG] (FabricLoader/Mixin) Renaming synthetic method lambda$hookBlockStateModels$2(Lnet/minecraft/client/render/model/BlockStatesLoader$LoadedModels;Lnet/fabricmc/fabric/impl/client/model/loading/ModelLoadingEventDispatcher;)Lnet/minecraft/client/render/model/BlockStatesLoader$LoadedModels; to mdffa551$fabric-model-loading-api-v1$lambda$hookBlockStateModels$2$1 in fabric-model-loading-api-v1.mixins.json:ModelManagerMixin from mod fabric-model-loading-api-v1
[22:00:56] [Render thread/DEBUG] (FabricLoader/Mixin) Renaming synthetic method lambda$hookModels$1(Ljava/util/Map;Lnet/fabricmc/fabric/impl/client/model/loading/ModelLoadingEventDispatcher;)Ljava/util/Map; to mdffa551$fabric-model-loading-api-v1$lambda$hookModels$1$2 in fabric-model-loading-api-v1.mixins.json:ModelManagerMixin from mod fabric-model-loading-api-v1
[22:00:56] [Render thread/DEBUG] (FabricLoader/Mixin) Renaming synthetic method lambda$resetEventDispatcherFuture$0(Ljava/lang/Void;)Ljava/lang/Void; to mdffa551$fabric-model-loading-api-v1$lambda$resetEventDispatcherFuture$0$3 in fabric-model-loading-api-v1.mixins.json:ModelManagerMixin from mod fabric-model-loading-api-v1
[22:00:56] [Render thread/DEBUG] (FabricLoader/Mixin) Mixing KeyedClientResourceReloadListenerMixin from fabric-resource-loader-v1.client.mixins.json into net.minecraft.client.render.model.BakedModelManager
[22:00:56] [Render thread/DEBUG] (FabricLoader/Mixin) fabric-model-loading-api-v1.mixins.json:ModelManagerMixin from mod fabric-model-loading-api-v1->@Inject::onHeadReload(Lnet/minecraft/resource/ResourceReloader$Store;Ljava/util/concurrent/Executor;Lnet/minecraft/resource/ResourceReloader$Synchronizer;Ljava/util/concurrent/Executor;Lorg/spongepowered/asm/mixin/injection/callback/CallbackInfoReturnable;)V doesn't use it's CallbackInfoReturnable
[22:00:56] [Render thread/DEBUG] (FabricLoader/Mixin) fabric-model-loading-api-v1.mixins.json:ModelManagerMixin from mod fabric-model-loading-api-v1->@Inject::onHeadReload(Lnet/minecraft/resource/ResourceReloader$Store;Ljava/util/concurrent/Executor;Lnet/minecraft/resource/ResourceReloader$Synchronizer;Ljava/util/concurrent/Executor;Lorg/spongepowered/asm/mixin/injection/callback/CallbackInfoReturnable;)V has 0 override(s) in child classes
[22:00:56] [Render thread/DEBUG] (FabricLoader/Mixin) fabric-model-loading-api-v1.mixins.json:ModelManagerMixin from mod fabric-model-loading-api-v1->@Inject::onHeadReload(Lnet/minecraft/resource/ResourceReloader$Store;Ljava/util/concurrent/Executor;Lnet/minecraft/resource/ResourceReloader$Synchronizer;Ljava/util/concurrent/Executor;Lorg/spongepowered/asm/mixin/injection/callback/CallbackInfoReturnable;)V won't be passed a CallbackInfoReturnable as a result
[22:00:56] [Render thread/DEBUG] (FabricLoader/Mixin) fabric-model-loading-api-v1.mixins.json:ModelManagerMixin from mod fabric-model-loading-api-v1->@Inject::resolveExtraModels(Ljava/util/Map;Lnet/minecraft/client/render/model/BlockStatesLoader$LoadedModels;Lnet/minecraft/client/item/ItemAssetsLoader$Result;Lorg/spongepowered/asm/mixin/injection/callback/CallbackInfoReturnable;)V doesn't use it's CallbackInfoReturnable
[22:00:56] [Render thread/DEBUG] (FabricLoader/Mixin) fabric-model-loading-api-v1.mixins.json:ModelManagerMixin from mod fabric-model-loading-api-v1->@Inject::onReturnUpload(Lorg/spongepowered/asm/mixin/injection/callback/CallbackInfo;)V doesn't use it's CallbackInfo
[22:00:56] [Render thread/DEBUG] (FabricLoader/Mixin) fabric-model-loading-api-v1.mixins.json:ModelManagerMixin from mod fabric-model-loading-api-v1->@Inject::onReturnUpload(Lorg/spongepowered/asm/mixin/injection/callback/CallbackInfo;)V has 0 override(s) in child classes
[22:00:56] [Render thread/DEBUG] (FabricLoader/Mixin) fabric-model-loading-api-v1.mixins.json:ModelManagerMixin from mod fabric-model-loading-api-v1->@Inject::onReturnUpload(Lorg/spongepowered/asm/mixin/injection/callback/CallbackInfo;)V won't be passed a CallbackInfo as a result
[22:00:56] [Render thread/DEBUG] (FabricLoader/Mixin) Mixing client.sprite.SpriteGetterMixin from fabric-renderer-api-v1.mixins.json into net.minecraft.client.render.model.ErrorCollectingSpriteGetter
[22:00:56] [Render thread/DEBUG] (FabricLoader/Mixin) Mixing client.block.particle.BlockModelShaperMixin from fabric-renderer-api-v1.mixins.json into net.minecraft.client.render.block.BlockModels
[22:00:56] [Render thread/DEBUG] (FabricLoader/Mixin) Mixing KeyedClientResourceReloadListenerMixin from fabric-resource-loader-v1.client.mixins.json into net.minecraft.client.render.entity.equipment.EquipmentModelLoader
[22:00:56] [Render thread/DEBUG] (FabricLoader/Mixin) Mixing SimpleJsonResourceReloadListenerMixin from fabric-loot-api-v3.mixins.json into net.minecraft.resource.JsonDataLoader
[22:00:56] [Render thread/DEBUG] (FabricLoader/Mixin) Mixing SimpleJsonResourceReloadListenerMixin from fabric-resource-conditions-api-v1.mixins.json into net.minecraft.resource.JsonDataLoader
[22:00:56] [Render thread/DEBUG] (FabricLoader/Mixin) fabric-loot-api-v3.mixins.json:SimpleJsonResourceReloadListenerMixin from mod fabric-loot-api-v3->@Inject::fillSourceMap(Lnet/minecraft/resource/ResourceManager;Lnet/minecraft/resource/ResourceFinder;Lcom/mojang/serialization/DynamicOps;Lcom/mojang/serialization/Codec;Ljava/util/Map;Lorg/spongepowered/asm/mixin/injection/callback/CallbackInfo;)V doesn't use it's CallbackInfo
[22:00:56] [Render thread/DEBUG] (FabricLoader/Mixin) fabric-resource-conditions-api-v1.mixins.json:SimpleJsonResourceReloadListenerMixin from mod fabric-resource-conditions-api-v1->@Inject::skipData(Ljava/util/Map;Lnet/minecraft/util/Identifier;Ljava/lang/Object;Lorg/spongepowered/asm/mixin/injection/callback/CallbackInfo;)V does use it's CallbackInfo
[22:00:56] [Render thread/DEBUG] (FabricLoader/Mixin) Mixing ModelBakeryMixin from fabric-model-loading-api-v1.mixins.json into net.minecraft.client.render.model.ModelBaker
[22:00:56] [Render thread/DEBUG] (FabricLoader/Mixin) Renaming synthetic method lambda$withExtraModels$2(Lnet/minecraft/client/render/model/ModelBaker$BakedModels;Ljava/util/Map;)Lnet/minecraft/client/render/model/ModelBaker$BakedModels; to mdffa551$fabric-model-loading-api-v1$lambda$withExtraModels$2$0 in fabric-model-loading-api-v1.mixins.json:ModelBakeryMixin from mod fabric-model-loading-api-v1
[22:00:56] [Render thread/DEBUG] (FabricLoader/Mixin) Renaming synthetic method lambda$withExtraModels$1(Lnet/minecraft/client/render/model/ModelBaker$BakerImpl;Lnet/fabricmc/fabric/api/client/model/loading/v1/ExtraModelKey;Lnet/fabricmc/fabric/api/client/model/loading/v1/UnbakedExtraModel;)Ljava/lang/Object; to mdffa551$fabric-model-loading-api-v1$lambda$withExtraModels$1$1 in fabric-model-loading-api-v1.mixins.json:ModelBakeryMixin from mod fabric-model-loading-api-v1
[22:00:56] [Render thread/DEBUG] (FabricLoader/Mixin) Renaming synthetic method lambda$hookBlockModelBake$0(Ljava/util/function/BiFunction;Lnet/minecraft/block/BlockState;Lnet/minecraft/client/render/model/BlockStateModel$UnbakedGrouped;)Lnet/minecraft/client/render/model/BlockStateModel; to mdffa551$fabric-model-loading-api-v1$lambda$hookBlockModelBake$0$2 in fabric-model-loading-api-v1.mixins.json:ModelBakeryMixin from mod fabric-model-loading-api-v1
[22:00:56] [Render thread/DEBUG] (FabricLoader/Mixin) fabric-model-loading-api-v1.mixins.json:ModelBakeryMixin from mod fabric-model-loading-api-v1->@Inject::onReturnInit(Lorg/spongepowered/asm/mixin/injection/callback/CallbackInfo;)V doesn't use it's CallbackInfo
[22:00:56] [Render thread/DEBUG] (FabricLoader/Mixin) fabric-model-loading-api-v1.mixins.json:ModelBakeryMixin from mod fabric-model-loading-api-v1->@Inject::onReturnInit(Lorg/spongepowered/asm/mixin/injection/callback/CallbackInfo;)V has 0 override(s) in child classes
[22:00:56] [Render thread/DEBUG] (FabricLoader/Mixin) fabric-model-loading-api-v1.mixins.json:ModelBakeryMixin from mod fabric-model-loading-api-v1->@Inject::onReturnInit(Lorg/spongepowered/asm/mixin/injection/callback/CallbackInfo;)V won't be passed a CallbackInfo as a result
[22:00:56] [Render thread/DEBUG] (FabricLoader/Mixin) Mixing client.block.render.BlockRenderDispatcherMixin from fabric-renderer-api-v1.mixins.json into net.minecraft.client.render.block.BlockRenderManager
[22:00:56] [Render thread/DEBUG] (FabricLoader/Mixin) Mixing BlockRenderDispatcherAccessor from fabric-renderer-indigo.mixins.json into net.minecraft.client.render.block.BlockRenderManager
[22:00:56] [Render thread/DEBUG] (FabricLoader/Mixin) Mixing BlockRenderDispatcherMixin from fabric-renderer-indigo.mixins.json into net.minecraft.client.render.block.BlockRenderManager
[22:00:56] [Render thread/DEBUG] (FabricLoader/Mixin) Renaming synthetic method lambda$afterGetModel$0(Lnet/minecraft/client/render/VertexConsumer;Lnet/minecraft/client/render/BlockRenderLayer;)Lnet/minecraft/client/render/VertexConsumer; to mdffa551$fabric-renderer-indigo$lambda$afterGetModel$0$0 in fabric-renderer-indigo.mixins.json:BlockRenderDispatcherMixin from mod fabric-renderer-indigo
[22:00:56] [Render thread/DEBUG] (FabricLoader/Mixin) Mixing KeyedClientResourceReloadListenerMixin from fabric-resource-loader-v1.client.mixins.json into net.minecraft.client.render.block.BlockRenderManager
[22:00:56] [Render thread/DEBUG] (FabricLoader/Mixin) fabric-renderer-indigo.mixins.json:BlockRenderDispatcherMixin from mod fabric-renderer-indigo->@Inject::afterGetModel(Lnet/minecraft/block/BlockState;Lnet/minecraft/util/math/BlockPos;Lnet/minecraft/world/BlockRenderView;Lnet/minecraft/client/util/math/MatrixStack;Lnet/minecraft/client/render/VertexConsumer;Lorg/spongepowered/asm/mixin/injection/callback/CallbackInfo;)V does use it's CallbackInfo
[22:00:56] [Render thread/DEBUG] (FabricLoader/Mixin) Mixing client.block.render.ModelBlockRendererMixin from fabric-renderer-api-v1.mixins.json into net.minecraft.client.render.block.BlockModelRenderer
[22:00:56] [Render thread/DEBUG] (FabricLoader/Mixin) Mixing ModelBlockRendererMixin from fabric-renderer-indigo.mixins.json into net.minecraft.client.render.block.BlockModelRenderer
[22:00:56] [Render thread/DEBUG] (FabricLoader/Mixin) Renaming synthetic method lambda$renderModel$0(Lnet/minecraft/client/render/VertexConsumer;Lnet/minecraft/client/render/BlockRenderLayer;)Lnet/minecraft/client/render/VertexConsumer; to mdffa551$fabric-renderer-indigo$lambda$renderModel$0$0 in fabric-renderer-indigo.mixins.json:ModelBlockRendererMixin from mod fabric-renderer-indigo
[22:00:56] [Render thread/DEBUG] (FabricLoader/Mixin) Mixing EntityRenderDispatcherMixin from fabric-rendering-v1.mixins.json into net.minecraft.client.render.entity.EntityRenderManager
[22:00:56] [Render thread/DEBUG] (FabricLoader/Mixin) Mixing KeyedClientResourceReloadListenerMixin from fabric-resource-loader-v1.client.mixins.json into net.minecraft.client.render.entity.EntityRenderManager
[22:00:56] [Render thread/DEBUG] (FabricLoader/Mixin) fabric-rendering-v1.mixins.json:EntityRenderDispatcherMixin from mod fabric-rendering-v1->@Inject::createArmorRenderers(Lnet/minecraft/resource/ResourceManager;Lorg/spongepowered/asm/mixin/injection/callback/CallbackInfo;)V doesn't use it's CallbackInfo
[22:00:56] [Render thread/DEBUG] (FabricLoader/Mixin) fabric-rendering-v1.mixins.json:EntityRenderDispatcherMixin from mod fabric-rendering-v1->@Inject::createArmorRenderers(Lnet/minecraft/resource/ResourceManager;Lorg/spongepowered/asm/mixin/injection/callback/CallbackInfo;)V has 0 override(s) in child classes
[22:00:56] [Render thread/DEBUG] (FabricLoader/Mixin) fabric-rendering-v1.mixins.json:EntityRenderDispatcherMixin from mod fabric-rendering-v1->@Inject::createArmorRenderers(Lnet/minecraft/resource/ResourceManager;Lorg/spongepowered/asm/mixin/injection/callback/CallbackInfo;)V won't be passed a CallbackInfo as a result
[22:00:56] [Render thread/DEBUG] (FabricLoader/Mixin) Mixing LivingEntityRendererAccessor from fabric-rendering-v1.mixins.json into net.minecraft.client.render.entity.LivingEntityRenderer
[22:00:56] [Render thread/DEBUG] (FabricLoader/Mixin) Mixing LivingEntityRendererMixin from fabric-rendering-v1.mixins.json into net.minecraft.client.render.entity.LivingEntityRenderer
[22:00:56] [Render thread/DEBUG] (FabricLoader/Mixin) Mixing ItemInHandRendererMixin from fabric-item-api-v1.client.mixins.json into net.minecraft.client.render.item.HeldItemRenderer
[22:00:56] [Render thread/DEBUG] (FabricLoader/Mixin) fabric-item-api-v1.client.mixins.json:ItemInHandRendererMixin from mod fabric-item-api-v1->@Inject::modifyProgressAnimation(Lorg/spongepowered/asm/mixin/injection/callback/CallbackInfo;)V doesn't use it's CallbackInfo
[22:00:56] [Render thread/DEBUG] (FabricLoader/Mixin) fabric-item-api-v1.client.mixins.json:ItemInHandRendererMixin from mod fabric-item-api-v1->@Inject::modifyProgressAnimation(Lorg/spongepowered/asm/mixin/injection/callback/CallbackInfo;)V has 0 override(s) in child classes
[22:00:56] [Render thread/DEBUG] (FabricLoader/Mixin) fabric-item-api-v1.client.mixins.json:ItemInHandRendererMixin from mod fabric-item-api-v1->@Inject::modifyProgressAnimation(Lorg/spongepowered/asm/mixin/injection/callback/CallbackInfo;)V won't be passed a CallbackInfo as a result
[22:00:56] [Render thread/DEBUG] (FabricLoader/Mixin) Mixing RenderStateMixin from fabric-rendering-v1.mixins.json into net.minecraft.client.render.MapRenderState
[22:00:56] [Render thread/DEBUG] (FabricLoader/Mixin) Mixing KeyedClientResourceReloadListenerMixin from fabric-resource-loader-v1.client.mixins.json into net.minecraft.client.render.block.entity.BlockEntityRenderManager
[22:00:56] [Render thread/DEBUG] (FabricLoader/Mixin) Mixing ParticleResourcesMixin from fabric-particles-v1.client.mixins.json into net.minecraft.client.particle.ParticleSpriteManager
[22:00:56] [Render thread/DEBUG] (FabricLoader/Mixin) Mixing ParticleResourcesMixin from fabric-registry-sync-v0.client.mixins.json into net.minecraft.client.particle.ParticleSpriteManager
[22:00:56] [Render thread/DEBUG] (FabricLoader/Mixin) Mixing KeyedClientResourceReloadListenerMixin from fabric-resource-loader-v1.client.mixins.json into net.minecraft.client.particle.ParticleSpriteManager
[22:00:56] [Render thread/DEBUG] (FabricLoader/Mixin) fabric-particles-v1.client.mixins.json:ParticleResourcesMixin from mod fabric-particles-v1->@Inject::onRegisterDefaultFactories(Lorg/spongepowered/asm/mixin/injection/callback/CallbackInfo;)V doesn't use it's CallbackInfo
[22:00:56] [Render thread/DEBUG] (FabricLoader/Mixin) fabric-particles-v1.client.mixins.json:ParticleResourcesMixin from mod fabric-particles-v1->@Inject::onRegisterDefaultFactories(Lorg/spongepowered/asm/mixin/injection/callback/CallbackInfo;)V has 0 override(s) in child classes
[22:00:56] [Render thread/DEBUG] (FabricLoader/Mixin) fabric-particles-v1.client.mixins.json:ParticleResourcesMixin from mod fabric-particles-v1->@Inject::onRegisterDefaultFactories(Lorg/spongepowered/asm/mixin/injection/callback/CallbackInfo;)V won't be passed a CallbackInfo as a result
[22:00:56] [Render thread/DEBUG] (FabricLoader/Mixin) fabric-registry-sync-v0.client.mixins.json:ParticleResourcesMixin from mod fabric-registry-sync-v0->@Inject::onInit(Lorg/spongepowered/asm/mixin/injection/callback/CallbackInfo;)V doesn't use it's CallbackInfo
[22:00:56] [Render thread/DEBUG] (FabricLoader/Mixin) fabric-registry-sync-v0.client.mixins.json:ParticleResourcesMixin from mod fabric-registry-sync-v0->@Inject::onInit(Lorg/spongepowered/asm/mixin/injection/callback/CallbackInfo;)V has 0 override(s) in child classes
[22:00:56] [Render thread/DEBUG] (FabricLoader/Mixin) fabric-registry-sync-v0.client.mixins.json:ParticleResourcesMixin from mod fabric-registry-sync-v0->@Inject::onInit(Lorg/spongepowered/asm/mixin/injection/callback/CallbackInfo;)V won't be passed a CallbackInfo as a result
[22:00:56] [Render thread/DEBUG] (FabricLoader/Mixin) Mixing client.block.particle.BlockMarkerMixin from fabric-renderer-api-v1.mixins.json into net.minecraft.client.particle.BlockMarkerParticle
[22:00:56] [Render thread/DEBUG] (FabricLoader/Mixin) Mixing TerrainParticleMixin from fabric-particles-v1.client.mixins.json into net.minecraft.client.particle.BlockDustParticle
[22:00:56] [Render thread/DEBUG] (FabricLoader/Mixin) Mixing client.block.particle.TerrainParticleMixin from fabric-renderer-api-v1.mixins.json into net.minecraft.client.particle.BlockDustParticle
[22:00:56] [Render thread/DEBUG] (FabricLoader/Mixin) Mixing RenderStateMixin from fabric-rendering-v1.mixins.json into net.minecraft.client.render.item.ItemRenderState
[22:00:56] [Render thread/DEBUG] (FabricLoader/Mixin) Mixing renderstate.ItemStackRenderStateMixin from fabric-rendering-v1.mixins.json into net.minecraft.client.render.item.ItemRenderState
[22:00:56] [Render thread/DEBUG] (FabricLoader/Mixin) Mixing ItemStackRenderStateMixin from fabric-renderer-indigo.mixins.json into net.minecraft.client.render.item.ItemRenderState
[22:00:56] [Render thread/DEBUG] (FabricLoader/Mixin) fabric-rendering-v1.mixins.json:renderstate.ItemStackRenderStateMixin from mod fabric-rendering-v1->@Inject::clearExtraRenderData(Lorg/spongepowered/asm/mixin/injection/callback/CallbackInfo;)V doesn't use it's CallbackInfo
[22:00:56] [Render thread/DEBUG] (FabricLoader/Mixin) fabric-rendering-v1.mixins.json:renderstate.ItemStackRenderStateMixin from mod fabric-rendering-v1->@Inject::clearExtraRenderData(Lorg/spongepowered/asm/mixin/injection/callback/CallbackInfo;)V has 0 override(s) in child classes
[22:00:56] [Render thread/DEBUG] (FabricLoader/Mixin) fabric-rendering-v1.mixins.json:renderstate.ItemStackRenderStateMixin from mod fabric-rendering-v1->@Inject::clearExtraRenderData(Lorg/spongepowered/asm/mixin/injection/callback/CallbackInfo;)V won't be passed a CallbackInfo as a result
[22:00:56] [Render thread/DEBUG] (FabricLoader/Mixin) fabric-renderer-indigo.mixins.json:ItemStackRenderStateMixin from mod fabric-renderer-indigo->@Inject::afterInitVecLoad(Ljava/util/function/Consumer;Lorg/spongepowered/asm/mixin/injection/callback/CallbackInfo;)V doesn't use it's CallbackInfo
[22:00:56] [Render thread/DEBUG] (FabricLoader/Mixin) fabric-renderer-indigo.mixins.json:ItemStackRenderStateMixin from mod fabric-renderer-indigo->@Inject::afterInitVecLoad(Ljava/util/function/Consumer;Lorg/spongepowered/asm/mixin/injection/callback/CallbackInfo;)V has 0 override(s) in child classes
[22:00:56] [Render thread/DEBUG] (FabricLoader/Mixin) fabric-renderer-indigo.mixins.json:ItemStackRenderStateMixin from mod fabric-renderer-indigo->@Inject::afterInitVecLoad(Ljava/util/function/Consumer;Lorg/spongepowered/asm/mixin/injection/callback/CallbackInfo;)V won't be passed a CallbackInfo as a result
[22:00:56] [Render thread/DEBUG] (FabricLoader/Mixin) fabric-renderer-indigo.mixins.json:ItemStackRenderStateMixin from mod fabric-renderer-indigo->@Inject::afterLayerLoad(Ljava/util/function/Consumer;Lorg/spongepowered/asm/mixin/injection/callback/CallbackInfo;)V doesn't use it's CallbackInfo
[22:00:56] [Render thread/DEBUG] (FabricLoader/Mixin) fabric-renderer-indigo.mixins.json:ItemStackRenderStateMixin from mod fabric-renderer-indigo->@Inject::afterLayerLoad(Ljava/util/function/Consumer;Lorg/spongepowered/asm/mixin/injection/callback/CallbackInfo;)V has 0 override(s) in child classes
[22:00:56] [Render thread/DEBUG] (FabricLoader/Mixin) fabric-renderer-indigo.mixins.json:ItemStackRenderStateMixin from mod fabric-renderer-indigo->@Inject::afterLayerLoad(Ljava/util/function/Consumer;Lorg/spongepowered/asm/mixin/injection/callback/CallbackInfo;)V won't be passed a CallbackInfo as a result
[22:00:56] [Render thread/DEBUG] (FabricLoader/Mixin) Mixing RenderStateMixin from fabric-rendering-v1.mixins.json into net.minecraft.client.render.item.ItemRenderState$LayerRenderState
[22:00:56] [Render thread/DEBUG] (FabricLoader/Mixin) Mixing renderstate.ItemStackRenderStateLayerRenderStateMixin from fabric-rendering-v1.mixins.json into net.minecraft.client.render.item.ItemRenderState$LayerRenderState
[22:00:56] [Render thread/DEBUG] (FabricLoader/Mixin) Mixing client.item.ItemStackRenderStateLayerRenderStateMixin from fabric-renderer-api-v1.mixins.json into net.minecraft.client.render.item.ItemRenderState$LayerRenderState
[22:00:56] [Render thread/DEBUG] (FabricLoader/Mixin) Mixing ItemStackRenderStateLayerRenderStateMixin from fabric-renderer-indigo.mixins.json into net.minecraft.client.render.item.ItemRenderState$LayerRenderState
[22:00:56] [Render thread/DEBUG] (FabricLoader/Mixin) fabric-rendering-v1.mixins.json:renderstate.ItemStackRenderStateLayerRenderStateMixin from mod fabric-rendering-v1->@Inject::clearExtraRenderData(Lorg/spongepowered/asm/mixin/injection/callback/CallbackInfo;)V doesn't use it's CallbackInfo
[22:00:56] [Render thread/DEBUG] (FabricLoader/Mixin) fabric-rendering-v1.mixins.json:renderstate.ItemStackRenderStateLayerRenderStateMixin from mod fabric-rendering-v1->@Inject::clearExtraRenderData(Lorg/spongepowered/asm/mixin/injection/callback/CallbackInfo;)V has 0 override(s) in child classes
[22:00:56] [Render thread/DEBUG] (FabricLoader/Mixin) fabric-rendering-v1.mixins.json:renderstate.ItemStackRenderStateLayerRenderStateMixin from mod fabric-rendering-v1->@Inject::clearExtraRenderData(Lorg/spongepowered/asm/mixin/injection/callback/CallbackInfo;)V won't be passed a CallbackInfo as a result
[22:00:56] [Render thread/DEBUG] (FabricLoader/Mixin) fabric-renderer-indigo.mixins.json:ItemStackRenderStateLayerRenderStateMixin from mod fabric-renderer-indigo->@Inject::onReturnClear(Lorg/spongepowered/asm/mixin/injection/callback/CallbackInfo;)V doesn't use it's CallbackInfo
[22:00:56] [Render thread/DEBUG] (FabricLoader/Mixin) fabric-renderer-indigo.mixins.json:ItemStackRenderStateLayerRenderStateMixin from mod fabric-renderer-indigo->@Inject::onReturnClear(Lorg/spongepowered/asm/mixin/injection/callback/CallbackInfo;)V has 0 override(s) in child classes
[22:00:56] [Render thread/DEBUG] (FabricLoader/Mixin) fabric-renderer-indigo.mixins.json:ItemStackRenderStateLayerRenderStateMixin from mod fabric-renderer-indigo->@Inject::onReturnClear(Lorg/spongepowered/asm/mixin/injection/callback/CallbackInfo;)V won't be passed a CallbackInfo as a result
[22:00:56] [Render thread/DEBUG] (FabricLoader/Mixin) Mixing ParticleEngineAccessor from fabric-particles-v1.client.mixins.json into net.minecraft.client.particle.ParticleManager
[22:00:56] [Render thread/DEBUG] (FabricLoader/Mixin) Renaming @Accessor method getParticleTextureSheets()Ljava/util/List; to getParticleTextureSheets$fabric-particles-v1_$md$ffa551$0 in fabric-particles-v1.client.mixins.json:ParticleEngineAccessor from mod fabric-particles-v1
[22:00:56] [Render thread/DEBUG] (FabricLoader/Mixin) Mixing ParticleEngineMixin from fabric-particles-v1.client.mixins.json into net.minecraft.client.particle.ParticleManager
[22:00:56] [Render thread/DEBUG] (FabricLoader/Mixin) fabric-particles-v1.client.mixins.json:ParticleEngineMixin from mod fabric-particles-v1->@Inject::classInit(Lorg/spongepowered/asm/mixin/injection/callback/CallbackInfo;)V doesn't use it's CallbackInfo
[22:00:56] [Render thread/DEBUG] (FabricLoader/Mixin) fabric-particles-v1.client.mixins.json:ParticleEngineMixin from mod fabric-particles-v1->@Inject::createParticleRenderer(Lnet/minecraft/client/particle/ParticleTextureSheet;Lorg/spongepowered/asm/mixin/injection/callback/CallbackInfoReturnable;)V does use it's CallbackInfoReturnable
[22:00:56] [Render thread/DEBUG] (FabricLoader/Mixin) Mixing KeyedClientResourceReloadListenerMixin from fabric-resource-loader-v1.client.mixins.json into net.minecraft.client.resource.waypoint.WaypointStyleAssetManager
[22:00:56] [Render thread/DEBUG] (FabricLoader/Mixin) Mixing GameRendererMixin from fabric-rendering-v1.mixins.json into net.minecraft.client.render.GameRenderer
[22:00:56] [Render thread/DEBUG] (FabricLoader/Mixin) Mixing GameRendererMixin from fabric-screen-api-v1.mixins.json into net.minecraft.client.render.GameRenderer
[22:00:56] [Render thread/DEBUG] (FabricLoader/Mixin) fabric-rendering-v1.mixins.json:GameRendererMixin from mod fabric-rendering-v1->@Inject::guiRendererReady(Lnet/minecraft/client/MinecraftClient;Lnet/minecraft/client/render/item/HeldItemRenderer;Lnet/minecraft/client/render/BufferBuilderStorage;Lnet/minecraft/client/render/block/BlockRenderManager;Lorg/spongepowered/asm/mixin/injection/callback/CallbackInfo;)V doesn't use it's CallbackInfo
[22:00:56] [Render thread/DEBUG] (FabricLoader/Mixin) fabric-rendering-v1.mixins.json:GameRendererMixin from mod fabric-rendering-v1->@Inject::guiRendererReady(Lnet/minecraft/client/MinecraftClient;Lnet/minecraft/client/render/item/HeldItemRenderer;Lnet/minecraft/client/render/BufferBuilderStorage;Lnet/minecraft/client/render/block/BlockRenderManager;Lorg/spongepowered/asm/mixin/injection/callback/CallbackInfo;)V has 0 override(s) in child classes
[22:00:56] [Render thread/DEBUG] (FabricLoader/Mixin) fabric-rendering-v1.mixins.json:GameRendererMixin from mod fabric-rendering-v1->@Inject::guiRendererReady(Lnet/minecraft/client/MinecraftClient;Lnet/minecraft/client/render/item/HeldItemRenderer;Lnet/minecraft/client/render/BufferBuilderStorage;Lnet/minecraft/client/render/block/BlockRenderManager;Lorg/spongepowered/asm/mixin/injection/callback/CallbackInfo;)V won't be passed a CallbackInfo as a result
[22:00:56] [Render thread/DEBUG] (FabricLoader/Mixin) Mixing client.block.render.OrderedSubmitNodeCollectorMixin from fabric-renderer-api-v1.mixins.json into net.minecraft.client.render.command.RenderCommandQueue
[22:00:56] [Render thread/DEBUG] (FabricLoader/Mixin) Mixing RenderStateMixin from fabric-rendering-v1.mixins.json into net.minecraft.client.render.state.WorldRenderState
[22:00:56] [Render thread/DEBUG] (FabricLoader/Mixin) Mixing renderstate.LevelRenderStateMixin from fabric-rendering-v1.mixins.json into net.minecraft.client.render.state.WorldRenderState
[22:00:56] [Render thread/DEBUG] (FabricLoader/Mixin) fabric-rendering-v1.mixins.json:renderstate.LevelRenderStateMixin from mod fabric-rendering-v1->@Inject::clearExtraRenderData(Lorg/spongepowered/asm/mixin/injection/callback/CallbackInfo;)V doesn't use it's CallbackInfo
[22:00:56] [Render thread/DEBUG] (FabricLoader/Mixin) fabric-rendering-v1.mixins.json:renderstate.LevelRenderStateMixin from mod fabric-rendering-v1->@Inject::clearExtraRenderData(Lorg/spongepowered/asm/mixin/injection/callback/CallbackInfo;)V has 0 override(s) in child classes
[22:00:56] [Render thread/DEBUG] (FabricLoader/Mixin) fabric-rendering-v1.mixins.json:renderstate.LevelRenderStateMixin from mod fabric-rendering-v1->@Inject::clearExtraRenderData(Lorg/spongepowered/asm/mixin/injection/callback/CallbackInfo;)V won't be passed a CallbackInfo as a result
[22:00:56] [Render thread/DEBUG] (FabricLoader/Mixin) Mixing RenderStateMixin from fabric-rendering-v1.mixins.json into net.minecraft.client.render.state.CameraRenderState
[22:00:56] [Render thread/DEBUG] (FabricLoader/Mixin) Mixing RenderStateMixin from fabric-rendering-v1.mixins.json into net.minecraft.client.render.state.WeatherRenderState
[22:00:56] [Render thread/DEBUG] (FabricLoader/Mixin) Mixing renderstate.WeatherRenderStateMixin from fabric-rendering-v1.mixins.json into net.minecraft.client.render.state.WeatherRenderState
[22:00:56] [Render thread/DEBUG] (FabricLoader/Mixin) fabric-rendering-v1.mixins.json:renderstate.WeatherRenderStateMixin from mod fabric-rendering-v1->@Inject::clearExtraRenderData(Lorg/spongepowered/asm/mixin/injection/callback/CallbackInfo;)V doesn't use it's CallbackInfo
[22:00:56] [Render thread/DEBUG] (FabricLoader/Mixin) fabric-rendering-v1.mixins.json:renderstate.WeatherRenderStateMixin from mod fabric-rendering-v1->@Inject::clearExtraRenderData(Lorg/spongepowered/asm/mixin/injection/callback/CallbackInfo;)V has 0 override(s) in child classes
[22:00:56] [Render thread/DEBUG] (FabricLoader/Mixin) fabric-rendering-v1.mixins.json:renderstate.WeatherRenderStateMixin from mod fabric-rendering-v1->@Inject::clearExtraRenderData(Lorg/spongepowered/asm/mixin/injection/callback/CallbackInfo;)V won't be passed a CallbackInfo as a result
[22:00:56] [Render thread/DEBUG] (FabricLoader/Mixin) Mixing RenderStateMixin from fabric-rendering-v1.mixins.json into net.minecraft.client.render.state.WorldBorderRenderState
[22:00:56] [Render thread/DEBUG] (FabricLoader/Mixin) Mixing renderstate.WorldBorderRenderStateMixin from fabric-rendering-v1.mixins.json into net.minecraft.client.render.state.WorldBorderRenderState
[22:00:56] [Render thread/DEBUG] (FabricLoader/Mixin) fabric-rendering-v1.mixins.json:renderstate.WorldBorderRenderStateMixin from mod fabric-rendering-v1->@Inject::clearExtraRenderData(Lorg/spongepowered/asm/mixin/injection/callback/CallbackInfo;)V doesn't use it's CallbackInfo
[22:00:56] [Render thread/DEBUG] (FabricLoader/Mixin) fabric-rendering-v1.mixins.json:renderstate.WorldBorderRenderStateMixin from mod fabric-rendering-v1->@Inject::clearExtraRenderData(Lorg/spongepowered/asm/mixin/injection/callback/CallbackInfo;)V has 0 override(s) in child classes
[22:00:56] [Render thread/DEBUG] (FabricLoader/Mixin) fabric-rendering-v1.mixins.json:renderstate.WorldBorderRenderStateMixin from mod fabric-rendering-v1->@Inject::clearExtraRenderData(Lorg/spongepowered/asm/mixin/injection/callback/CallbackInfo;)V won't be passed a CallbackInfo as a result
[22:00:56] [Render thread/DEBUG] (FabricLoader/Mixin) Mixing RenderStateMixin from fabric-rendering-v1.mixins.json into net.minecraft.client.render.state.SkyRenderState
[22:00:56] [Render thread/DEBUG] (FabricLoader/Mixin) Mixing renderstate.SkyRenderStateMixin from fabric-rendering-v1.mixins.json into net.minecraft.client.render.state.SkyRenderState
[22:00:56] [Render thread/DEBUG] (FabricLoader/Mixin) fabric-rendering-v1.mixins.json:renderstate.SkyRenderStateMixin from mod fabric-rendering-v1->@Inject::clearExtraRenderData(Lorg/spongepowered/asm/mixin/injection/callback/CallbackInfo;)V doesn't use it's CallbackInfo
[22:00:56] [Render thread/DEBUG] (FabricLoader/Mixin) fabric-rendering-v1.mixins.json:renderstate.SkyRenderStateMixin from mod fabric-rendering-v1->@Inject::clearExtraRenderData(Lorg/spongepowered/asm/mixin/injection/callback/CallbackInfo;)V has 0 override(s) in child classes
[22:00:56] [Render thread/DEBUG] (FabricLoader/Mixin) fabric-rendering-v1.mixins.json:renderstate.SkyRenderStateMixin from mod fabric-rendering-v1->@Inject::clearExtraRenderData(Lorg/spongepowered/asm/mixin/injection/callback/CallbackInfo;)V won't be passed a CallbackInfo as a result
[22:00:56] [Render thread/DEBUG] (FabricLoader/Mixin) Mixing client.block.render.SubmitNodeStorageMixin from fabric-renderer-api-v1.mixins.json into net.minecraft.client.render.command.OrderedRenderCommandQueueImpl
[22:00:56] [Render thread/DEBUG] (FabricLoader/Mixin) Mixing SubmitNodeStorageMixin from fabric-renderer-indigo.mixins.json into net.minecraft.client.render.command.OrderedRenderCommandQueueImpl
[22:00:56] [Render thread/DEBUG] (FabricLoader/Mixin) Mixing ItemFeatureRendererMixin from fabric-renderer-indigo.mixins.json into net.minecraft.client.render.command.ItemCommandRenderer
[22:00:56] [Render thread/DEBUG] (FabricLoader/Mixin) fabric-renderer-indigo.mixins.json:ItemFeatureRendererMixin from mod fabric-renderer-indigo->@Inject::onReturnRender(Lnet/minecraft/client/render/command/BatchingRenderCommandQueue;Lnet/minecraft/client/render/VertexConsumerProvider$Immediate;Lnet/minecraft/client/render/OutlineVertexConsumerProvider;Lorg/spongepowered/asm/mixin/injection/callback/CallbackInfo;)V doesn't use it's CallbackInfo
[22:00:56] [Render thread/DEBUG] (FabricLoader/Mixin) fabric-renderer-indigo.mixins.json:ItemFeatureRendererMixin from mod fabric-renderer-indigo->@Inject::onReturnRender(Lnet/minecraft/client/render/command/BatchingRenderCommandQueue;Lnet/minecraft/client/render/VertexConsumerProvider$Immediate;Lnet/minecraft/client/render/OutlineVertexConsumerProvider;Lorg/spongepowered/asm/mixin/injection/callback/CallbackInfo;)V has 0 override(s) in child classes
[22:00:56] [Render thread/DEBUG] (FabricLoader/Mixin) fabric-renderer-indigo.mixins.json:ItemFeatureRendererMixin from mod fabric-renderer-indigo->@Inject::onReturnRender(Lnet/minecraft/client/render/command/BatchingRenderCommandQueue;Lnet/minecraft/client/render/VertexConsumerProvider$Immediate;Lnet/minecraft/client/render/OutlineVertexConsumerProvider;Lorg/spongepowered/asm/mixin/injection/callback/CallbackInfo;)V won't be passed a CallbackInfo as a result
[22:00:56] [Render thread/DEBUG] (FabricLoader/Mixin) Mixing client.block.render.BlockFeatureRendererMixin from fabric-renderer-api-v1.mixins.json into net.minecraft.client.render.command.FallingBlockCommandRenderer
[22:00:56] [Render thread/DEBUG] (FabricLoader/Mixin) fabric-renderer-api-v1.mixins.json:client.block.render.BlockFeatureRendererMixin from mod fabric-renderer-api-v1->@Inject::beforeRenderMovingBlocks(Lnet/minecraft/client/render/command/BatchingRenderCommandQueue;Lnet/minecraft/client/render/VertexConsumerProvider$Immediate;Lnet/minecraft/client/render/block/BlockRenderManager;Lnet/minecraft/client/render/OutlineVertexConsumerProvider;Lorg/spongepowered/asm/mixin/injection/callback/CallbackInfo;)V doesn't use it's CallbackInfo
[22:00:56] [Render thread/DEBUG] (FabricLoader/Mixin) fabric-renderer-api-v1.mixins.json:client.block.render.BlockFeatureRendererMixin from mod fabric-renderer-api-v1->@Inject::beforeRenderMovingBlocks(Lnet/minecraft/client/render/command/BatchingRenderCommandQueue;Lnet/minecraft/client/render/VertexConsumerProvider$Immediate;Lnet/minecraft/client/render/block/BlockRenderManager;Lnet/minecraft/client/render/OutlineVertexConsumerProvider;Lorg/spongepowered/asm/mixin/injection/callback/CallbackInfo;)V has 0 override(s) in child classes
[22:00:56] [Render thread/DEBUG] (FabricLoader/Mixin) fabric-renderer-api-v1.mixins.json:client.block.render.BlockFeatureRendererMixin from mod fabric-renderer-api-v1->@Inject::beforeRenderMovingBlocks(Lnet/minecraft/client/render/command/BatchingRenderCommandQueue;Lnet/minecraft/client/render/VertexConsumerProvider$Immediate;Lnet/minecraft/client/render/block/BlockRenderManager;Lnet/minecraft/client/render/OutlineVertexConsumerProvider;Lorg/spongepowered/asm/mixin/injection/callback/CallbackInfo;)V won't be passed a CallbackInfo as a result
[22:00:56] [Render thread/DEBUG] (FabricLoader/Mixin) fabric-renderer-api-v1.mixins.json:client.block.render.BlockFeatureRendererMixin from mod fabric-renderer-api-v1->@Inject::onReturnRender(Lnet/minecraft/client/render/command/BatchingRenderCommandQueue;Lnet/minecraft/client/render/VertexConsumerProvider$Immediate;Lnet/minecraft/client/render/block/BlockRenderManager;Lnet/minecraft/client/render/OutlineVertexConsumerProvider;Lorg/spongepowered/asm/mixin/injection/callback/CallbackInfo;)V doesn't use it's CallbackInfo
[22:00:56] [Render thread/DEBUG] (FabricLoader/Mixin) fabric-renderer-api-v1.mixins.json:client.block.render.BlockFeatureRendererMixin from mod fabric-renderer-api-v1->@Inject::onReturnRender(Lnet/minecraft/client/render/command/BatchingRenderCommandQueue;Lnet/minecraft/client/render/VertexConsumerProvider$Immediate;Lnet/minecraft/client/render/block/BlockRenderManager;Lnet/minecraft/client/render/OutlineVertexConsumerProvider;Lorg/spongepowered/asm/mixin/injection/callback/CallbackInfo;)V has 0 override(s) in child classes
[22:00:56] [Render thread/DEBUG] (FabricLoader/Mixin) fabric-renderer-api-v1.mixins.json:client.block.render.BlockFeatureRendererMixin from mod fabric-renderer-api-v1->@Inject::onReturnRender(Lnet/minecraft/client/render/command/BatchingRenderCommandQueue;Lnet/minecraft/client/render/VertexConsumerProvider$Immediate;Lnet/minecraft/client/render/block/BlockRenderManager;Lnet/minecraft/client/render/OutlineVertexConsumerProvider;Lorg/spongepowered/asm/mixin/injection/callback/CallbackInfo;)V won't be passed a CallbackInfo as a result
[22:00:56] [Render thread/DEBUG] (FabricLoader/Mixin) Mixing GuiRendererMixin from fabric-rendering-v1.mixins.json into net.minecraft.client.gui.render.GuiRenderer
[22:00:56] [Render thread/DEBUG] (FabricLoader/Mixin) Renaming synthetic method lambda$substituteSpecialElementRenderer$0(Ljava/lang/Class;)Lnet/fabricmc/fabric/impl/client/rendering/SpecialGuiElementRendererPool; to mdffa551$fabric-rendering-v1$lambda$substituteSpecialElementRenderer$0$0 in fabric-rendering-v1.mixins.json:GuiRendererMixin from mod fabric-rendering-v1
[22:00:56] [Render thread/DEBUG] (FabricLoader/Mixin) fabric-rendering-v1.mixins.json:GuiRendererMixin from mod fabric-rendering-v1->@Inject::mutableSpecialElementRenderers(Lnet/minecraft/client/gui/render/state/GuiRenderState;Lnet/minecraft/client/render/VertexConsumerProvider$Immediate;Lnet/minecraft/client/render/command/OrderedRenderCommandQueue;Lnet/minecraft/client/render/command/RenderDispatcher;Ljava/util/List;Lorg/spongepowered/asm/mixin/injection/callback/CallbackInfo;)V doesn't use it's CallbackInfo
[22:00:56] [Render thread/DEBUG] (FabricLoader/Mixin) fabric-rendering-v1.mixins.json:GuiRendererMixin from mod fabric-rendering-v1->@Inject::mutableSpecialElementRenderers(Lnet/minecraft/client/gui/render/state/GuiRenderState;Lnet/minecraft/client/render/VertexConsumerProvider$Immediate;Lnet/minecraft/client/render/command/OrderedRenderCommandQueue;Lnet/minecraft/client/render/command/RenderDispatcher;Ljava/util/List;Lorg/spongepowered/asm/mixin/injection/callback/CallbackInfo;)V has 0 override(s) in child classes
[22:00:56] [Render thread/DEBUG] (FabricLoader/Mixin) fabric-rendering-v1.mixins.json:GuiRendererMixin from mod fabric-rendering-v1->@Inject::mutableSpecialElementRenderers(Lnet/minecraft/client/gui/render/state/GuiRenderState;Lnet/minecraft/client/render/VertexConsumerProvider$Immediate;Lnet/minecraft/client/render/command/OrderedRenderCommandQueue;Lnet/minecraft/client/render/command/RenderDispatcher;Ljava/util/List;Lorg/spongepowered/asm/mixin/injection/callback/CallbackInfo;)V won't be passed a CallbackInfo as a result
[22:00:56] [Render thread/DEBUG] (FabricLoader/Mixin) fabric-rendering-v1.mixins.json:GuiRendererMixin from mod fabric-rendering-v1->@Inject::prePrepareSpecialElements(Lorg/spongepowered/asm/mixin/injection/callback/CallbackInfo;)V doesn't use it's CallbackInfo
[22:00:56] [Render thread/DEBUG] (FabricLoader/Mixin) fabric-rendering-v1.mixins.json:GuiRendererMixin from mod fabric-rendering-v1->@Inject::prePrepareSpecialElements(Lorg/spongepowered/asm/mixin/injection/callback/CallbackInfo;)V has 0 override(s) in child classes
[22:00:56] [Render thread/DEBUG] (FabricLoader/Mixin) fabric-rendering-v1.mixins.json:GuiRendererMixin from mod fabric-rendering-v1->@Inject::prePrepareSpecialElements(Lorg/spongepowered/asm/mixin/injection/callback/CallbackInfo;)V won't be passed a CallbackInfo as a result
[22:00:56] [Render thread/DEBUG] (FabricLoader/Mixin) fabric-rendering-v1.mixins.json:GuiRendererMixin from mod fabric-rendering-v1->@Inject::postPrepareSpecialElements(Lorg/spongepowered/asm/mixin/injection/callback/CallbackInfo;)V doesn't use it's CallbackInfo
[22:00:56] [Render thread/DEBUG] (FabricLoader/Mixin) fabric-rendering-v1.mixins.json:GuiRendererMixin from mod fabric-rendering-v1->@Inject::postPrepareSpecialElements(Lorg/spongepowered/asm/mixin/injection/callback/CallbackInfo;)V has 0 override(s) in child classes
[22:00:56] [Render thread/DEBUG] (FabricLoader/Mixin) fabric-rendering-v1.mixins.json:GuiRendererMixin from mod fabric-rendering-v1->@Inject::postPrepareSpecialElements(Lorg/spongepowered/asm/mixin/injection/callback/CallbackInfo;)V won't be passed a CallbackInfo as a result
[22:00:56] [Render thread/DEBUG] (FabricLoader/Mixin) fabric-rendering-v1.mixins.json:GuiRendererMixin from mod fabric-rendering-v1->@Inject::closeRendererPools(Lorg/spongepowered/asm/mixin/injection/callback/CallbackInfo;)V doesn't use it's CallbackInfo
[22:00:56] [Render thread/DEBUG] (FabricLoader/Mixin) fabric-rendering-v1.mixins.json:GuiRendererMixin from mod fabric-rendering-v1->@Inject::closeRendererPools(Lorg/spongepowered/asm/mixin/injection/callback/CallbackInfo;)V has 0 override(s) in child classes
[22:00:56] [Render thread/DEBUG] (FabricLoader/Mixin) fabric-rendering-v1.mixins.json:GuiRendererMixin from mod fabric-rendering-v1->@Inject::closeRendererPools(Lorg/spongepowered/asm/mixin/injection/callback/CallbackInfo;)V won't be passed a CallbackInfo as a result
[22:00:56] [Render thread/DEBUG] (FabricLoader/Mixin) Mixing client.block.particle.ScreenEffectRendererMixin from fabric-renderer-api-v1.mixins.json into net.minecraft.client.gui.hud.InGameOverlayRenderer
[22:00:56] [Render thread/DEBUG] (FabricLoader/Mixin) fabric-renderer-api-v1.mixins.json:client.block.particle.ScreenEffectRendererMixin from mod fabric-renderer-api-v1->@Inject::onReturnGetInWallBlockState(Lorg/spongepowered/asm/mixin/injection/callback/CallbackInfoReturnable;)V does use it's CallbackInfoReturnable
[22:00:56] [Render thread/DEBUG] (FabricLoader/Mixin) Mixing LevelRendererMixin from fabric-rendering-v1.mixins.json into net.minecraft.client.render.WorldRenderer
[22:00:56] [Render thread/DEBUG] (FabricLoader/Mixin) Mixing KeyedClientResourceReloadListenerMixin from fabric-resource-loader-v1.client.mixins.json into net.minecraft.client.render.WorldRenderer
[22:00:56] [Render thread/DEBUG] (FabricLoader/Mixin) fabric-rendering-v1.mixins.json:LevelRendererMixin from mod fabric-rendering-v1->@Inject::beforeRender(Lnet/minecraft/client/util/memory/ObjectAllocator;Lnet/minecraft/client/render/RenderTickCounter;ZLnet/minecraft/client/render/Camera;Lorg/joml/Matrix4f;Lorg/joml/Matrix4f;Lorg/joml/Matrix4f;Lcom/mojang/blaze3d/buffers/GpuBufferSlice;Lorg/joml/Vector4f;ZLorg/spongepowered/asm/mixin/injection/callback/CallbackInfo;)V doesn't use it's CallbackInfo
[22:00:56] [Render thread/DEBUG] (FabricLoader/Mixin) fabric-rendering-v1.mixins.json:LevelRendererMixin from mod fabric-rendering-v1->@Inject::beforeRender(Lnet/minecraft/client/util/memory/ObjectAllocator;Lnet/minecraft/client/render/RenderTickCounter;ZLnet/minecraft/client/render/Camera;Lorg/joml/Matrix4f;Lorg/joml/Matrix4f;Lorg/joml/Matrix4f;Lcom/mojang/blaze3d/buffers/GpuBufferSlice;Lorg/joml/Vector4f;ZLorg/spongepowered/asm/mixin/injection/callback/CallbackInfo;)V has 0 override(s) in child classes
[22:00:56] [Render thread/DEBUG] (FabricLoader/Mixin) fabric-rendering-v1.mixins.json:LevelRendererMixin from mod fabric-rendering-v1->@Inject::beforeRender(Lnet/minecraft/client/util/memory/ObjectAllocator;Lnet/minecraft/client/render/RenderTickCounter;ZLnet/minecraft/client/render/Camera;Lorg/joml/Matrix4f;Lorg/joml/Matrix4f;Lorg/joml/Matrix4f;Lcom/mojang/blaze3d/buffers/GpuBufferSlice;Lorg/joml/Vector4f;ZLorg/spongepowered/asm/mixin/injection/callback/CallbackInfo;)V won't be passed a CallbackInfo as a result
[22:00:56] [Render thread/DEBUG] (FabricLoader/Mixin) fabric-rendering-v1.mixins.json:LevelRendererMixin from mod fabric-rendering-v1->@Inject::afterBlockOutlineExtraction(Lnet/minecraft/client/render/Camera;Lnet/minecraft/client/render/state/WorldRenderState;Lorg/spongepowered/asm/mixin/injection/callback/CallbackInfo;)V doesn't use it's CallbackInfo
[22:00:56] [Render thread/DEBUG] (FabricLoader/Mixin) fabric-rendering-v1.mixins.json:LevelRendererMixin from mod fabric-rendering-v1->@Inject::afterBlockOutlineExtraction(Lnet/minecraft/client/render/Camera;Lnet/minecraft/client/render/state/WorldRenderState;Lorg/spongepowered/asm/mixin/injection/callback/CallbackInfo;)V has 0 override(s) in child classes
[22:00:56] [Render thread/DEBUG] (FabricLoader/Mixin) fabric-rendering-v1.mixins.json:LevelRendererMixin from mod fabric-rendering-v1->@Inject::afterBlockOutlineExtraction(Lnet/minecraft/client/render/Camera;Lnet/minecraft/client/render/state/WorldRenderState;Lorg/spongepowered/asm/mixin/injection/callback/CallbackInfo;)V won't be passed a CallbackInfo as a result
[22:00:56] [Render thread/DEBUG] (FabricLoader/Mixin) fabric-rendering-v1.mixins.json:LevelRendererMixin from mod fabric-rendering-v1->@Inject::afterBlockOutlineExtraction(Lnet/minecraft/client/render/Camera;Lnet/minecraft/client/render/state/WorldRenderState;Lorg/spongepowered/asm/mixin/injection/callback/CallbackInfo;)V doesn't use it's CallbackInfo
[22:00:56] [Render thread/DEBUG] (FabricLoader/Mixin) fabric-rendering-v1.mixins.json:LevelRendererMixin from mod fabric-rendering-v1->@Inject::afterBlockOutlineExtraction(Lnet/minecraft/client/render/Camera;Lnet/minecraft/client/render/state/WorldRenderState;Lorg/spongepowered/asm/mixin/injection/callback/CallbackInfo;)V has 0 override(s) in child classes
[22:00:56] [Render thread/DEBUG] (FabricLoader/Mixin) fabric-rendering-v1.mixins.json:LevelRendererMixin from mod fabric-rendering-v1->@Inject::afterBlockOutlineExtraction(Lnet/minecraft/client/render/Camera;Lnet/minecraft/client/render/state/WorldRenderState;Lorg/spongepowered/asm/mixin/injection/callback/CallbackInfo;)V won't be passed a CallbackInfo as a result
[22:00:56] [Render thread/DEBUG] (FabricLoader/Mixin) fabric-rendering-v1.mixins.json:LevelRendererMixin from mod fabric-rendering-v1->@Inject::afterBlockOutlineExtraction(Lnet/minecraft/client/render/Camera;Lnet/minecraft/client/render/state/WorldRenderState;Lorg/spongepowered/asm/mixin/injection/callback/CallbackInfo;)V doesn't use it's CallbackInfo
[22:00:56] [Render thread/DEBUG] (FabricLoader/Mixin) fabric-rendering-v1.mixins.json:LevelRendererMixin from mod fabric-rendering-v1->@Inject::afterBlockOutlineExtraction(Lnet/minecraft/client/render/Camera;Lnet/minecraft/client/render/state/WorldRenderState;Lorg/spongepowered/asm/mixin/injection/callback/CallbackInfo;)V has 0 override(s) in child classes
[22:00:56] [Render thread/DEBUG] (FabricLoader/Mixin) fabric-rendering-v1.mixins.json:LevelRendererMixin from mod fabric-rendering-v1->@Inject::afterBlockOutlineExtraction(Lnet/minecraft/client/render/Camera;Lnet/minecraft/client/render/state/WorldRenderState;Lorg/spongepowered/asm/mixin/injection/callback/CallbackInfo;)V won't be passed a CallbackInfo as a result
[22:00:56] [Render thread/DEBUG] (FabricLoader/Mixin) fabric-rendering-v1.mixins.json:LevelRendererMixin from mod fabric-rendering-v1->@Inject::beforeTerrainRender(Lorg/spongepowered/asm/mixin/injection/callback/CallbackInfo;)V doesn't use it's CallbackInfo
[22:00:56] [Render thread/DEBUG] (FabricLoader/Mixin) fabric-rendering-v1.mixins.json:LevelRendererMixin from mod fabric-rendering-v1->@Inject::beforeTerrainRender(Lorg/spongepowered/asm/mixin/injection/callback/CallbackInfo;)V has 0 override(s) in child classes
[22:00:56] [Render thread/DEBUG] (FabricLoader/Mixin) fabric-rendering-v1.mixins.json:LevelRendererMixin from mod fabric-rendering-v1->@Inject::beforeTerrainRender(Lorg/spongepowered/asm/mixin/injection/callback/CallbackInfo;)V won't be passed a CallbackInfo as a result
[22:00:56] [Render thread/DEBUG] (FabricLoader/Mixin) fabric-rendering-v1.mixins.json:LevelRendererMixin from mod fabric-rendering-v1->@Inject::beforeEntitySubmission(Lorg/spongepowered/asm/mixin/injection/callback/CallbackInfo;)V doesn't use it's CallbackInfo
[22:00:56] [Render thread/DEBUG] (FabricLoader/Mixin) fabric-rendering-v1.mixins.json:LevelRendererMixin from mod fabric-rendering-v1->@Inject::beforeEntitySubmission(Lorg/spongepowered/asm/mixin/injection/callback/CallbackInfo;)V has 0 override(s) in child classes
[22:00:56] [Render thread/DEBUG] (FabricLoader/Mixin) fabric-rendering-v1.mixins.json:LevelRendererMixin from mod fabric-rendering-v1->@Inject::beforeEntitySubmission(Lorg/spongepowered/asm/mixin/injection/callback/CallbackInfo;)V won't be passed a CallbackInfo as a result
[22:00:56] [Render thread/DEBUG] (FabricLoader/Mixin) fabric-rendering-v1.mixins.json:LevelRendererMixin from mod fabric-rendering-v1->@Inject::beforeDebugRender(Lorg/spongepowered/asm/mixin/injection/callback/CallbackInfo;)V doesn't use it's CallbackInfo
[22:00:56] [Render thread/DEBUG] (FabricLoader/Mixin) fabric-rendering-v1.mixins.json:LevelRendererMixin from mod fabric-rendering-v1->@Inject::beforeDebugRender(Lorg/spongepowered/asm/mixin/injection/callback/CallbackInfo;)V has 0 override(s) in child classes
[22:00:56] [Render thread/DEBUG] (FabricLoader/Mixin) fabric-rendering-v1.mixins.json:LevelRendererMixin from mod fabric-rendering-v1->@Inject::beforeDebugRender(Lorg/spongepowered/asm/mixin/injection/callback/CallbackInfo;)V won't be passed a CallbackInfo as a result
[22:00:56] [Render thread/DEBUG] (FabricLoader/Mixin) fabric-rendering-v1.mixins.json:LevelRendererMixin from mod fabric-rendering-v1->@Inject::beforeTranslucentRender(Lorg/spongepowered/asm/mixin/injection/callback/CallbackInfo;)V doesn't use it's CallbackInfo
[22:00:56] [Render thread/DEBUG] (FabricLoader/Mixin) fabric-rendering-v1.mixins.json:LevelRendererMixin from mod fabric-rendering-v1->@Inject::beforeTranslucentRender(Lorg/spongepowered/asm/mixin/injection/callback/CallbackInfo;)V has 0 override(s) in child classes
[22:00:56] [Render thread/DEBUG] (FabricLoader/Mixin) fabric-rendering-v1.mixins.json:LevelRendererMixin from mod fabric-rendering-v1->@Inject::beforeTranslucentRender(Lorg/spongepowered/asm/mixin/injection/callback/CallbackInfo;)V won't be passed a CallbackInfo as a result
[22:00:56] [Render thread/DEBUG] (FabricLoader/Mixin) fabric-rendering-v1.mixins.json:LevelRendererMixin from mod fabric-rendering-v1->@Inject::beforeDrawBlockOutline(Lnet/minecraft/client/render/VertexConsumerProvider$Immediate;Lnet/minecraft/client/util/math/MatrixStack;ZLnet/minecraft/client/render/state/WorldRenderState;Lorg/spongepowered/asm/mixin/injection/callback/CallbackInfo;)V does use it's CallbackInfo
[22:00:56] [Render thread/DEBUG] (FabricLoader/Mixin) fabric-rendering-v1.mixins.json:LevelRendererMixin from mod fabric-rendering-v1->@Inject::endMainRender(Lorg/spongepowered/asm/mixin/injection/callback/CallbackInfo;)V doesn't use it's CallbackInfo
[22:00:56] [Render thread/DEBUG] (FabricLoader/Mixin) fabric-rendering-v1.mixins.json:LevelRendererMixin from mod fabric-rendering-v1->@Inject::endMainRender(Lorg/spongepowered/asm/mixin/injection/callback/CallbackInfo;)V has 0 override(s) in child classes
[22:00:56] [Render thread/DEBUG] (FabricLoader/Mixin) fabric-rendering-v1.mixins.json:LevelRendererMixin from mod fabric-rendering-v1->@Inject::endMainRender(Lorg/spongepowered/asm/mixin/injection/callback/CallbackInfo;)V won't be passed a CallbackInfo as a result
[22:00:56] [Render thread/DEBUG] (FabricLoader/Mixin) fabric-rendering-v1.mixins.json:LevelRendererMixin from mod fabric-rendering-v1->@Inject::onReload(Lorg/spongepowered/asm/mixin/injection/callback/CallbackInfo;)V doesn't use it's CallbackInfo
[22:00:56] [Render thread/DEBUG] (FabricLoader/Mixin) fabric-rendering-v1.mixins.json:LevelRendererMixin from mod fabric-rendering-v1->@Inject::onReload(Lorg/spongepowered/asm/mixin/injection/callback/CallbackInfo;)V has 0 override(s) in child classes
[22:00:56] [Render thread/DEBUG] (FabricLoader/Mixin) fabric-rendering-v1.mixins.json:LevelRendererMixin from mod fabric-rendering-v1->@Inject::onReload(Lorg/spongepowered/asm/mixin/injection/callback/CallbackInfo;)V won't be passed a CallbackInfo as a result
[22:00:56] [Render thread/DEBUG] (FabricLoader/Mixin) Mixing KeyedClientResourceReloadListenerMixin from fabric-resource-loader-v1.client.mixins.json into net.minecraft.client.render.CloudRenderer
[22:00:56] [Render thread/DEBUG] (FabricLoader/Mixin) Mixing KeyedClientResourceReloadListenerMixin from fabric-resource-loader-v1.client.mixins.json into net.minecraft.client.resource.VideoWarningManager
[22:00:56] [Render thread/DEBUG] (FabricLoader/Mixin) Mixing GuiAccessor from fabric-rendering-v1.mixins.json into net.minecraft.client.gui.hud.InGameHud
[22:00:56] [Render thread/DEBUG] (FabricLoader/Mixin) Mixing GuiMixin from fabric-rendering-v1.mixins.json into net.minecraft.client.gui.hud.InGameHud
[22:00:56] [Render thread/DEBUG] (FabricLoader/Mixin) Renaming synthetic method lambda$wrapPlayerList$21(Lcom/llamalad7/mixinextras/injector/wrapoperation/Operation;Lnet/minecraft/client/gui/hud/InGameHud;Lnet/minecraft/client/gui/DrawContext;Lnet/minecraft/client/render/RenderTickCounter;)V to mdffa551$fabric-rendering-v1$lambda$wrapPlayerList$21$0 in fabric-rendering-v1.mixins.json:GuiMixin from mod fabric-rendering-v1
[22:00:56] [Render thread/DEBUG] (FabricLoader/Mixin) Renaming synthetic method lambda$wrapChat$20(Lcom/llamalad7/mixinextras/injector/wrapoperation/Operation;Lnet/minecraft/client/gui/hud/InGameHud;Lnet/minecraft/client/gui/DrawContext;Lnet/minecraft/client/render/RenderTickCounter;)V to mdffa551$fabric-rendering-v1$lambda$wrapChat$20$1 in fabric-rendering-v1.mixins.json:GuiMixin from mod fabric-rendering-v1
[22:00:56] [Render thread/DEBUG] (FabricLoader/Mixin) Renaming synthetic method lambda$wrapTitleAndSubtitle$19(Lcom/llamalad7/mixinextras/injector/wrapoperation/Operation;Lnet/minecraft/client/gui/hud/InGameHud;Lnet/minecraft/client/gui/DrawContext;Lnet/minecraft/client/render/RenderTickCounter;)V to mdffa551$fabric-rendering-v1$lambda$wrapTitleAndSubtitle$19$2 in fabric-rendering-v1.mixins.json:GuiMixin from mod fabric-rendering-v1
[22:00:56] [Render thread/DEBUG] (FabricLoader/Mixin) Renaming synthetic method lambda$wrapOverlayMessage$18(Lcom/llamalad7/mixinextras/injector/wrapoperation/Operation;Lnet/minecraft/client/gui/hud/InGameHud;Lnet/minecraft/client/gui/DrawContext;Lnet/minecraft/client/render/RenderTickCounter;)V to mdffa551$fabric-rendering-v1$lambda$wrapOverlayMessage$18$3 in fabric-rendering-v1.mixins.json:GuiMixin from mod fabric-rendering-v1
[22:00:56] [Render thread/DEBUG] (FabricLoader/Mixin) Renaming synthetic method lambda$wrapScoreboardSidebar$17(Lcom/llamalad7/mixinextras/injector/wrapoperation/Operation;Lnet/minecraft/client/gui/hud/InGameHud;Lnet/minecraft/client/gui/DrawContext;Lnet/minecraft/client/render/RenderTickCounter;)V to mdffa551$fabric-rendering-v1$lambda$wrapScoreboardSidebar$17$4 in fabric-rendering-v1.mixins.json:GuiMixin from mod fabric-rendering-v1
[22:00:56] [Render thread/DEBUG] (FabricLoader/Mixin) Renaming synthetic method lambda$wrapDemoTimer$16(Lcom/llamalad7/mixinextras/injector/wrapoperation/Operation;Lnet/minecraft/client/gui/hud/InGameHud;Lnet/minecraft/client/gui/DrawContext;Lnet/minecraft/client/render/RenderTickCounter;)V to mdffa551$fabric-rendering-v1$lambda$wrapDemoTimer$16$5 in fabric-rendering-v1.mixins.json:GuiMixin from mod fabric-rendering-v1
[22:00:56] [Render thread/DEBUG] (FabricLoader/Mixin) Renaming synthetic method lambda$wrapSleepOverlay$15(Lcom/llamalad7/mixinextras/injector/wrapoperation/Operation;Lnet/minecraft/client/gui/hud/InGameHud;Lnet/minecraft/client/gui/DrawContext;Lnet/minecraft/client/render/RenderTickCounter;)V to mdffa551$fabric-rendering-v1$lambda$wrapSleepOverlay$15$6 in fabric-rendering-v1.mixins.json:GuiMixin from mod fabric-rendering-v1
[22:00:56] [Render thread/DEBUG] (FabricLoader/Mixin) Renaming synthetic method lambda$wrapBossBarHud$14(Lcom/llamalad7/mixinextras/injector/wrapoperation/Operation;Lnet/minecraft/client/gui/hud/InGameHud;Lnet/minecraft/client/gui/DrawContext;Lnet/minecraft/client/render/RenderTickCounter;)V to mdffa551$fabric-rendering-v1$lambda$wrapBossBarHud$14$7 in fabric-rendering-v1.mixins.json:GuiMixin from mod fabric-rendering-v1
[22:00:56] [Render thread/DEBUG] (FabricLoader/Mixin) Renaming synthetic method lambda$wrapStatusEffectOverlay$13(Lcom/llamalad7/mixinextras/injector/wrapoperation/Operation;Lnet/minecraft/client/gui/hud/InGameHud;Lnet/minecraft/client/gui/DrawContext;Lnet/minecraft/client/render/RenderTickCounter;)V to mdffa551$fabric-rendering-v1$lambda$wrapStatusEffectOverlay$13$8 in fabric-rendering-v1.mixins.json:GuiMixin from mod fabric-rendering-v1
[22:00:56] [Render thread/DEBUG] (FabricLoader/Mixin) Renaming synthetic method lambda$wrapRenderSpectatorHud$12(Lcom/llamalad7/mixinextras/injector/wrapoperation/Operation;Lnet/minecraft/client/gui/hud/SpectatorHud;Lnet/minecraft/client/gui/DrawContext;Lnet/minecraft/client/render/RenderTickCounter;)V to mdffa551$fabric-rendering-v1$lambda$wrapRenderSpectatorHud$12$9 in fabric-rendering-v1.mixins.json:GuiMixin from mod fabric-rendering-v1
[22:00:56] [Render thread/DEBUG] (FabricLoader/Mixin) Renaming synthetic method lambda$wrapHeldItemTooltip$11(Lcom/llamalad7/mixinextras/injector/wrapoperation/Operation;Lnet/minecraft/client/gui/hud/InGameHud;Lnet/minecraft/client/gui/DrawContext;Lnet/minecraft/client/render/RenderTickCounter;)V to mdffa551$fabric-rendering-v1$lambda$wrapHeldItemTooltip$11$a in fabric-rendering-v1.mixins.json:GuiMixin from mod fabric-rendering-v1
[22:00:56] [Render thread/DEBUG] (FabricLoader/Mixin) Renaming synthetic method lambda$wrapExperienceLevel$10(Lcom/llamalad7/mixinextras/injector/wrapoperation/Operation;Lnet/minecraft/client/font/TextRenderer;ILnet/minecraft/client/gui/DrawContext;Lnet/minecraft/client/render/RenderTickCounter;)V to mdffa551$fabric-rendering-v1$lambda$wrapExperienceLevel$10$b in fabric-rendering-v1.mixins.json:GuiMixin from mod fabric-rendering-v1
[22:00:56] [Render thread/DEBUG] (FabricLoader/Mixin) Renaming synthetic method lambda$wrapRenderBar$9(Lcom/llamalad7/mixinextras/injector/wrapoperation/Operation;Lnet/minecraft/client/gui/hud/bar/Bar;Lnet/minecraft/client/gui/DrawContext;Lnet/minecraft/client/render/RenderTickCounter;)V to mdffa551$fabric-rendering-v1$lambda$wrapRenderBar$9$c in fabric-rendering-v1.mixins.json:GuiMixin from mod fabric-rendering-v1
[22:00:56] [Render thread/DEBUG] (FabricLoader/Mixin) Renaming synthetic method lambda$wrapMountHealth$8(Lcom/llamalad7/mixinextras/injector/wrapoperation/Operation;Lnet/minecraft/client/gui/hud/InGameHud;Lnet/minecraft/client/gui/DrawContext;Lnet/minecraft/client/render/RenderTickCounter;)V to mdffa551$fabric-rendering-v1$lambda$wrapMountHealth$8$d in fabric-rendering-v1.mixins.json:GuiMixin from mod fabric-rendering-v1
[22:00:56] [Render thread/DEBUG] (FabricLoader/Mixin) Renaming synthetic method lambda$wrapAirBar$7(Lcom/llamalad7/mixinextras/injector/wrapoperation/Operation;Lnet/minecraft/client/gui/hud/InGameHud;Lnet/minecraft/entity/player/PlayerEntity;IIILnet/minecraft/client/gui/DrawContext;Lnet/minecraft/client/render/RenderTickCounter;)V to mdffa551$fabric-rendering-v1$lambda$wrapAirBar$7$e in fabric-rendering-v1.mixins.json:GuiMixin from mod fabric-rendering-v1
[22:00:56] [Render thread/DEBUG] (FabricLoader/Mixin) Renaming synthetic method lambda$wrapFoodBar$6(Lcom/llamalad7/mixinextras/injector/wrapoperation/Operation;Lnet/minecraft/client/gui/hud/InGameHud;Lnet/minecraft/entity/player/PlayerEntity;IILnet/minecraft/client/gui/DrawContext;Lnet/minecraft/client/render/RenderTickCounter;)V to mdffa551$fabric-rendering-v1$lambda$wrapFoodBar$6$f in fabric-rendering-v1.mixins.json:GuiMixin from mod fabric-rendering-v1
[22:00:56] [Render thread/DEBUG] (FabricLoader/Mixin) Renaming synthetic method lambda$wrapHealthBar$5(Lcom/llamalad7/mixinextras/injector/wrapoperation/Operation;Lnet/minecraft/client/gui/hud/InGameHud;Lnet/minecraft/entity/player/PlayerEntity;IIIIFIIIZLnet/minecraft/client/gui/DrawContext;Lnet/minecraft/client/render/RenderTickCounter;)V to mdffa551$fabric-rendering-v1$lambda$wrapHealthBar$5$10 in fabric-rendering-v1.mixins.json:GuiMixin from mod fabric-rendering-v1
[22:00:56] [Render thread/DEBUG] (FabricLoader/Mixin) Renaming synthetic method lambda$wrapArmorBar$4(Lcom/llamalad7/mixinextras/injector/wrapoperation/Operation;Lnet/minecraft/entity/player/PlayerEntity;IIIILnet/minecraft/client/gui/DrawContext;Lnet/minecraft/client/render/RenderTickCounter;)V to mdffa551$fabric-rendering-v1$lambda$wrapArmorBar$4$11 in fabric-rendering-v1.mixins.json:GuiMixin from mod fabric-rendering-v1
[22:00:56] [Render thread/DEBUG] (FabricLoader/Mixin) Renaming synthetic method lambda$wrapHotbar$3(Lcom/llamalad7/mixinextras/injector/wrapoperation/Operation;Lnet/minecraft/client/gui/hud/InGameHud;Lnet/minecraft/client/gui/DrawContext;Lnet/minecraft/client/render/RenderTickCounter;)V to mdffa551$fabric-rendering-v1$lambda$wrapHotbar$3$12 in fabric-rendering-v1.mixins.json:GuiMixin from mod fabric-rendering-v1
[22:00:56] [Render thread/DEBUG] (FabricLoader/Mixin) Renaming synthetic method lambda$wrapSpectatorMenu$2(Lcom/llamalad7/mixinextras/injector/wrapoperation/Operation;Lnet/minecraft/client/gui/hud/SpectatorHud;Lnet/minecraft/client/gui/DrawContext;Lnet/minecraft/client/render/RenderTickCounter;)V to mdffa551$fabric-rendering-v1$lambda$wrapSpectatorMenu$2$13 in fabric-rendering-v1.mixins.json:GuiMixin from mod fabric-rendering-v1
[22:00:56] [Render thread/DEBUG] (FabricLoader/Mixin) Renaming synthetic method lambda$wrapCrosshair$1(Lcom/llamalad7/mixinextras/injector/wrapoperation/Operation;Lnet/minecraft/client/gui/hud/InGameHud;Lnet/minecraft/client/gui/DrawContext;Lnet/minecraft/client/render/RenderTickCounter;)V to mdffa551$fabric-rendering-v1$lambda$wrapCrosshair$1$14 in fabric-rendering-v1.mixins.json:GuiMixin from mod fabric-rendering-v1
[22:00:56] [Render thread/DEBUG] (FabricLoader/Mixin) Renaming synthetic method lambda$wrapMiscOverlays$0(Lcom/llamalad7/mixinextras/injector/wrapoperation/Operation;Lnet/minecraft/client/gui/hud/InGameHud;Lnet/minecraft/client/gui/DrawContext;Lnet/minecraft/client/render/RenderTickCounter;)V to mdffa551$fabric-rendering-v1$lambda$wrapMiscOverlays$0$15 in fabric-rendering-v1.mixins.json:GuiMixin from mod fabric-rendering-v1
[22:00:56] [Render thread/DEBUG] (FabricLoader/Mixin) fabric-rendering-v1.mixins.json:GuiMixin from mod fabric-rendering-v1->@Inject::render(Lnet/minecraft/client/gui/DrawContext;Lnet/minecraft/client/render/RenderTickCounter;Lorg/spongepowered/asm/mixin/injection/callback/CallbackInfo;)V doesn't use it's CallbackInfo
[22:00:56] [Render thread/DEBUG] (FabricLoader/Mixin) fabric-rendering-v1.mixins.json:GuiMixin from mod fabric-rendering-v1->@Inject::render(Lnet/minecraft/client/gui/DrawContext;Lnet/minecraft/client/render/RenderTickCounter;Lorg/spongepowered/asm/mixin/injection/callback/CallbackInfo;)V has 0 override(s) in child classes
[22:00:56] [Render thread/DEBUG] (FabricLoader/Mixin) fabric-rendering-v1.mixins.json:GuiMixin from mod fabric-rendering-v1->@Inject::render(Lnet/minecraft/client/gui/DrawContext;Lnet/minecraft/client/render/RenderTickCounter;Lorg/spongepowered/asm/mixin/injection/callback/CallbackInfo;)V won't be passed a CallbackInfo as a result
[22:00:56] [Render thread/DEBUG] (FabricLoader/Mixin) Mixing SubtitleOverlayMixin from fabric-rendering-v1.mixins.json into net.minecraft.client.gui.hud.SubtitlesHud
[22:00:56] [Render thread/DEBUG] (FabricLoader/Mixin) Renaming synthetic method lambda$wrapSubtitleRender$0(Lcom/llamalad7/mixinextras/injector/wrapoperation/Operation;Lnet/minecraft/client/gui/DrawContext;Lnet/minecraft/client/render/RenderTickCounter;)V to mdffa551$fabric-rendering-v1$lambda$wrapSubtitleRender$0$0 in fabric-rendering-v1.mixins.json:SubtitleOverlayMixin from mod fabric-rendering-v1
[22:00:56] [Render thread/DEBUG] (FabricLoader/Mixin) Mixing ResourceMixin from fabric-resource-loader-v1.mixins.json into net.minecraft.resource.Resource
[22:00:56] [Render thread/ERROR] (com.mojang.text2speech.Narrator) Error while loading the narrator
com.mojang.text2speech.Narrator$InitializeException: Failed to load library flite
	at knot//com.mojang.text2speech.NarratorLinux$FliteLibrary.loadNative(NarratorLinux.java:81)
	at knot//com.mojang.text2speech.NarratorLinux.<init>(NarratorLinux.java:18)
	at knot//com.mojang.text2speech.Narrator.getNarrator(Narrator.java:41)
	at knot//net.minecraft.client.util.NarratorManager.<init>(NarratorManager.java:20)
	at knot//net.minecraft.client.MinecraftClient.<init>(MinecraftClient.java:702)
	at knot//net.minecraft.client.main.Main.main(Main.java:234)
	at net.fabricmc.loader.impl.game.minecraft.MinecraftGameProvider.launch(MinecraftGameProvider.java:514)
	at net.fabricmc.loader.impl.launch.knot.Knot.launch(Knot.java:72)
	at net.fabricmc.loader.impl.launch.knot.KnotClient.main(KnotClient.java:23)
	at net.fabricmc.devlaunchinjector.Main.main(Main.java:86)
Caused by: java.lang.UnsatisfiedLinkError: Unable to load library 'flite':
libflite.so: cannot open shared object file: No such file or directory
libflite.so: cannot open shared object file: No such file or directory
Native library (linux-x86-64/libflite.so) not found in resource path (/var/home/lei/IdeaProjects/majinReacts/build/classes/java/client:/var/home/lei/IdeaProjects/majinReacts/build/resources/client:/var/home/lei/.gradle/caches/fabric-loom/1.21.11/net.fabricmc.yarn.1_21_11.1.21.11+build.6-v2/mappings.jar:/var/home/lei/.gradle/caches/modules-2/files-2.1/org.ow2.asm/asm/9.9/c29635c8a7afa03d74b33c1884df8abb2b3f3dcc/asm-9.9.jar:/var/home/lei/.gradle/caches/modules-2/files-2.1/org.ow2.asm/asm-analysis/9.9/bf4fa6e66638851c1cd22c2caea0c3ee5d5f437/asm-analysis-9.9.jar:/var/home/lei/.gradle/caches/modules-2/files-2.1/org.ow2.asm/asm-commons/9.9/db9165a3bf908ded6b08612d583a15d1d0c7bda0/asm-commons-9.9.jar:/var/home/lei/.gradle/caches/modules-2/files-2.1/org.ow2.asm/asm-tree/9.9/f8de6eead6d24dd0f45bd065bbe112b2cda6ea21/asm-tree-9.9.jar:/var/home/lei/.gradle/caches/modules-2/files-2.1/org.ow2.asm/asm-util/9.9/42fdfc0508b43807c8078d6e82ecff2ce2112ae8/asm-util-9.9.jar:/var/home/lei/.gradle/caches/modules-2/files-2.1/net.fabricmc/sponge-mixin/0.17.2+mixin.0.8.7/edf98d1d98229e46e36c61774ae2b54dcd852981/sponge-mixin-0.17.2+mixin.0.8.7.jar:/var/home/lei/.gradle/caches/modules-2/files-2.1/io.github.llamalad7/mixinextras-fabric/0.5.4/5e167154bcb9942111313a5e186e16cd7265f858/mixinextras-fabric-0.5.4.jar:/var/home/lei/.gradle/caches/modules-2/files-2.1/net.fabricmc/dev-launch-injector/0.2.1+build.8/da8bef7e6e2f952da707f282bdb46882a0fce5e3/dev-launch-injector-0.2.1+build.8.jar:/var/home/lei/.gradle/caches/modules-2/files-2.1/net.fabricmc/fabric-log4j-util/1.0.2/ef0b3fb613356feb75a67d54f2fad6f03a006648/fabric-log4j-util-1.0.2.jar:/var/home/lei/.gradle/caches/modules-2/files-2.1/at.yawk.lz4/lz4-java/1.8.1/1f30a180ee04ccd53339a716aec13cae60a013b5/lz4-java-1.8.1.jar:/var/home/lei/.gradle/caches/modules-2/files-2.1/com.azure/azure-json/1.4.0/fcc1d354dbc3e0300e5276b1bf124d0247799cd8/azure-json-1.4.0.jar:/var/home/lei/.gradle/caches/modules-2/files-2.1/com.github.oshi/oshi-core/6.9.0/3224870731860cfcd7744581a05b559e94291e7/oshi-core-6.9.0.jar:/var/home/lei/.gradle/caches/modules-2/files-2.1/com.google.code.gson/gson/2.13.2/48b8230771e573b54ce6e867a9001e75977fe78e/gson-2.13.2.jar:/var/home/lei/.gradle/caches/modules-2/files-2.1/com.google.guava/failureaccess/1.0.3/aeaffd00d57023a2c947393ed251f0354f0985fc/failureaccess-1.0.3.jar:/var/home/lei/.gradle/caches/modules-2/files-2.1/com.google.guava/guava/33.5.0-jre/8699de25f2f979108d6c1b804a7ba38cda1116bc/guava-33.5.0-jre.jar:/var/home/lei/.gradle/caches/modules-2/files-2.1/com.ibm.icu/icu4j/77.1/38693cf0b1d7362a8b726af74dc06026a7c23809/icu4j-77.1.jar:/var/home/lei/.gradle/caches/modules-2/files-2.1/com.microsoft.azure/msal4j/1.23.1/6c722b514873b24a4e1ce9c22dca36ea3c22bdbe/msal4j-1.23.1.jar:/var/home/lei/.gradle/caches/modules-2/files-2.1/com.mojang/authlib/7.0.61/efee1e6b54e863108576eb3b3ae71144626aaefc/authlib-7.0.61.jar:/var/home/lei/.gradle/caches/modules-2/files-2.1/com.mojang/blocklist/1.0.10/5c685c5ffa94c4cd39496c7184c1d122e515ecef/blocklist-1.0.10.jar:/var/home/lei/.gradle/caches/modules-2/files-2.1/com.mojang/brigadier/1.3.10/d15b53a14cf20fdcaa98f731af5dda654452c010/brigadier-1.3.10.jar:/var/home/lei/.gradle/caches/modules-2/files-2.1/com.mojang/datafixerupper/9.0.19/4e91f9712fa1e83231d1501625381b0210a977da/datafixerupper-9.0.19.jar:/var/home/lei/.gradle/caches/modules-2/files-2.1/com.mojang/jtracy/1.0.37/a3fb649b2e2b2288d2978f0b0bc3d83f62809d1e/jtracy-1.0.37.jar:/var/home/lei/.gradle/caches/modules-2/files-2.1/com.mojang/jtracy/1.0.37/e1b4395227af41195da9e2ead13c48ee0b7d31cd/jtracy-1.0.37-natives-linux.jar:/var/home/lei/.gradle/caches/modules-2/files-2.1/com.mojang/logging/1.6.11/fd147240733010c158249d986323f9ef98977fe/logging-1.6.11.jar:/var/home/lei/.gradle/caches/modules-2/files-2.1/com.mojang/patchy/2.2.10/da05971b07cbb379d002cf7eaec6a2048211fefc/patchy-2.2.10.jar:/var/home/lei/.gradle/caches/modules-2/files-2.1/com.mojang/text2speech/1.18.11/e853a12cdd6ba4f4836e8f4bf3b37844a13482b6/text2speech-1.18.11.jar:/var/home/lei/.gradle/caches/modules-2/files-2.1/commons-codec/commons-codec/1.19.0/8c0dbe3ae883fceda9b50a6c76e745e548073388/commons-codec-1.19.0.jar:/var/home/lei/.gradle/caches/modules-2/files-2.1/commons-io/commons-io/2.20.0/36f3474daec2849c149e877614e7f979b2082cd2/commons-io-2.20.0.jar:/var/home/lei/.gradle/caches/modules-2/files-2.1/io.netty/netty-buffer/4.2.7.Final/5555ff561643bf2f8430fb57c24403c0efe15994/netty-buffer-4.2.7.Final.jar:/var/home/lei/.gradle/caches/modules-2/files-2.1/io.netty/netty-codec-base/4.2.7.Final/915e381ebabcf115f1c7ff7032d55c48afb50210/netty-codec-base-4.2.7.Final.jar:/var/home/lei/.gradle/caches/modules-2/files-2.1/io.netty/netty-codec-compression/4.2.7.Final/572341bc1ca90fd9d6e47f1d2694aab5258566e9/netty-codec-compression-4.2.7.Final.jar:/var/home/lei/.gradle/caches/modules-2/files-2.1/io.netty/netty-codec-http/4.2.7.Final/b734c108854099c421fd94d92d9f865e4d4da853/netty-codec-http-4.2.7.Final.jar:/var/home/lei/.gradle/caches/modules-2/files-2.1/io.netty/netty-common/4.2.7.Final/11aa30df26af4fca3239ac1917f303a280f301e1/netty-common-4.2.7.Final.jar:/var/home/lei/.gradle/caches/modules-2/files-2.1/io.netty/netty-handler/4.2.7.Final/7ad8a1f851e2e6fe93cdd091871fda2b81c03b5b/netty-handler-4.2.7.Final.jar:/var/home/lei/.gradle/caches/modules-2/files-2.1/io.netty/netty-resolver/4.2.7.Final/5f3e5ef8de03992cd4fb46960dc0085ec1a12a12/netty-resolver-4.2.7.Final.jar:/var/home/lei/.gradle/caches/modules-2/files-2.1/io.netty/netty-transport-classes-epoll/4.2.7.Final/1075c09f48a78eef9d819fbfd9096b903fdd362a/netty-transport-classes-epoll-4.2.7.Final.jar:/var/home/lei/.gradle/caches/modules-2/files-2.1/io.netty/netty-transport-classes-kqueue/4.2.7.Final/bdec7c23c75caabd848426d073c09568e8d5f94e/netty-transport-classes-kqueue-4.2.7.Final.jar:/var/home/lei/.gradle/caches/modules-2/files-2.1/io.netty/netty-transport-native-epoll/4.2.7.Final/98d02251c98c8f07a23ac5ea27657d9e0ef57614/netty-transport-native-epoll-4.2.7.Final-linux-aarch_64.jar:/var/home/lei/.gradle/caches/modules-2/files-2.1/io.netty/netty-transport-native-epoll/4.2.7.Final/e83998bfc10b5289d9bcbe807c4079ef0eed8e6f/netty-transport-native-epoll-4.2.7.Final-linux-x86_64.jar:/var/home/lei/.gradle/caches/modules-2/files-2.1/io.netty/netty-transport-native-unix-common/4.2.7.Final/89953f04259ea7502cffb313630dd51e00e60669/netty-transport-native-unix-common-4.2.7.Final.jar:/var/home/lei/.gradle/caches/modules-2/files-2.1/io.netty/netty-transport/4.2.7.Final/83ea548981d0d8c4a98027cc1a6f9624f902e142/netty-transport-4.2.7.Final.jar:/var/home/lei/.gradle/caches/modules-2/files-2.1/it.unimi.dsi/fastutil/8.5.18/a6cff377eecc19c2037bf31568a6d7106b50ba1f/fastutil-8.5.18.jar:/var/home/lei/.gradle/caches/modules-2/files-2.1/net.java.dev.jna/jna-platform/5.17.0/a4934c44d25a9d8c2ddf4203affd20330cb3426f/jna-platform-5.17.0.jar:/var/home/lei/.gradle/caches/modules-2/files-2.1/net.java.dev.jna/jna/5.17.0/33d12735bef894440780fce64f9758d420c7bae2/jna-5.17.0.jar:/var/home/lei/.gradle/caches/modules-2/files-2.1/net.sf.jopt-simple/jopt-simple/5.0.4/4fdac2fbe92dfad86aa6e9301736f6b4342a3f5c/jopt-simple-5.0.4.jar:/var/home/lei/.gradle/caches/modules-2/files-2.1/org.apache.commons/commons-compress/1.28.0/e482f2c7a88dac3c497e96aa420b6a769f59c8d7/commons-compress-1.28.0.jar:/var/home/lei/.gradle/caches/modules-2/files-2.1/org.apache.commons/commons-lang3/3.19.0/d6524b169a6574cd253760c472d419b47bfd37e6/commons-lang3-3.19.0.jar:/var/home/lei/.gradle/caches/modules-2/files-2.1/org.apache.logging.log4j/log4j-api/2.25.2/292c1a2b1702f1e1e3adb13e1c57e5bff60335ff/log4j-api-2.25.2.jar:/var/home/lei/.gradle/caches/modules-2/files-2.1/org.apache.logging.log4j/log4j-core/2.25.2/d4d0ad2e51e03e531f784891fbfff1bae1e13a12/log4j-core-2.25.2.jar:/var/home/lei/.gradle/caches/modules-2/files-2.1/org.apache.logging.log4j/log4j-slf4j2-impl/2.25.2/5eec0c392661dee8a366baec17e8896900dd978f/log4j-slf4j2-impl-2.25.2.jar:/var/home/lei/.gradle/caches/modules-2/files-2.1/org.jcraft/jorbis/0.0.17/8872d22b293e8f5d7d56ff92be966e6dc28ebdc6/jorbis-0.0.17.jar:/var/home/lei/.gradle/caches/modules-2/files-2.1/org.joml/joml/1.10.8/fc0a71dad90a2cf41d82a76156a0e700af8e4f8d/joml-1.10.8.jar:/var/home/lei/.gradle/caches/modules-2/files-2.1/org.jspecify/jspecify/1.0.0/7425a601c1c7ec76645a78d22b8c6a627edee507/jspecify-1.0.0.jar:/var/home/lei/.gradle/caches/modules-2/files-2.1/org.lwjgl/lwjgl-freetype/3.3.3/a0db6c84a8becc8ca05f9dbfa985edc348a824c7/lwjgl-freetype-3.3.3.jar:/var/home/lei/.gradle/caches/modules-2/files-2.1/org.lwjgl/lwjgl-freetype/3.3.3/149070a5480900347071b7074779531f25a6e3dc/lwjgl-freetype-3.3.3-natives-linux.jar:/var/home/lei/.gradle/caches/modules-2/files-2.1/org.lwjgl/lwjgl-glfw/3.3.3/efa1eb78c5ccd840e9f329717109b5e892d72f8e/lwjgl-glfw-3.3.3.jar:/var/home/lei/.gradle/caches/modules-2/files-2.1/org.lwjgl/lwjgl-glfw/3.3.3/a03684c5e4b1b1dbbe0d29dbbdc27b985b6840f2/lwjgl-glfw-3.3.3-natives-linux.jar:/var/home/lei/.gradle/caches/modules-2/files-2.1/org.lwjgl/lwjgl-jemalloc/3.3.3/b543467b7ff3c6920539a88ee602d34098628be5/lwjgl-jemalloc-3.3.3.jar:/var/home/lei/.gradle/caches/modules-2/files-2.1/org.lwjgl/lwjgl-jemalloc/3.3.3/4f86728bf449b1dd61251c4e0ac01df1389cb51e/lwjgl-jemalloc-3.3.3-natives-linux.jar:/var/home/lei/.gradle/caches/modules-2/files-2.1/org.lwjgl/lwjgl-openal/3.3.3/daada81ceb5fc0c291fbfdd4433cb8d9423577f2/lwjgl-openal-3.3.3.jar:/var/home/lei/.gradle/caches/modules-2/files-2.1/org.lwjgl/lwjgl-openal/3.3.3/3037360cc4595079bea240af250b6d1a527e0905/lwjgl-openal-3.3.3-natives-linux.jar:/var/home/lei/.gradle/caches/modules-2/files-2.1/org.lwjgl/lwjgl-opengl/3.3.3/2f6b0147078396a58979125a4c947664e98293a/lwjgl-opengl-3.3.3.jar:/var/home/lei/.gradle/caches/modules-2/files-2.1/org.lwjgl/lwjgl-opengl/3.3.3/62c70a4b00ca5391882b0f4b787c1588d24f1c86/lwjgl-opengl-3.3.3-natives-linux.jar:/var/home/lei/.gradle/caches/modules-2/files-2.1/org.lwjgl/lwjgl-stb/3.3.3/25dd6161988d7e65f71d5065c99902402ee32746/lwjgl-stb-3.3.3.jar:/var/home/lei/.gradle/caches/modules-2/files-2.1/org.lwjgl/lwjgl-stb/3.3.3/fd1271ccd9d85eff2fa31f3fd543e02ccfaf5041/lwjgl-stb-3.3.3-natives-linux.jar:/var/home/lei/.gradle/caches/modules-2/files-2.1/org.lwjgl/lwjgl-tinyfd/3.3.3/82d755ca94b102e9ca77283b9e2dc46d1b15fbe5/lwjgl-tinyfd-3.3.3.jar:/var/home/lei/.gradle/caches/modules-2/files-2.1/org.lwjgl/lwjgl-tinyfd/3.3.3/d8d58daa0c3e5fd906fee96f5fddbcbc07cc308b/lwjgl-tinyfd-3.3.3-natives-linux.jar:/var/home/lei/.gradle/caches/modules-2/files-2.1/org.lwjgl/lwjgl/3.3.3/29589b5f87ed335a6c7e7ee6a5775f81f97ecb84/lwjgl-3.3.3.jar:/var/home/lei/.gradle/caches/modules-2/files-2.1/org.lwjgl/lwjgl/3.3.3/1713758e3660ba66e1e954396fd18126038b33c0/lwjgl-3.3.3-natives-linux.jar:/var/home/lei/.gradle/caches/modules-2/files-2.1/org.slf4j/slf4j-api/2.0.17/d9e58ac9c7779ba3bf8142aff6c830617a7fe60f/slf4j-api-2.0.17.jar:/var/home/lei/IdeaProjects/majinReacts/.gradle/loom-cache/minecraftMaven/net/minecraft/minecraft-clientOnly-6dd721cd7d/1.21.11-net.fabricmc.yarn.1_21_11.1.21.11+build.6-v2/minecraft-clientOnly-6dd721cd7d-1.21.11-net.fabricmc.yarn.1_21_11.1.21.11+build.6-v2.jar:/var/home/lei/IdeaProjects/majinReacts/.gradle/loom-cache/minecraftMaven/net/minecraft/minecraft-common-6dd721cd7d/1.21.11-net.fabricmc.yarn.1_21_11.1.21.11+build.6-v2/minecraft-common-6dd721cd7d-1.21.11-net.fabricmc.yarn.1_21_11.1.21.11+build.6-v2.jar:/var/home/lei/.gradle/caches/modules-2/files-2.1/io.netty/netty-transport-native-kqueue/4.2.7.Final/40868fd4e43bce2798245f790624b58803dc26b6/netty-transport-native-kqueue-4.2.7.Final-osx-x86_64.jar:/var/home/lei/.gradle/caches/modules-2/files-2.1/io.netty/netty-transport-native-kqueue/4.2.7.Final/e5a0feef41410c8a5ae00c6cb4e0c99bd0aded6a/netty-transport-native-kqueue-4.2.7.Final-osx-aarch_64.jar:/var/home/lei/IdeaProjects/majinReacts/.gradle/loom-cache/remapped_mods/remapped/net/fabricmc/fabric-api/fabric-transfer-api-v1-16c8840d-client/6.0.25+4fc5413f3e/fabric-transfer-api-v1-16c8840d-client-6.0.25+4fc5413f3e.jar:/var/home/lei/IdeaProjects/majinReacts/.gradle/loom-cache/remapped_mods/remapped/net/fabricmc/fabric-api/fabric-command-api-v2-16c8840d-client/2.4.7+6b42a6003e/fabric-command-api-v2-16c8840d-client-2.4.7+6b42a6003e.jar:/var/home/lei/IdeaProjects/majinReacts/.gradle/loom-cache/remapped_mods/remapped/net/fabricmc/fabric-api/fabric-data-generation-api-v1-16c8840d-client/23.4.1+69974c4e3e/fabric-data-generation-api-v1-16c8840d-client-23.4.1+69974c4e3e.jar:/var/home/lei/IdeaProjects/majinReacts/.gradle/loom-cache/remapped_mods/remapped/net/fabricmc/fabric-api/fabric-data-attachment-api-v1-16c8840d-client/1.8.48+eed0806f3e/fabric-data-attachment-api-v1-16c8840d-client-1.8.48+eed0806f3e.jar:/var/home/lei/IdeaProjects/majinReacts/.gradle/loom-cache/remapped_mods/remapped/net/fabricmc/fabric-api/fabric-events-interaction-v0-16c8840d-client/4.1.1+3b89ecf63e/fabric-events-interaction-v0-16c8840d-client-4.1.1+3b89ecf63e.jar:/var/home/lei/IdeaProjects/majinReacts/.gradle/loom-cache/remapped_mods/remapped/net/fabricmc/fabric-api/fabric-game-rule-api-v1-16c8840d-client/2.0.3+4fc5413f3e/fabric-game-rule-api-v1-16c8840d-client-2.0.3+4fc5413f3e.jar:/var/home/lei/IdeaProjects/majinReacts/.gradle/loom-cache/remapped_mods/remapped/net/fabricmc/fabric-api/fabric-item-api-v1-16c8840d-client/11.5.20+d0c46b9e3e/fabric-item-api-v1-16c8840d-client-11.5.20+d0c46b9e3e.jar:/var/home/lei/IdeaProjects/majinReacts/.gradle/loom-cache/remapped_mods/remapped/net/fabricmc/fabric-api/fabric-item-group-api-v1-16c8840d-client/4.2.36+4fc5413f3e/fabric-item-group-api-v1-16c8840d-client-4.2.36+4fc5413f3e.jar:/var/home/lei/IdeaProjects/majinReacts/.gradle/loom-cache/remapped_mods/remapped/net/fabricmc/fabric-api/fabric-recipe-api-v1-16c8840d-client/8.2.4+4ebb5c083e/fabric-recipe-api-v1-16c8840d-client-8.2.4+4ebb5c083e.jar:/var/home/lei/IdeaProjects/majinReacts/.gradle/loom-cache/remapped_mods/remapped/net/fabricmc/fabric-api/fabric-model-loading-api-v1-16c8840d-client/6.0.15+4fc5413f3e/fabric-model-loading-api-v1-16c8840d-client-6.0.15+4fc5413f3e.jar:/var/home/lei/IdeaProjects/majinReacts/.gradle/loom-cache/remapped_mods/remapped/net/fabricmc/fabric-api/fabric-renderer-indigo-16c8840d-client/5.0.3+f4ffd2e53e/fabric-renderer-indigo-16c8840d-client-5.0.3+f4ffd2e53e.jar:/var/home/lei/IdeaProjects/majinReacts/.gradle/loom-cache/remapped_mods/remapped/net/fabricmc/fabric-api/fabric-renderer-api-v1-16c8840d-client/8.0.3+f4ffd2e53e/fabric-renderer-api-v1-16c8840d-client-8.0.3+f4ffd2e53e.jar:/var/home/lei/IdeaProjects/majinReacts/.gradle/loom-cache/remapped_mods/remapped/net/fabricmc/fabric-api/fabric-rendering-v1-16c8840d-client/16.2.10+0290ad933e/fabric-rendering-v1-16c8840d-client-16.2.10+0290ad933e.jar:/var/home/lei/IdeaProjects/majinReacts/.gradle/loom-cache/remapped_mods/remapped/net/fabricmc/fabric-api/fabric-lifecycle-events-v1-16c8840d-client/2.6.15+4ebb5c083e/fabric-lifecycle-events-v1-16c8840d-client-2.6.15+4ebb5c083e.jar:/var/home/lei/IdeaProjects/majinReacts/.gradle/loom-cache/remapped_mods/remapped/net/fabricmc/fabric-api/fabric-message-api-v1-16c8840d-client/6.1.12+4ebb5c083e/fabric-message-api-v1-16c8840d-client-6.1.12+4ebb5c083e.jar:/var/home/lei/IdeaProjects/majinReacts/.gradle/loom-cache/remapped_mods/remapped/net/fabricmc/fabric-api/fabric-particles-v1-16c8840d-client/4.2.12+4fc5413f3e/fabric-particles-v1-16c8840d-client-4.2.12+4fc5413f3e.jar:/var/home/lei/IdeaProjects/majinReacts/.gradle/loom-cache/remapped_mods/remapped/net/fabricmc/fabric-api/fabric-object-builder-api-v1-16c8840d-client/21.1.40+4fc5413f3e/fabric-object-builder-api-v1-16c8840d-client-21.1.40+4fc5413f3e.jar:/var/home/lei/IdeaProjects/majinReacts/.gradle/loom-cache/remapped_mods/remapped/net/fabricmc/fabric-api/fabric-screen-handler-api-v1-16c8840d-client/1.3.162+4fc5413f3e/fabric-screen-handler-api-v1-16c8840d-client-1.3.162+4fc5413f3e.jar:/var/home/lei/IdeaProjects/majinReacts/.gradle/loom-cache/remapped_mods/remapped/net/fabricmc/fabric-api/fabric-registry-sync-v0-16c8840d-client/6.2.6+1718722b3e/fabric-registry-sync-v0-16c8840d-client-6.2.6+1718722b3e.jar:/var/home/lei/IdeaProjects/majinReacts/.gradle/loom-cache/remapped_mods/remapped/net/fabricmc/fabric-api/fabric-networking-api-v1-16c8840d-client/5.1.6+6b6d71a53e/fabric-networking-api-v1-16c8840d-client-5.1.6+6b6d71a53e.jar:/var/home/lei/IdeaProjects/majinReacts/.gradle/loom-cache/remapped_mods/remapped/net/fabricmc/fabric-api/fabric-rendering-fluids-v1-16c8840d-client/3.1.43+4ebb5c083e/fabric-rendering-fluids-v1-16c8840d-client-3.1.43+4ebb5c083e.jar:/var/home/lei/IdeaProjects/majinReacts/.gradle/loom-cache/remapped_mods/remapped/net/fabricmc/fabric-api/fabric-tag-api-v1-16c8840d-client/1.2.20+4fc5413f3e/fabric-tag-api-v1-16c8840d-client-1.2.20+4fc5413f3e.jar:/var/home/lei/IdeaProjects/majinReacts/.gradle/loom-cache/remapped_mods/remapped/net/fabricmc/fabric-api/fabric-resource-loader-v1-16c8840d-client/1.0.10+78c8b4663e/fabric-resource-loader-v1-16c8840d-client-1.0.10+78c8b4663e.jar:/var/home/lei/IdeaProjects/majinReacts/.gradle/loom-cache/remapped_mods/remapped/net/fabricmc/fabric-api/fabric-screen-api-v1-16c8840d-client/3.1.7+4ebb5c083e/fabric-screen-api-v1-16c8840d-client-3.1.7+4ebb5c083e.jar:/var/home/lei/IdeaProjects/majinReacts/.gradle/loom-cache/remapped_mods/remapped/net/fabricmc/fabric-api/fabric-block-view-api-v2-16c8840d-client/1.0.39+4ebb5c083e/fabric-block-view-api-v2-16c8840d-client-1.0.39+4ebb5c083e.jar:/var/home/lei/IdeaProjects/majinReacts/.gradle/loom-cache/remapped_mods/remapped/net/fabricmc/fabric-api/fabric-client-gametest-api-v1-16c8840d-client/4.3.5+bfe9fcf43e/fabric-client-gametest-api-v1-16c8840d-client-4.3.5+bfe9fcf43e.jar:/var/home/lei/IdeaProjects/majinReacts/.gradle/loom-cache/remapped_mods/remapped/net/fabricmc/fabric-api/fabric-key-binding-api-v1-16c8840d-client/1.1.7+4fc5413f3e/fabric-key-binding-api-v1-16c8840d-client-1.1.7+4fc5413f3e.jar:/var/home/lei/IdeaProjects/majinReacts/.gradle/loom-cache/remapped_mods/remapped/net/fabricmc/fabric-api/fabric-sound-api-v1-16c8840d-client/1.0.51+4fc5413f3e/fabric-sound-api-v1-16c8840d-client-1.0.51+4fc5413f3e.jar:/var/home/lei/.gradle/caches/modules-2/files-2.1/net.fabricmc/fabric-loader/0.19.2/cc647a5b22dbc49b9a3267cebcee25fc4882b108/fabric-loader-0.19.2.jar:/var/home/lei/IdeaProjects/majinReacts/.gradle/loom-cache/remapped_mods/remapped/net/fabricmc/fabric-api/fabric-api-16c8840d-common/0.141.4+1.21.11/fabric-api-16c8840d-common-0.141.4+1.21.11.jar:/var/home/lei/IdeaProjects/majinReacts/.gradle/loom-cache/remapped_mods/remapped/com/terraformersmc/modmenu-16c8840d/17.0.0/modmenu-16c8840d-17.0.0.jar:/var/home/lei/IdeaProjects/majinReacts/.gradle/loom-cache/remapped_mods/remapped/net/fabricmc/fabric-api/fabric-transfer-api-v1-16c8840d-common/6.0.25+4fc5413f3e/fabric-transfer-api-v1-16c8840d-common-6.0.25+4fc5413f3e.jar:/var/home/lei/IdeaProjects/majinReacts/.gradle/loom-cache/remapped_mods/remapped/net/fabricmc/fabric-api/fabric-api-lookup-api-v1-16c8840d-common/1.6.114+20dc27073e/fabric-api-lookup-api-v1-16c8840d-common-1.6.114+20dc27073e.jar:/var/home/lei/IdeaProjects/majinReacts/.gradle/loom-cache/remapped_mods/remapped/net/fabricmc/fabric-api/fabric-command-api-v2-16c8840d-common/2.4.7+6b42a6003e/fabric-command-api-v2-16c8840d-common-2.4.7+6b42a6003e.jar:/var/home/lei/IdeaProjects/majinReacts/.gradle/loom-cache/remapped_mods/remapped/net/fabricmc/fabric-api/fabric-content-registries-v0-16c8840d-common/10.2.14+4fc5413f3e/fabric-content-registries-v0-16c8840d-common-10.2.14+4fc5413f3e.jar:/var/home/lei/IdeaProjects/majinReacts/.gradle/loom-cache/remapped_mods/remapped/net/fabricmc/fabric-api/fabric-data-generation-api-v1-16c8840d-common/23.4.1+69974c4e3e/fabric-data-generation-api-v1-16c8840d-common-23.4.1+69974c4e3e.jar:/var/home/lei/IdeaProjects/majinReacts/.gradle/loom-cache/remapped_mods/remapped/net/fabricmc/fabric-api/fabric-convention-tags-v1-16c8840d-common/2.1.55+7f945d5b3e/fabric-convention-tags-v1-16c8840d-common-2.1.55+7f945d5b3e.jar:/var/home/lei/IdeaProjects/majinReacts/.gradle/loom-cache/remapped_mods/remapped/net/fabricmc/fabric-api/fabric-convention-tags-v2-16c8840d-common/2.17.3+8ef948ba3e/fabric-convention-tags-v2-16c8840d-common-2.17.3+8ef948ba3e.jar:/var/home/lei/IdeaProjects/majinReacts/.gradle/loom-cache/remapped_mods/remapped/net/fabricmc/fabric-api/fabric-data-attachment-api-v1-16c8840d-common/1.8.48+eed0806f3e/fabric-data-attachment-api-v1-16c8840d-common-1.8.48+eed0806f3e.jar:/var/home/lei/IdeaProjects/majinReacts/.gradle/loom-cache/remapped_mods/remapped/net/fabricmc/fabric-api/fabric-entity-events-v1-16c8840d-common/3.1.1+1d0ab4303e/fabric-entity-events-v1-16c8840d-common-3.1.1+1d0ab4303e.jar:/var/home/lei/IdeaProjects/majinReacts/.gradle/loom-cache/remapped_mods/remapped/net/fabricmc/fabric-api/fabric-events-interaction-v0-16c8840d-common/4.1.1+3b89ecf63e/fabric-events-interaction-v0-16c8840d-common-4.1.1+3b89ecf63e.jar:/var/home/lei/IdeaProjects/majinReacts/.gradle/loom-cache/remapped_mods/remapped/net/fabricmc/fabric-api/fabric-game-rule-api-v1-16c8840d-common/2.0.3+4fc5413f3e/fabric-game-rule-api-v1-16c8840d-common-2.0.3+4fc5413f3e.jar:/var/home/lei/IdeaProjects/majinReacts/.gradle/loom-cache/remapped_mods/remapped/net/fabricmc/fabric-api/fabric-gametest-api-v1-16c8840d-common/3.1.27+4fc5413f3e/fabric-gametest-api-v1-16c8840d-common-3.1.27+4fc5413f3e.jar:/var/home/lei/IdeaProjects/majinReacts/.gradle/loom-cache/remapped_mods/remapped/net/fabricmc/fabric-api/fabric-item-api-v1-16c8840d-common/11.5.20+d0c46b9e3e/fabric-item-api-v1-16c8840d-common-11.5.20+d0c46b9e3e.jar:/var/home/lei/IdeaProjects/majinReacts/.gradle/loom-cache/remapped_mods/remapped/net/fabricmc/fabric-api/fabric-item-group-api-v1-16c8840d-common/4.2.36+4fc5413f3e/fabric-item-group-api-v1-16c8840d-common-4.2.36+4fc5413f3e.jar:/var/home/lei/IdeaProjects/majinReacts/.gradle/loom-cache/remapped_mods/remapped/net/fabricmc/fabric-api/fabric-recipe-api-v1-16c8840d-common/8.2.4+4ebb5c083e/fabric-recipe-api-v1-16c8840d-common-8.2.4+4ebb5c083e.jar:/var/home/lei/IdeaProjects/majinReacts/.gradle/loom-cache/remapped_mods/remapped/net/fabricmc/fabric-api/fabric-lifecycle-events-v1-16c8840d-common/2.6.15+4ebb5c083e/fabric-lifecycle-events-v1-16c8840d-common-2.6.15+4ebb5c083e.jar:/var/home/lei/IdeaProjects/majinReacts/.gradle/loom-cache/remapped_mods/remapped/net/fabricmc/fabric-api/fabric-loot-api-v2-16c8840d-common/3.0.73+3f89f5a53e/fabric-loot-api-v2-16c8840d-common-3.0.73+3f89f5a53e.jar:/var/home/lei/IdeaProjects/majinReacts/.gradle/loom-cache/remapped_mods/remapped/net/fabricmc/fabric-api/fabric-loot-api-v3-16c8840d-common/2.0.20+78c8b4663e/fabric-loot-api-v3-16c8840d-common-2.0.20+78c8b4663e.jar:/var/home/lei/IdeaProjects/majinReacts/.gradle/loom-cache/remapped_mods/remapped/net/fabricmc/fabric-api/fabric-message-api-v1-16c8840d-common/6.1.12+4ebb5c083e/fabric-message-api-v1-16c8840d-common-6.1.12+4ebb5c083e.jar:/var/home/lei/IdeaProjects/majinReacts/.gradle/loom-cache/remapped_mods/remapped/net/fabricmc/fabric-api/fabric-particles-v1-16c8840d-common/4.2.12+4fc5413f3e/fabric-particles-v1-16c8840d-common-4.2.12+4fc5413f3e.jar:/var/home/lei/IdeaProjects/majinReacts/.gradle/loom-cache/remapped_mods/remapped/net/fabricmc/fabric-api/fabric-object-builder-api-v1-16c8840d-common/21.1.40+4fc5413f3e/fabric-object-builder-api-v1-16c8840d-common-21.1.40+4fc5413f3e.jar:/var/home/lei/IdeaProjects/majinReacts/.gradle/loom-cache/remapped_mods/remapped/net/fabricmc/fabric-api/fabric-screen-handler-api-v1-16c8840d-common/1.3.162+4fc5413f3e/fabric-screen-handler-api-v1-16c8840d-common-1.3.162+4fc5413f3e.jar:/var/home/lei/IdeaProjects/majinReacts/.gradle/loom-cache/remapped_mods/remapped/net/fabricmc/fabric-api/fabric-registry-sync-v0-16c8840d-common/6.2.6+1718722b3e/fabric-registry-sync-v0-16c8840d-common-6.2.6+1718722b3e.jar:/var/home/lei/IdeaProjects/majinReacts/.gradle/loom-cache/remapped_mods/remapped/net/fabricmc/fabric-api/fabric-networking-api-v1-16c8840d-common/5.1.6+6b6d71a53e/fabric-networking-api-v1-16c8840d-common-5.1.6+6b6d71a53e.jar:/var/home/lei/IdeaProjects/majinReacts/.gradle/loom-cache/remapped_mods/remapped/net/fabricmc/fabric-api/fabric-rendering-fluids-v1-16c8840d-common/3.1.43+4ebb5c083e/fabric-rendering-fluids-v1-16c8840d-common-3.1.43+4ebb5c083e.jar:/var/home/lei/IdeaProjects/majinReacts/.gradle/loom-cache/remapped_mods/remapped/net/fabricmc/fabric-api/fabric-tag-api-v1-16c8840d-common/1.2.20+4fc5413f3e/fabric-tag-api-v1-16c8840d-common-1.2.20+4fc5413f3e.jar:/var/home/lei/IdeaProjects/majinReacts/.gradle/loom-cache/remapped_mods/remapped/net/fabricmc/fabric-api/fabric-resource-loader-v0-16c8840d-common/3.3.4+4fc5413f3e/fabric-resource-loader-v0-16c8840d-common-3.3.4+4fc5413f3e.jar:/var/home/lei/IdeaProjects/majinReacts/.gradle/loom-cache/remapped_mods/remapped/net/fabricmc/fabric-api/fabric-resource-loader-v1-16c8840d-common/1.0.10+78c8b4663e/fabric-resource-loader-v1-16c8840d-common-1.0.10+78c8b4663e.jar:/var/home/lei/IdeaProjects/majinReacts/.gradle/loom-cache/remapped_mods/remapped/net/fabricmc/fabric-api/fabric-api-base-16c8840d-common/1.0.5+4ebb5c083e/fabric-api-base-16c8840d-common-1.0.5+4ebb5c083e.jar:/var/home/lei/IdeaProjects/majinReacts/.gradle/loom-cache/remapped_mods/remapped/net/fabricmc/fabric-api/fabric-biome-api-v1-16c8840d-common/17.1.1+4fc5413f3e/fabric-biome-api-v1-16c8840d-common-17.1.1+4fc5413f3e.jar:/var/home/lei/IdeaProjects/majinReacts/.gradle/loom-cache/remapped_mods/remapped/net/fabricmc/fabric-api/fabric-block-api-v1-16c8840d-common/1.1.10+4ebb5c083e/fabric-block-api-v1-16c8840d-common-1.1.10+4ebb5c083e.jar:/var/home/lei/IdeaProjects/majinReacts/.gradle/loom-cache/remapped_mods/remapped/net/fabricmc/fabric-api/fabric-block-view-api-v2-16c8840d-common/1.0.39+4ebb5c083e/fabric-block-view-api-v2-16c8840d-common-1.0.39+4ebb5c083e.jar:/var/home/lei/IdeaProjects/majinReacts/.gradle/loom-cache/remapped_mods/remapped/net/fabricmc/fabric-api/fabric-crash-report-info-v1-16c8840d-common/0.3.23+4ebb5c083e/fabric-crash-report-info-v1-16c8840d-common-0.3.23+4ebb5c083e.jar:/var/home/lei/IdeaProjects/majinReacts/.gradle/loom-cache/remapped_mods/remapped/net/fabricmc/fabric-api/fabric-dimensions-v1-16c8840d-common/4.0.28+4fc5413f3e/fabric-dimensions-v1-16c8840d-common-4.0.28+4fc5413f3e.jar:/var/home/lei/IdeaProjects/majinReacts/.gradle/loom-cache/remapped_mods/remapped/net/fabricmc/fabric-api/fabric-resource-conditions-api-v1-16c8840d-common/5.0.35+4fc5413f3e/fabric-resource-conditions-api-v1-16c8840d-common-5.0.35+4fc5413f3e.jar:/var/home/lei/IdeaProjects/majinReacts/.gradle/loom-cache/remapped_mods/remapped/net/fabricmc/fabric-api/fabric-serialization-api-v1-16c8840d-common/1.0.5+4ebb5c083e/fabric-serialization-api-v1-16c8840d-common-1.0.5+4ebb5c083e.jar:/var/home/lei/IdeaProjects/majinReacts/.gradle/loom-cache/remapped_mods/remapped/net/fabricmc/fabric-api/fabric-transitive-access-wideners-v1-16c8840d-common/7.1.0+014c8cec3e/fabric-transitive-access-wideners-v1-16c8840d-common-7.1.0+014c8cec3e.jar:/var/home/lei/IdeaProjects/majinReacts/build/classes/java/main:/var/home/lei/IdeaProjects/majinReacts/build/resources/main)
	at knot//com.sun.jna.NativeLibrary.loadLibrary(NativeLibrary.java:325)
	at knot//com.sun.jna.NativeLibrary.getInstance(NativeLibrary.java:481)
	at knot//com.sun.jna.NativeLibrary.getInstance(NativeLibrary.java:423)
	at knot//com.mojang.text2speech.NarratorLinux$FliteLibrary.loadNative(NarratorLinux.java:79)
	... 9 more
	Suppressed: java.lang.UnsatisfiedLinkError: libflite.so: cannot open shared object file: No such file or directory
		at knot//com.sun.jna.Native.open(Native Method)
		at knot//com.sun.jna.NativeLibrary.loadLibrary(NativeLibrary.java:213)
		... 12 more
	Suppressed: java.lang.UnsatisfiedLinkError: libflite.so: cannot open shared object file: No such file or directory
		at knot//com.sun.jna.Native.open(Native Method)
		at knot//com.sun.jna.NativeLibrary.loadLibrary(NativeLibrary.java:226)
		... 12 more
	Suppressed: java.io.IOException: Native library (linux-x86-64/libflite.so) not found in resource path (/var/home/lei/IdeaProjects/majinReacts/build/classes/java/client:/var/home/lei/IdeaProjects/majinReacts/build/resources/client:/var/home/lei/.gradle/caches/fabric-loom/1.21.11/net.fabricmc.yarn.1_21_11.1.21.11+build.6-v2/mappings.jar:/var/home/lei/.gradle/caches/modules-2/files-2.1/org.ow2.asm/asm/9.9/c29635c8a7afa03d74b33c1884df8abb2b3f3dcc/asm-9.9.jar:/var/home/lei/.gradle/caches/modules-2/files-2.1/org.ow2.asm/asm-analysis/9.9/bf4fa6e66638851c1cd22c2caea0c3ee5d5f437/asm-analysis-9.9.jar:/var/home/lei/.gradle/caches/modules-2/files-2.1/org.ow2.asm/asm-commons/9.9/db9165a3bf908ded6b08612d583a15d1d0c7bda0/asm-commons-9.9.jar:/var/home/lei/.gradle/caches/modules-2/files-2.1/org.ow2.asm/asm-tree/9.9/f8de6eead6d24dd0f45bd065bbe112b2cda6ea21/asm-tree-9.9.jar:/var/home/lei/.gradle/caches/modules-2/files-2.1/org.ow2.asm/asm-util/9.9/42fdfc0508b43807c8078d6e82ecff2ce2112ae8/asm-util-9.9.jar:/var/home/lei/.gradle/caches/modules-2/files-2.1/net.fabricmc/sponge-mixin/0.17.2+mixin.0.8.7/edf98d1d98229e46e36c61774ae2b54dcd852981/sponge-mixin-0.17.2+mixin.0.8.7.jar:/var/home/lei/.gradle/caches/modules-2/files-2.1/io.github.llamalad7/mixinextras-fabric/0.5.4/5e167154bcb9942111313a5e186e16cd7265f858/mixinextras-fabric-0.5.4.jar:/var/home/lei/.gradle/caches/modules-2/files-2.1/net.fabricmc/dev-launch-injector/0.2.1+build.8/da8bef7e6e2f952da707f282bdb46882a0fce5e3/dev-launch-injector-0.2.1+build.8.jar:/var/home/lei/.gradle/caches/modules-2/files-2.1/net.fabricmc/fabric-log4j-util/1.0.2/ef0b3fb613356feb75a67d54f2fad6f03a006648/fabric-log4j-util-1.0.2.jar:/var/home/lei/.gradle/caches/modules-2/files-2.1/at.yawk.lz4/lz4-java/1.8.1/1f30a180ee04ccd53339a716aec13cae60a013b5/lz4-java-1.8.1.jar:/var/home/lei/.gradle/caches/modules-2/files-2.1/com.azure/azure-json/1.4.0/fcc1d354dbc3e0300e5276b1bf124d0247799cd8/azure-json-1.4.0.jar:/var/home/lei/.gradle/caches/modules-2/files-2.1/com.github.oshi/oshi-core/6.9.0/3224870731860cfcd7744581a05b559e94291e7/oshi-core-6.9.0.jar:/var/home/lei/.gradle/caches/modules-2/files-2.1/com.google.code.gson/gson/2.13.2/48b8230771e573b54ce6e867a9001e75977fe78e/gson-2.13.2.jar:/var/home/lei/.gradle/caches/modules-2/files-2.1/com.google.guava/failureaccess/1.0.3/aeaffd00d57023a2c947393ed251f0354f0985fc/failureaccess-1.0.3.jar:/var/home/lei/.gradle/caches/modules-2/files-2.1/com.google.guava/guava/33.5.0-jre/8699de25f2f979108d6c1b804a7ba38cda1116bc/guava-33.5.0-jre.jar:/var/home/lei/.gradle/caches/modules-2/files-2.1/com.ibm.icu/icu4j/77.1/38693cf0b1d7362a8b726af74dc06026a7c23809/icu4j-77.1.jar:/var/home/lei/.gradle/caches/modules-2/files-2.1/com.microsoft.azure/msal4j/1.23.1/6c722b514873b24a4e1ce9c22dca36ea3c22bdbe/msal4j-1.23.1.jar:/var/home/lei/.gradle/caches/modules-2/files-2.1/com.mojang/authlib/7.0.61/efee1e6b54e863108576eb3b3ae71144626aaefc/authlib-7.0.61.jar:/var/home/lei/.gradle/caches/modules-2/files-2.1/com.mojang/blocklist/1.0.10/5c685c5ffa94c4cd39496c7184c1d122e515ecef/blocklist-1.0.10.jar:/var/home/lei/.gradle/caches/modules-2/files-2.1/com.mojang/brigadier/1.3.10/d15b53a14cf20fdcaa98f731af5dda654452c010/brigadier-1.3.10.jar:/var/home/lei/.gradle/caches/modules-2/files-2.1/com.mojang/datafixerupper/9.0.19/4e91f9712fa1e83231d1501625381b0210a977da/datafixerupper-9.0.19.jar:/var/home/lei/.gradle/caches/modules-2/files-2.1/com.mojang/jtracy/1.0.37/a3fb649b2e2b2288d2978f0b0bc3d83f62809d1e/jtracy-1.0.37.jar:/var/home/lei/.gradle/caches/modules-2/files-2.1/com.mojang/jtracy/1.0.37/e1b4395227af41195da9e2ead13c48ee0b7d31cd/jtracy-1.0.37-natives-linux.jar:/var/home/lei/.gradle/caches/modules-2/files-2.1/com.mojang/logging/1.6.11/fd147240733010c158249d986323f9ef98977fe/logging-1.6.11.jar:/var/home/lei/.gradle/caches/modules-2/files-2.1/com.mojang/patchy/2.2.10/da05971b07cbb379d002cf7eaec6a2048211fefc/patchy-2.2.10.jar:/var/home/lei/.gradle/caches/modules-2/files-2.1/com.mojang/text2speech/1.18.11/e853a12cdd6ba4f4836e8f4bf3b37844a13482b6/text2speech-1.18.11.jar:/var/home/lei/.gradle/caches/modules-2/files-2.1/commons-codec/commons-codec/1.19.0/8c0dbe3ae883fceda9b50a6c76e745e548073388/commons-codec-1.19.0.jar:/var/home/lei/.gradle/caches/modules-2/files-2.1/commons-io/commons-io/2.20.0/36f3474daec2849c149e877614e7f979b2082cd2/commons-io-2.20.0.jar:/var/home/lei/.gradle/caches/modules-2/files-2.1/io.netty/netty-buffer/4.2.7.Final/5555ff561643bf2f8430fb57c24403c0efe15994/netty-buffer-4.2.7.Final.jar:/var/home/lei/.gradle/caches/modules-2/files-2.1/io.netty/netty-codec-base/4.2.7.Final/915e381ebabcf115f1c7ff7032d55c48afb50210/netty-codec-base-4.2.7.Final.jar:/var/home/lei/.gradle/caches/modules-2/files-2.1/io.netty/netty-codec-compression/4.2.7.Final/572341bc1ca90fd9d6e47f1d2694aab5258566e9/netty-codec-compression-4.2.7.Final.jar:/var/home/lei/.gradle/caches/modules-2/files-2.1/io.netty/netty-codec-http/4.2.7.Final/b734c108854099c421fd94d92d9f865e4d4da853/netty-codec-http-4.2.7.Final.jar:/var/home/lei/.gradle/caches/modules-2/files-2.1/io.netty/netty-common/4.2.7.Final/11aa30df26af4fca3239ac1917f303a280f301e1/netty-common-4.2.7.Final.jar:/var/home/lei/.gradle/caches/modules-2/files-2.1/io.netty/netty-handler/4.2.7.Final/7ad8a1f851e2e6fe93cdd091871fda2b81c03b5b/netty-handler-4.2.7.Final.jar:/var/home/lei/.gradle/caches/modules-2/files-2.1/io.netty/netty-resolver/4.2.7.Final/5f3e5ef8de03992cd4fb46960dc0085ec1a12a12/netty-resolver-4.2.7.Final.jar:/var/home/lei/.gradle/caches/modules-2/files-2.1/io.netty/netty-transport-classes-epoll/4.2.7.Final/1075c09f48a78eef9d819fbfd9096b903fdd362a/netty-transport-classes-epoll-4.2.7.Final.jar:/var/home/lei/.gradle/caches/modules-2/files-2.1/io.netty/netty-transport-classes-kqueue/4.2.7.Final/bdec7c23c75caabd848426d073c09568e8d5f94e/netty-transport-classes-kqueue-4.2.7.Final.jar:/var/home/lei/.gradle/caches/modules-2/files-2.1/io.netty/netty-transport-native-epoll/4.2.7.Final/98d02251c98c8f07a23ac5ea27657d9e0ef57614/netty-transport-native-epoll-4.2.7.Final-linux-aarch_64.jar:/var/home/lei/.gradle/caches/modules-2/files-2.1/io.netty/netty-transport-native-epoll/4.2.7.Final/e83998bfc10b5289d9bcbe807c4079ef0eed8e6f/netty-transport-native-epoll-4.2.7.Final-linux-x86_64.jar:/var/home/lei/.gradle/caches/modules-2/files-2.1/io.netty/netty-transport-native-unix-common/4.2.7.Final/89953f04259ea7502cffb313630dd51e00e60669/netty-transport-native-unix-common-4.2.7.Final.jar:/var/home/lei/.gradle/caches/modules-2/files-2.1/io.netty/netty-transport/4.2.7.Final/83ea548981d0d8c4a98027cc1a6f9624f902e142/netty-transport-4.2.7.Final.jar:/var/home/lei/.gradle/caches/modules-2/files-2.1/it.unimi.dsi/fastutil/8.5.18/a6cff377eecc19c2037bf31568a6d7106b50ba1f/fastutil-8.5.18.jar:/var/home/lei/.gradle/caches/modules-2/files-2.1/net.java.dev.jna/jna-platform/5.17.0/a4934c44d25a9d8c2ddf4203affd20330cb3426f/jna-platform-5.17.0.jar:/var/home/lei/.gradle/caches/modules-2/files-2.1/net.java.dev.jna/jna/5.17.0/33d12735bef894440780fce64f9758d420c7bae2/jna-5.17.0.jar:/var/home/lei/.gradle/caches/modules-2/files-2.1/net.sf.jopt-simple/jopt-simple/5.0.4/4fdac2fbe92dfad86aa6e9301736f6b4342a3f5c/jopt-simple-5.0.4.jar:/var/home/lei/.gradle/caches/modules-2/files-2.1/org.apache.commons/commons-compress/1.28.0/e482f2c7a88dac3c497e96aa420b6a769f59c8d7/commons-compress-1.28.0.jar:/var/home/lei/.gradle/caches/modules-2/files-2.1/org.apache.commons/commons-lang3/3.19.0/d6524b169a6574cd253760c472d419b47bfd37e6/commons-lang3-3.19.0.jar:/var/home/lei/.gradle/caches/modules-2/files-2.1/org.apache.logging.log4j/log4j-api/2.25.2/292c1a2b1702f1e1e3adb13e1c57e5bff60335ff/log4j-api-2.25.2.jar:/var/home/lei/.gradle/caches/modules-2/files-2.1/org.apache.logging.log4j/log4j-core/2.25.2/d4d0ad2e51e03e531f784891fbfff1bae1e13a12/log4j-core-2.25.2.jar:/var/home/lei/.gradle/caches/modules-2/files-2.1/org.apache.logging.log4j/log4j-slf4j2-impl/2.25.2/5eec0c392661dee8a366baec17e8896900dd978f/log4j-slf4j2-impl-2.25.2.jar:/var/home/lei/.gradle/caches/modules-2/files-2.1/org.jcraft/jorbis/0.0.17/8872d22b293e8f5d7d56ff92be966e6dc28ebdc6/jorbis-0.0.17.jar:/var/home/lei/.gradle/caches/modules-2/files-2.1/org.joml/joml/1.10.8/fc0a71dad90a2cf41d82a76156a0e700af8e4f8d/joml-1.10.8.jar:/var/home/lei/.gradle/caches/modules-2/files-2.1/org.jspecify/jspecify/1.0.0/7425a601c1c7ec76645a78d22b8c6a627edee507/jspecify-1.0.0.jar:/var/home/lei/.gradle/caches/modules-2/files-2.1/org.lwjgl/lwjgl-freetype/3.3.3/a0db6c84a8becc8ca05f9dbfa985edc348a824c7/lwjgl-freetype-3.3.3.jar:/var/home/lei/.gradle/caches/modules-2/files-2.1/org.lwjgl/lwjgl-freetype/3.3.3/149070a5480900347071b7074779531f25a6e3dc/lwjgl-freetype-3.3.3-natives-linux.jar:/var/home/lei/.gradle/caches/modules-2/files-2.1/org.lwjgl/lwjgl-glfw/3.3.3/efa1eb78c5ccd840e9f329717109b5e892d72f8e/lwjgl-glfw-3.3.3.jar:/var/home/lei/.gradle/caches/modules-2/files-2.1/org.lwjgl/lwjgl-glfw/3.3.3/a03684c5e4b1b1dbbe0d29dbbdc27b985b6840f2/lwjgl-glfw-3.3.3-natives-linux.jar:/var/home/lei/.gradle/caches/modules-2/files-2.1/org.lwjgl/lwjgl-jemalloc/3.3.3/b543467b7ff3c6920539a88ee602d34098628be5/lwjgl-jemalloc-3.3.3.jar:/var/home/lei/.gradle/caches/modules-2/files-2.1/org.lwjgl/lwjgl-jemalloc/3.3.3/4f86728bf449b1dd61251c4e0ac01df1389cb51e/lwjgl-jemalloc-3.3.3-natives-linux.jar:/var/home/lei/.gradle/caches/modules-2/files-2.1/org.lwjgl/lwjgl-openal/3.3.3/daada81ceb5fc0c291fbfdd4433cb8d9423577f2/lwjgl-openal-3.3.3.jar:/var/home/lei/.gradle/caches/modules-2/files-2.1/org.lwjgl/lwjgl-openal/3.3.3/3037360cc4595079bea240af250b6d1a527e0905/lwjgl-openal-3.3.3-natives-linux.jar:/var/home/lei/.gradle/caches/modules-2/files-2.1/org.lwjgl/lwjgl-opengl/3.3.3/2f6b0147078396a58979125a4c947664e98293a/lwjgl-opengl-3.3.3.jar:/var/home/lei/.gradle/caches/modules-2/files-2.1/org.lwjgl/lwjgl-opengl/3.3.3/62c70a4b00ca5391882b0f4b787c1588d24f1c86/lwjgl-opengl-3.3.3-natives-linux.jar:/var/home/lei/.gradle/caches/modules-2/files-2.1/org.lwjgl/lwjgl-stb/3.3.3/25dd6161988d7e65f71d5065c99902402ee32746/lwjgl-stb-3.3.3.jar:/var/home/lei/.gradle/caches/modules-2/files-2.1/org.lwjgl/lwjgl-stb/3.3.3/fd1271ccd9d85eff2fa31f3fd543e02ccfaf5041/lwjgl-stb-3.3.3-natives-linux.jar:/var/home/lei/.gradle/caches/modules-2/files-2.1/org.lwjgl/lwjgl-tinyfd/3.3.3/82d755ca94b102e9ca77283b9e2dc46d1b15fbe5/lwjgl-tinyfd-3.3.3.jar:/var/home/lei/.gradle/caches/modules-2/files-2.1/org.lwjgl/lwjgl-tinyfd/3.3.3/d8d58daa0c3e5fd906fee96f5fddbcbc07cc308b/lwjgl-tinyfd-3.3.3-natives-linux.jar:/var/home/lei/.gradle/caches/modules-2/files-2.1/org.lwjgl/lwjgl/3.3.3/29589b5f87ed335a6c7e7ee6a5775f81f97ecb84/lwjgl-3.3.3.jar:/var/home/lei/.gradle/caches/modules-2/files-2.1/org.lwjgl/lwjgl/3.3.3/1713758e3660ba66e1e954396fd18126038b33c0/lwjgl-3.3.3-natives-linux.jar:/var/home/lei/.gradle/caches/modules-2/files-2.1/org.slf4j/slf4j-api/2.0.17/d9e58ac9c7779ba3bf8142aff6c830617a7fe60f/slf4j-api-2.0.17.jar:/var/home/lei/IdeaProjects/majinReacts/.gradle/loom-cache/minecraftMaven/net/minecraft/minecraft-clientOnly-6dd721cd7d/1.21.11-net.fabricmc.yarn.1_21_11.1.21.11+build.6-v2/minecraft-clientOnly-6dd721cd7d-1.21.11-net.fabricmc.yarn.1_21_11.1.21.11+build.6-v2.jar:/var/home/lei/IdeaProjects/majinReacts/.gradle/loom-cache/minecraftMaven/net/minecraft/minecraft-common-6dd721cd7d/1.21.11-net.fabricmc.yarn.1_21_11.1.21.11+build.6-v2/minecraft-common-6dd721cd7d-1.21.11-net.fabricmc.yarn.1_21_11.1.21.11+build.6-v2.jar:/var/home/lei/.gradle/caches/modules-2/files-2.1/io.netty/netty-transport-native-kqueue/4.2.7.Final/40868fd4e43bce2798245f790624b58803dc26b6/netty-transport-native-kqueue-4.2.7.Final-osx-x86_64.jar:/var/home/lei/.gradle/caches/modules-2/files-2.1/io.netty/netty-transport-native-kqueue/4.2.7.Final/e5a0feef41410c8a5ae00c6cb4e0c99bd0aded6a/netty-transport-native-kqueue-4.2.7.Final-osx-aarch_64.jar:/var/home/lei/IdeaProjects/majinReacts/.gradle/loom-cache/remapped_mods/remapped/net/fabricmc/fabric-api/fabric-transfer-api-v1-16c8840d-client/6.0.25+4fc5413f3e/fabric-transfer-api-v1-16c8840d-client-6.0.25+4fc5413f3e.jar:/var/home/lei/IdeaProjects/majinReacts/.gradle/loom-cache/remapped_mods/remapped/net/fabricmc/fabric-api/fabric-command-api-v2-16c8840d-client/2.4.7+6b42a6003e/fabric-command-api-v2-16c8840d-client-2.4.7+6b42a6003e.jar:/var/home/lei/IdeaProjects/majinReacts/.gradle/loom-cache/remapped_mods/remapped/net/fabricmc/fabric-api/fabric-data-generation-api-v1-16c8840d-client/23.4.1+69974c4e3e/fabric-data-generation-api-v1-16c8840d-client-23.4.1+69974c4e3e.jar:/var/home/lei/IdeaProjects/majinReacts/.gradle/loom-cache/remapped_mods/remapped/net/fabricmc/fabric-api/fabric-data-attachment-api-v1-16c8840d-client/1.8.48+eed0806f3e/fabric-data-attachment-api-v1-16c8840d-client-1.8.48+eed0806f3e.jar:/var/home/lei/IdeaProjects/majinReacts/.gradle/loom-cache/remapped_mods/remapped/net/fabricmc/fabric-api/fabric-events-interaction-v0-16c8840d-client/4.1.1+3b89ecf63e/fabric-events-interaction-v0-16c8840d-client-4.1.1+3b89ecf63e.jar:/var/home/lei/IdeaProjects/majinReacts/.gradle/loom-cache/remapped_mods/remapped/net/fabricmc/fabric-api/fabric-game-rule-api-v1-16c8840d-client/2.0.3+4fc5413f3e/fabric-game-rule-api-v1-16c8840d-client-2.0.3+4fc5413f3e.jar:/var/home/lei/IdeaProjects/majinReacts/.gradle/loom-cache/remapped_mods/remapped/net/fabricmc/fabric-api/fabric-item-api-v1-16c8840d-client/11.5.20+d0c46b9e3e/fabric-item-api-v1-16c8840d-client-11.5.20+d0c46b9e3e.jar:/var/home/lei/IdeaProjects/majinReacts/.gradle/loom-cache/remapped_mods/remapped/net/fabricmc/fabric-api/fabric-item-group-api-v1-16c8840d-client/4.2.36+4fc5413f3e/fabric-item-group-api-v1-16c8840d-client-4.2.36+4fc5413f3e.jar:/var/home/lei/IdeaProjects/majinReacts/.gradle/loom-cache/remapped_mods/remapped/net/fabricmc/fabric-api/fabric-recipe-api-v1-16c8840d-client/8.2.4+4ebb5c083e/fabric-recipe-api-v1-16c8840d-client-8.2.4+4ebb5c083e.jar:/var/home/lei/IdeaProjects/majinReacts/.gradle/loom-cache/remapped_mods/remapped/net/fabricmc/fabric-api/fabric-model-loading-api-v1-16c8840d-client/6.0.15+4fc5413f3e/fabric-model-loading-api-v1-16c8840d-client-6.0.15+4fc5413f3e.jar:/var/home/lei/IdeaProjects/majinReacts/.gradle/loom-cache/remapped_mods/remapped/net/fabricmc/fabric-api/fabric-renderer-indigo-16c8840d-client/5.0.3+f4ffd2e53e/fabric-renderer-indigo-16c8840d-client-5.0.3+f4ffd2e53e.jar:/var/home/lei/IdeaProjects/majinReacts/.gradle/loom-cache/remapped_mods/remapped/net/fabricmc/fabric-api/fabric-renderer-api-v1-16c8840d-client/8.0.3+f4ffd2e53e/fabric-renderer-api-v1-16c8840d-client-8.0.3+f4ffd2e53e.jar:/var/home/lei/IdeaProjects/majinReacts/.gradle/loom-cache/remapped_mods/remapped/net/fabricmc/fabric-api/fabric-rendering-v1-16c8840d-client/16.2.10+0290ad933e/fabric-rendering-v1-16c8840d-client-16.2.10+0290ad933e.jar:/var/home/lei/IdeaProjects/majinReacts/.gradle/loom-cache/remapped_mods/remapped/net/fabricmc/fabric-api/fabric-lifecycle-events-v1-16c8840d-client/2.6.15+4ebb5c083e/fabric-lifecycle-events-v1-16c8840d-client-2.6.15+4ebb5c083e.jar:/var/home/lei/IdeaProjects/majinReacts/.gradle/loom-cache/remapped_mods/remapped/net/fabricmc/fabric-api/fabric-message-api-v1-16c8840d-client/6.1.12+4ebb5c083e/fabric-message-api-v1-16c8840d-client-6.1.12+4ebb5c083e.jar:/var/home/lei/IdeaProjects/majinReacts/.gradle/loom-cache/remapped_mods/remapped/net/fabricmc/fabric-api/fabric-particles-v1-16c8840d-client/4.2.12+4fc5413f3e/fabric-particles-v1-16c8840d-client-4.2.12+4fc5413f3e.jar:/var/home/lei/IdeaProjects/majinReacts/.gradle/loom-cache/remapped_mods/remapped/net/fabricmc/fabric-api/fabric-object-builder-api-v1-16c8840d-client/21.1.40+4fc5413f3e/fabric-object-builder-api-v1-16c8840d-client-21.1.40+4fc5413f3e.jar:/var/home/lei/IdeaProjects/majinReacts/.gradle/loom-cache/remapped_mods/remapped/net/fabricmc/fabric-api/fabric-screen-handler-api-v1-16c8840d-client/1.3.162+4fc5413f3e/fabric-screen-handler-api-v1-16c8840d-client-1.3.162+4fc5413f3e.jar:/var/home/lei/IdeaProjects/majinReacts/.gradle/loom-cache/remapped_mods/remapped/net/fabricmc/fabric-api/fabric-registry-sync-v0-16c8840d-client/6.2.6+1718722b3e/fabric-registry-sync-v0-16c8840d-client-6.2.6+1718722b3e.jar:/var/home/lei/IdeaProjects/majinReacts/.gradle/loom-cache/remapped_mods/remapped/net/fabricmc/fabric-api/fabric-networking-api-v1-16c8840d-client/5.1.6+6b6d71a53e/fabric-networking-api-v1-16c8840d-client-5.1.6+6b6d71a53e.jar:/var/home/lei/IdeaProjects/majinReacts/.gradle/loom-cache/remapped_mods/remapped/net/fabricmc/fabric-api/fabric-rendering-fluids-v1-16c8840d-client/3.1.43+4ebb5c083e/fabric-rendering-fluids-v1-16c8840d-client-3.1.43+4ebb5c083e.jar:/var/home/lei/IdeaProjects/majinReacts/.gradle/loom-cache/remapped_mods/remapped/net/fabricmc/fabric-api/fabric-tag-api-v1-16c8840d-client/1.2.20+4fc5413f3e/fabric-tag-api-v1-16c8840d-client-1.2.20+4fc5413f3e.jar:/var/home/lei/IdeaProjects/majinReacts/.gradle/loom-cache/remapped_mods/remapped/net/fabricmc/fabric-api/fabric-resource-loader-v1-16c8840d-client/1.0.10+78c8b4663e/fabric-resource-loader-v1-16c8840d-client-1.0.10+78c8b4663e.jar:/var/home/lei/IdeaProjects/majinReacts/.gradle/loom-cache/remapped_mods/remapped/net/fabricmc/fabric-api/fabric-screen-api-v1-16c8840d-client/3.1.7+4ebb5c083e/fabric-screen-api-v1-16c8840d-client-3.1.7+4ebb5c083e.jar:/var/home/lei/IdeaProjects/majinReacts/.gradle/loom-cache/remapped_mods/remapped/net/fabricmc/fabric-api/fabric-block-view-api-v2-16c8840d-client/1.0.39+4ebb5c083e/fabric-block-view-api-v2-16c8840d-client-1.0.39+4ebb5c083e.jar:/var/home/lei/IdeaProjects/majinReacts/.gradle/loom-cache/remapped_mods/remapped/net/fabricmc/fabric-api/fabric-client-gametest-api-v1-16c8840d-client/4.3.5+bfe9fcf43e/fabric-client-gametest-api-v1-16c8840d-client-4.3.5+bfe9fcf43e.jar:/var/home/lei/IdeaProjects/majinReacts/.gradle/loom-cache/remapped_mods/remapped/net/fabricmc/fabric-api/fabric-key-binding-api-v1-16c8840d-client/1.1.7+4fc5413f3e/fabric-key-binding-api-v1-16c8840d-client-1.1.7+4fc5413f3e.jar:/var/home/lei/IdeaProjects/majinReacts/.gradle/loom-cache/remapped_mods/remapped/net/fabricmc/fabric-api/fabric-sound-api-v1-16c8840d-client/1.0.51+4fc5413f3e/fabric-sound-api-v1-16c8840d-client-1.0.51+4fc5413f3e.jar:/var/home/lei/.gradle/caches/modules-2/files-2.1/net.fabricmc/fabric-loader/0.19.2/cc647a5b22dbc49b9a3267cebcee25fc4882b108/fabric-loader-0.19.2.jar:/var/home/lei/IdeaProjects/majinReacts/.gradle/loom-cache/remapped_mods/remapped/net/fabricmc/fabric-api/fabric-api-16c8840d-common/0.141.4+1.21.11/fabric-api-16c8840d-common-0.141.4+1.21.11.jar:/var/home/lei/IdeaProjects/majinReacts/.gradle/loom-cache/remapped_mods/remapped/com/terraformersmc/modmenu-16c8840d/17.0.0/modmenu-16c8840d-17.0.0.jar:/var/home/lei/IdeaProjects/majinReacts/.gradle/loom-cache/remapped_mods/remapped/net/fabricmc/fabric-api/fabric-transfer-api-v1-16c8840d-common/6.0.25+4fc5413f3e/fabric-transfer-api-v1-16c8840d-common-6.0.25+4fc5413f3e.jar:/var/home/lei/IdeaProjects/majinReacts/.gradle/loom-cache/remapped_mods/remapped/net/fabricmc/fabric-api/fabric-api-lookup-api-v1-16c8840d-common/1.6.114+20dc27073e/fabric-api-lookup-api-v1-16c8840d-common-1.6.114+20dc27073e.jar:/var/home/lei/IdeaProjects/majinReacts/.gradle/loom-cache/remapped_mods/remapped/net/fabricmc/fabric-api/fabric-command-api-v2-16c8840d-common/2.4.7+6b42a6003e/fabric-command-api-v2-16c8840d-common-2.4.7+6b42a6003e.jar:/var/home/lei/IdeaProjects/majinReacts/.gradle/loom-cache/remapped_mods/remapped/net/fabricmc/fabric-api/fabric-content-registries-v0-16c8840d-common/10.2.14+4fc5413f3e/fabric-content-registries-v0-16c8840d-common-10.2.14+4fc5413f3e.jar:/var/home/lei/IdeaProjects/majinReacts/.gradle/loom-cache/remapped_mods/remapped/net/fabricmc/fabric-api/fabric-data-generation-api-v1-16c8840d-common/23.4.1+69974c4e3e/fabric-data-generation-api-v1-16c8840d-common-23.4.1+69974c4e3e.jar:/var/home/lei/IdeaProjects/majinReacts/.gradle/loom-cache/remapped_mods/remapped/net/fabricmc/fabric-api/fabric-convention-tags-v1-16c8840d-common/2.1.55+7f945d5b3e/fabric-convention-tags-v1-16c8840d-common-2.1.55+7f945d5b3e.jar:/var/home/lei/IdeaProjects/majinReacts/.gradle/loom-cache/remapped_mods/remapped/net/fabricmc/fabric-api/fabric-convention-tags-v2-16c8840d-common/2.17.3+8ef948ba3e/fabric-convention-tags-v2-16c8840d-common-2.17.3+8ef948ba3e.jar:/var/home/lei/IdeaProjects/majinReacts/.gradle/loom-cache/remapped_mods/remapped/net/fabricmc/fabric-api/fabric-data-attachment-api-v1-16c8840d-common/1.8.48+eed0806f3e/fabric-data-attachment-api-v1-16c8840d-common-1.8.48+eed0806f3e.jar:/var/home/lei/IdeaProjects/majinReacts/.gradle/loom-cache/remapped_mods/remapped/net/fabricmc/fabric-api/fabric-entity-events-v1-16c8840d-common/3.1.1+1d0ab4303e/fabric-entity-events-v1-16c8840d-common-3.1.1+1d0ab4303e.jar:/var/home/lei/IdeaProjects/majinReacts/.gradle/loom-cache/remapped_mods/remapped/net/fabricmc/fabric-api/fabric-events-interaction-v0-16c8840d-common/4.1.1+3b89ecf63e/fabric-events-interaction-v0-16c8840d-common-4.1.1+3b89ecf63e.jar:/var/home/lei/IdeaProjects/majinReacts/.gradle/loom-cache/remapped_mods/remapped/net/fabricmc/fabric-api/fabric-game-rule-api-v1-16c8840d-common/2.0.3+4fc5413f3e/fabric-game-rule-api-v1-16c8840d-common-2.0.3+4fc5413f3e.jar:/var/home/lei/IdeaProjects/majinReacts/.gradle/loom-cache/remapped_mods/remapped/net/fabricmc/fabric-api/fabric-gametest-api-v1-16c8840d-common/3.1.27+4fc5413f3e/fabric-gametest-api-v1-16c8840d-common-3.1.27+4fc5413f3e.jar:/var/home/lei/IdeaProjects/majinReacts/.gradle/loom-cache/remapped_mods/remapped/net/fabricmc/fabric-api/fabric-item-api-v1-16c8840d-common/11.5.20+d0c46b9e3e/fabric-item-api-v1-16c8840d-common-11.5.20+d0c46b9e3e.jar:/var/home/lei/IdeaProjects/majinReacts/.gradle/loom-cache/remapped_mods/remapped/net/fabricmc/fabric-api/fabric-item-group-api-v1-16c8840d-common/4.2.36+4fc5413f3e/fabric-item-group-api-v1-16c8840d-common-4.2.36+4fc5413f3e.jar:/var/home/lei/IdeaProjects/majinReacts/.gradle/loom-cache/remapped_mods/remapped/net/fabricmc/fabric-api/fabric-recipe-api-v1-16c8840d-common/8.2.4+4ebb5c083e/fabric-recipe-api-v1-16c8840d-common-8.2.4+4ebb5c083e.jar:/var/home/lei/IdeaProjects/majinReacts/.gradle/loom-cache/remapped_mods/remapped/net/fabricmc/fabric-api/fabric-lifecycle-events-v1-16c8840d-common/2.6.15+4ebb5c083e/fabric-lifecycle-events-v1-16c8840d-common-2.6.15+4ebb5c083e.jar:/var/home/lei/IdeaProjects/majinReacts/.gradle/loom-cache/remapped_mods/remapped/net/fabricmc/fabric-api/fabric-loot-api-v2-16c8840d-common/3.0.73+3f89f5a53e/fabric-loot-api-v2-16c8840d-common-3.0.73+3f89f5a53e.jar:/var/home/lei/IdeaProjects/majinReacts/.gradle/loom-cache/remapped_mods/remapped/net/fabricmc/fabric-api/fabric-loot-api-v3-16c8840d-common/2.0.20+78c8b4663e/fabric-loot-api-v3-16c8840d-common-2.0.20+78c8b4663e.jar:/var/home/lei/IdeaProjects/majinReacts/.gradle/loom-cache/remapped_mods/remapped/net/fabricmc/fabric-api/fabric-message-api-v1-16c8840d-common/6.1.12+4ebb5c083e/fabric-message-api-v1-16c8840d-common-6.1.12+4ebb5c083e.jar:/var/home/lei/IdeaProjects/majinReacts/.gradle/loom-cache/remapped_mods/remapped/net/fabricmc/fabric-api/fabric-particles-v1-16c8840d-common/4.2.12+4fc5413f3e/fabric-particles-v1-16c8840d-common-4.2.12+4fc5413f3e.jar:/var/home/lei/IdeaProjects/majinReacts/.gradle/loom-cache/remapped_mods/remapped/net/fabricmc/fabric-api/fabric-object-builder-api-v1-16c8840d-common/21.1.40+4fc5413f3e/fabric-object-builder-api-v1-16c8840d-common-21.1.40+4fc5413f3e.jar:/var/home/lei/IdeaProjects/majinReacts/.gradle/loom-cache/remapped_mods/remapped/net/fabricmc/fabric-api/fabric-screen-handler-api-v1-16c8840d-common/1.3.162+4fc5413f3e/fabric-screen-handler-api-v1-16c8840d-common-1.3.162+4fc5413f3e.jar:/var/home/lei/IdeaProjects/majinReacts/.gradle/loom-cache/remapped_mods/remapped/net/fabricmc/fabric-api/fabric-registry-sync-v0-16c8840d-common/6.2.6+1718722b3e/fabric-registry-sync-v0-16c8840d-common-6.2.6+1718722b3e.jar:/var/home/lei/IdeaProjects/majinReacts/.gradle/loom-cache/remapped_mods/remapped/net/fabricmc/fabric-api/fabric-networking-api-v1-16c8840d-common/5.1.6+6b6d71a53e/fabric-networking-api-v1-16c8840d-common-5.1.6+6b6d71a53e.jar:/var/home/lei/IdeaProjects/majinReacts/.gradle/loom-cache/remapped_mods/remapped/net/fabricmc/fabric-api/fabric-rendering-fluids-v1-16c8840d-common/3.1.43+4ebb5c083e/fabric-rendering-fluids-v1-16c8840d-common-3.1.43+4ebb5c083e.jar:/var/home/lei/IdeaProjects/majinReacts/.gradle/loom-cache/remapped_mods/remapped/net/fabricmc/fabric-api/fabric-tag-api-v1-16c8840d-common/1.2.20+4fc5413f3e/fabric-tag-api-v1-16c8840d-common-1.2.20+4fc5413f3e.jar:/var/home/lei/IdeaProjects/majinReacts/.gradle/loom-cache/remapped_mods/remapped/net/fabricmc/fabric-api/fabric-resource-loader-v0-16c8840d-common/3.3.4+4fc5413f3e/fabric-resource-loader-v0-16c8840d-common-3.3.4+4fc5413f3e.jar:/var/home/lei/IdeaProjects/majinReacts/.gradle/loom-cache/remapped_mods/remapped/net/fabricmc/fabric-api/fabric-resource-loader-v1-16c8840d-common/1.0.10+78c8b4663e/fabric-resource-loader-v1-16c8840d-common-1.0.10+78c8b4663e.jar:/var/home/lei/IdeaProjects/majinReacts/.gradle/loom-cache/remapped_mods/remapped/net/fabricmc/fabric-api/fabric-api-base-16c8840d-common/1.0.5+4ebb5c083e/fabric-api-base-16c8840d-common-1.0.5+4ebb5c083e.jar:/var/home/lei/IdeaProjects/majinReacts/.gradle/loom-cache/remapped_mods/remapped/net/fabricmc/fabric-api/fabric-biome-api-v1-16c8840d-common/17.1.1+4fc5413f3e/fabric-biome-api-v1-16c8840d-common-17.1.1+4fc5413f3e.jar:/var/home/lei/IdeaProjects/majinReacts/.gradle/loom-cache/remapped_mods/remapped/net/fabricmc/fabric-api/fabric-block-api-v1-16c8840d-common/1.1.10+4ebb5c083e/fabric-block-api-v1-16c8840d-common-1.1.10+4ebb5c083e.jar:/var/home/lei/IdeaProjects/majinReacts/.gradle/loom-cache/remapped_mods/remapped/net/fabricmc/fabric-api/fabric-block-view-api-v2-16c8840d-common/1.0.39+4ebb5c083e/fabric-block-view-api-v2-16c8840d-common-1.0.39+4ebb5c083e.jar:/var/home/lei/IdeaProjects/majinReacts/.gradle/loom-cache/remapped_mods/remapped/net/fabricmc/fabric-api/fabric-crash-report-info-v1-16c8840d-common/0.3.23+4ebb5c083e/fabric-crash-report-info-v1-16c8840d-common-0.3.23+4ebb5c083e.jar:/var/home/lei/IdeaProjects/majinReacts/.gradle/loom-cache/remapped_mods/remapped/net/fabricmc/fabric-api/fabric-dimensions-v1-16c8840d-common/4.0.28+4fc5413f3e/fabric-dimensions-v1-16c8840d-common-4.0.28+4fc5413f3e.jar:/var/home/lei/IdeaProjects/majinReacts/.gradle/loom-cache/remapped_mods/remapped/net/fabricmc/fabric-api/fabric-resource-conditions-api-v1-16c8840d-common/5.0.35+4fc5413f3e/fabric-resource-conditions-api-v1-16c8840d-common-5.0.35+4fc5413f3e.jar:/var/home/lei/IdeaProjects/majinReacts/.gradle/loom-cache/remapped_mods/remapped/net/fabricmc/fabric-api/fabric-serialization-api-v1-16c8840d-common/1.0.5+4ebb5c083e/fabric-serialization-api-v1-16c8840d-common-1.0.5+4ebb5c083e.jar:/var/home/lei/IdeaProjects/majinReacts/.gradle/loom-cache/remapped_mods/remapped/net/fabricmc/fabric-api/fabric-transitive-access-wideners-v1-16c8840d-common/7.1.0+014c8cec3e/fabric-transitive-access-wideners-v1-16c8840d-common-7.1.0+014c8cec3e.jar:/var/home/lei/IdeaProjects/majinReacts/build/classes/java/main:/var/home/lei/IdeaProjects/majinReacts/build/resources/main)
		at knot//com.sun.jna.Native.extractFromResourcePath(Native.java:1141)
		at knot//com.sun.jna.NativeLibrary.loadLibrary(NativeLibrary.java:297)
		... 12 more
[22:00:56] [Render thread/DEBUG] (FabricLoader/Mixin) Mixing ChatListenerMixin from fabric-message-api-v1.client.mixins.json into net.minecraft.client.network.message.MessageHandler
[22:00:56] [Render thread/DEBUG] (FabricLoader/Mixin) fabric-message-api-v1.client.mixins.json:ChatListenerMixin from mod fabric-message-api-v1->@Inject::fabric_onSignedChatMessage(Lnet/minecraft/network/message/MessageType$Parameters;Lnet/minecraft/network/message/SignedMessage;Lnet/minecraft/text/Text;Lcom/mojang/authlib/GameProfile;ZLjava/time/Instant;Lorg/spongepowered/asm/mixin/injection/callback/CallbackInfoReturnable;)V does use it's CallbackInfoReturnable
[22:00:56] [Render thread/DEBUG] (FabricLoader/Mixin) fabric-message-api-v1.client.mixins.json:ChatListenerMixin from mod fabric-message-api-v1->@Inject::fabric_onFilteredSignedChatMessage(Lnet/minecraft/network/message/MessageType$Parameters;Lnet/minecraft/network/message/SignedMessage;Lnet/minecraft/text/Text;Lcom/mojang/authlib/GameProfile;ZLjava/time/Instant;Lorg/spongepowered/asm/mixin/injection/callback/CallbackInfoReturnable;)V does use it's CallbackInfoReturnable
[22:00:56] [Render thread/DEBUG] (FabricLoader/Mixin) fabric-message-api-v1.client.mixins.json:ChatListenerMixin from mod fabric-message-api-v1->@Inject::fabric_onProfilelessChatMessage(Lnet/minecraft/network/message/MessageType$Parameters;Lnet/minecraft/text/Text;Ljava/time/Instant;Lorg/spongepowered/asm/mixin/injection/callback/CallbackInfoReturnable;)V does use it's CallbackInfoReturnable
[22:00:56] [Render thread/DEBUG] (FabricLoader/Mixin) fabric-message-api-v1.client.mixins.json:ChatListenerMixin from mod fabric-message-api-v1->@Inject::fabric_allowGameMessage(Lnet/minecraft/text/Text;ZLorg/spongepowered/asm/mixin/injection/callback/CallbackInfo;)V does use it's CallbackInfo
[22:00:56] [Render thread/DEBUG] (FabricLoader/Mixin) Mixing GuiGraphicsMixin from fabric-rendering-v1.mixins.json into net.minecraft.client.gui.DrawContext
[22:00:56] [Render thread/DEBUG] (FabricLoader/Mixin) fabric-rendering-v1.mixins.json:GuiGraphicsMixin from mod fabric-rendering-v1->@Inject::drawStackOverlay(Lnet/minecraft/client/font/TextRenderer;Lnet/minecraft/item/ItemStack;IILjava/lang/String;Lorg/spongepowered/asm/mixin/injection/callback/CallbackInfo;)V doesn't use it's CallbackInfo
[22:00:56] [Render thread/DEBUG] (FabricLoader/Mixin) fabric-rendering-v1.mixins.json:GuiGraphicsMixin from mod fabric-rendering-v1->@Inject::drawStackOverlay(Lnet/minecraft/client/font/TextRenderer;Lnet/minecraft/item/ItemStack;IILjava/lang/String;Lorg/spongepowered/asm/mixin/injection/callback/CallbackInfo;)V has 0 override(s) in child classes
[22:00:56] [Render thread/DEBUG] (FabricLoader/Mixin) fabric-rendering-v1.mixins.json:GuiGraphicsMixin from mod fabric-rendering-v1->@Inject::drawStackOverlay(Lnet/minecraft/client/font/TextRenderer;Lnet/minecraft/item/ItemStack;IILjava/lang/String;Lorg/spongepowered/asm/mixin/injection/callback/CallbackInfo;)V won't be passed a CallbackInfo as a result
[22:00:56] [Render thread/DEBUG] (FabricLoader/Mixin) fabric-rendering-v1.mixins.json:GuiGraphicsMixin from mod fabric-rendering-v1->@Inject::drawStackOverlay(Lnet/minecraft/client/font/TextRenderer;Lnet/minecraft/item/ItemStack;IILjava/lang/String;Lorg/spongepowered/asm/mixin/injection/callback/CallbackInfo;)V doesn't use it's CallbackInfo
[22:00:56] [Render thread/DEBUG] (FabricLoader/Mixin) fabric-rendering-v1.mixins.json:GuiGraphicsMixin from mod fabric-rendering-v1->@Inject::drawStackOverlay(Lnet/minecraft/client/font/TextRenderer;Lnet/minecraft/item/ItemStack;IILjava/lang/String;Lorg/spongepowered/asm/mixin/injection/callback/CallbackInfo;)V has 0 override(s) in child classes
[22:00:56] [Render thread/DEBUG] (FabricLoader/Mixin) fabric-rendering-v1.mixins.json:GuiGraphicsMixin from mod fabric-rendering-v1->@Inject::drawStackOverlay(Lnet/minecraft/client/font/TextRenderer;Lnet/minecraft/item/ItemStack;IILjava/lang/String;Lorg/spongepowered/asm/mixin/injection/callback/CallbackInfo;)V won't be passed a CallbackInfo as a result
[22:00:56] [Render thread/INFO] (net.minecraft.resource.ReloadableResourceManagerImpl) Reloading ResourceManager: vanilla, fabric-api, fabric-api-base, fabric-api-lookup-api-v1, fabric-biome-api-v1, fabric-block-api-v1, fabric-block-view-api-v2, fabric-client-gametest-api-v1, fabric-command-api-v2, fabric-content-registries-v0, fabric-convention-tags-v1, fabric-convention-tags-v2, fabric-crash-report-info-v1, fabric-data-attachment-api-v1, fabric-data-generation-api-v1, fabric-dimensions-v1, fabric-entity-events-v1, fabric-events-interaction-v0, fabric-game-rule-api-v1, fabric-gametest-api-v1, fabric-item-api-v1, fabric-item-group-api-v1, fabric-key-binding-api-v1, fabric-lifecycle-events-v1, fabric-loot-api-v2, fabric-loot-api-v3, fabric-message-api-v1, fabric-model-loading-api-v1, fabric-networking-api-v1, fabric-object-builder-api-v1, fabric-particles-v1, fabric-recipe-api-v1, fabric-registry-sync-v0, fabric-renderer-api-v1, fabric-renderer-indigo, fabric-rendering-fluids-v1, fabric-rendering-v1, fabric-resource-conditions-api-v1, fabric-resource-loader-v0, fabric-resource-loader-v1, fabric-screen-api-v1, fabric-screen-handler-api-v1, fabric-serialization-api-v1, fabric-sound-api-v1, fabric-tag-api-v1, fabric-transfer-api-v1, fabric-transitive-access-wideners-v1, fabricloader, modmenu
[22:00:56] [Render thread/DEBUG] (FabricLoader/Mixin) Mixing SimpleReloadInstanceMixin from fabric-resource-loader-v1.mixins.json into net.minecraft.resource.SimpleResourceReload
[22:00:56] [Render thread/DEBUG] (FabricLoader/Mixin) Mixing client.sprite.SpriteLoaderPreparationsMixin from fabric-renderer-api-v1.mixins.json into net.minecraft.client.texture.SpriteLoader$StitchResult
[22:00:56] [Render thread/DEBUG] (FabricLoader/Mixin) Mixing modification.RegistryAccessImmutableRegistryAccessMixin from fabric-biome-api-v1.mixins.json into net.minecraft.registry.DynamicRegistryManager$ImmutableImpl
[22:00:56] [Render thread/DEBUG] (FabricLoader/Mixin) Mixing DrawAccessor from fabric-rendering-v1.mixins.json into net.minecraft.client.gui.render.GuiRenderer$Draw
[22:00:56] [Render thread/DEBUG] (com.mojang.blaze3d.systems.RenderSystem) Growing IndexBuffer: Old limit 0, new limit 60.
[22:00:56] [Render thread/DEBUG] (FabricLoader/Mixin) Mixing client.block.render.SubmitNodeCollectionMixin from fabric-renderer-api-v1.mixins.json into net.minecraft.client.render.command.BatchingRenderCommandQueue
[22:00:56] [Render thread/DEBUG] (FabricLoader/Mixin) Mixing SubmitNodeCollectionMixin from fabric-renderer-indigo.mixins.json into net.minecraft.client.render.command.BatchingRenderCommandQueue
[22:00:56] [Render thread/DEBUG] (FabricLoader/Mixin) fabric-renderer-api-v1.mixins.json:client.block.render.SubmitNodeCollectionMixin from mod fabric-renderer-api-v1->@Inject::onReturnClear(Lorg/spongepowered/asm/mixin/injection/callback/CallbackInfo;)V doesn't use it's CallbackInfo
[22:00:56] [Render thread/DEBUG] (FabricLoader/Mixin) fabric-renderer-api-v1.mixins.json:client.block.render.SubmitNodeCollectionMixin from mod fabric-renderer-api-v1->@Inject::onReturnClear(Lorg/spongepowered/asm/mixin/injection/callback/CallbackInfo;)V has 0 override(s) in child classes
[22:00:56] [Render thread/DEBUG] (FabricLoader/Mixin) fabric-renderer-api-v1.mixins.json:client.block.render.SubmitNodeCollectionMixin from mod fabric-renderer-api-v1->@Inject::onReturnClear(Lorg/spongepowered/asm/mixin/injection/callback/CallbackInfo;)V won't be passed a CallbackInfo as a result
[22:00:56] [Render thread/DEBUG] (FabricLoader/Mixin) fabric-renderer-indigo.mixins.json:SubmitNodeCollectionMixin from mod fabric-renderer-indigo->@Inject::clear(Lorg/spongepowered/asm/mixin/injection/callback/CallbackInfo;)V doesn't use it's CallbackInfo
[22:00:56] [Render thread/DEBUG] (FabricLoader/Mixin) fabric-renderer-indigo.mixins.json:SubmitNodeCollectionMixin from mod fabric-renderer-indigo->@Inject::clear(Lorg/spongepowered/asm/mixin/injection/callback/CallbackInfo;)V has 0 override(s) in child classes
[22:00:56] [Render thread/DEBUG] (FabricLoader/Mixin) fabric-renderer-indigo.mixins.json:SubmitNodeCollectionMixin from mod fabric-renderer-indigo->@Inject::clear(Lorg/spongepowered/asm/mixin/injection/callback/CallbackInfo;)V won't be passed a CallbackInfo as a result
[22:00:57] [Worker-Main-4/INFO] (net.minecraft.client.font.UnihexFont) Found unifont_all_no_pua-17.0.01.hex, loading
[22:00:57] [Worker-Main-6/INFO] (net.minecraft.client.font.UnihexFont) Found unifont_pua-17.0.01.hex, loading
[22:00:57] [Worker-Main-2/INFO] (net.minecraft.client.font.UnihexFont) Found unifont_jp_patch-17.0.01.hex, loading
[22:00:57] [Worker-Main-7/DEBUG] (FabricLoader/Mixin) Mixing LayerDefinitionsMixin from fabric-rendering-v1.mixins.json into net.minecraft.client.render.entity.model.EntityModels
[22:00:57] [Download-3/INFO] (net.minecraft.client.realms.RealmsClient) Could not authorize you against Realms server: java.lang.RuntimeException: Failed to parse into SignedJWT: FabricMC
[22:00:57] [Worker-Main-7/DEBUG] (FabricLoader/Mixin) fabric-rendering-v1.mixins.json:LayerDefinitionsMixin from mod fabric-rendering-v1->@Inject::registerExtraModelData(Lorg/spongepowered/asm/mixin/injection/callback/CallbackInfoReturnable;)V doesn't use it's CallbackInfoReturnable
[22:00:57] [Download-3/ERROR] (net.minecraft.client.realms.RealmsClient) Failed to fetch Realms feature flags
net.minecraft.client.realms.exception.RealmsServiceException: Realms authentication error with message 'java.lang.RuntimeException: Failed to parse into SignedJWT: FabricMC'
	at knot//net.minecraft.client.realms.RealmsClient.execute(RealmsClient.java:526)
	at knot//net.minecraft.client.realms.RealmsClient.fetchFeatureFlags(RealmsClient.java:186)
	at java.base/java.util.concurrent.CompletableFuture$AsyncSupply.run(CompletableFuture.java:1789)
	at java.base/java.util.concurrent.ThreadPoolExecutor.runWorker(ThreadPoolExecutor.java:1090)
	at java.base/java.util.concurrent.ThreadPoolExecutor$Worker.run(ThreadPoolExecutor.java:614)
	at java.base/java.lang.Thread.run(Thread.java:1516)
[22:00:57] [Worker-Main-7/DEBUG] (FabricLoader/Mixin) Mixing RenderStateMixin from fabric-rendering-v1.mixins.json into net.minecraft.client.render.entity.state.EntityRenderState
[22:00:57] [Worker-Main-7/DEBUG] (FabricLoader/Mixin) Mixing ModelLayersMixin from fabric-object-builder-v1.client.mixins.json into net.minecraft.client.render.entity.model.EntityModelLayers
[22:00:57] [Worker-Main-7/DEBUG] (FabricLoader/Mixin) Renaming synthetic method lambda$createHangingSign$0(Lnet/minecraft/client/render/block/entity/HangingSignBlockEntityRenderer$AttachmentType;Ljava/lang/String;)Ljava/lang/String; to mdffa551$fabric-object-builder-api-v1$lambda$createHangingSign$0$0 in fabric-object-builder-v1.client.mixins.json:ModelLayersMixin from mod fabric-object-builder-api-v1
[22:00:57] [Worker-Main-7/DEBUG] (FabricLoader/Mixin) Mixing ModelLayersAccessor from fabric-rendering-v1.mixins.json into net.minecraft.client.render.entity.model.EntityModelLayers
[22:00:57] [Worker-Main-7/DEBUG] (FabricLoader/Mixin) Renaming @Accessor method getLayers()Ljava/util/Set; to getLayers$fabric-rendering-v1_$md$ffa551$1 in fabric-rendering-v1.mixins.json:ModelLayersAccessor from mod fabric-rendering-v1
[22:00:57] [Worker-Main-7/DEBUG] (FabricLoader/Mixin) fabric-object-builder-v1.client.mixins.json:ModelLayersMixin from mod fabric-object-builder-api-v1->@Inject::createStandingSign(Lnet/minecraft/block/WoodType;Lorg/spongepowered/asm/mixin/injection/callback/CallbackInfoReturnable;)V does use it's CallbackInfoReturnable
[22:00:57] [Worker-Main-7/DEBUG] (FabricLoader/Mixin) fabric-object-builder-v1.client.mixins.json:ModelLayersMixin from mod fabric-object-builder-api-v1->@Inject::createWallSign(Lnet/minecraft/block/WoodType;Lorg/spongepowered/asm/mixin/injection/callback/CallbackInfoReturnable;)V does use it's CallbackInfoReturnable
[22:00:57] [Worker-Main-7/DEBUG] (FabricLoader/Mixin) fabric-object-builder-v1.client.mixins.json:ModelLayersMixin from mod fabric-object-builder-api-v1->@Inject::createHangingSign(Lnet/minecraft/block/WoodType;Lnet/minecraft/client/render/block/entity/HangingSignBlockEntityRenderer$AttachmentType;Lorg/spongepowered/asm/mixin/injection/callback/CallbackInfoReturnable;)V does use it's CallbackInfoReturnable
[22:00:57] [Worker-Main-3/DEBUG] (FabricLoader/Mixin) Mixing BlockModelAccessor from fabric-model-loading-api-v1.mixins.json into net.minecraft.client.render.model.json.JsonUnbakedModel
[22:00:57] [Worker-Main-3/DEBUG] (FabricLoader/Mixin) Mixing BlockModelMixin from fabric-model-loading-api-v1.mixins.json into net.minecraft.client.render.model.json.JsonUnbakedModel
[22:00:57] [Worker-Main-7/DEBUG] (FabricLoader/Mixin) Mixing ModelPartAccessor from fabric-rendering-v1.mixins.json into net.minecraft.client.model.ModelPart
[22:00:57] [Worker-Main-12/DEBUG] (FabricLoader/Mixin) Mixing client.block.model.MultiPartModelMixin from fabric-renderer-api-v1.mixins.json into net.minecraft.client.render.model.MultipartBlockStateModel
[22:00:57] [Worker-Main-12/DEBUG] (FabricLoader/Mixin) Mixing client.block.model.WeightedVariantsMixin from fabric-renderer-api-v1.mixins.json into net.minecraft.client.render.model.WeightedBlockStateModel
[22:00:57] [Worker-Main-7/DEBUG] (FabricLoader/Mixin) Mixing client.sprite.ModelManager1Mixin from fabric-renderer-api-v1.mixins.json into net.minecraft.client.render.model.BakedModelManager$1
[22:00:57] [Worker-Main-7/DEBUG] (FabricLoader/Mixin) Mixing client.block.model.BlockModelPartMixin from fabric-renderer-api-v1.mixins.json into net.minecraft.client.render.model.BlockModelPart
[22:00:57] [Worker-Main-7/DEBUG] (FabricLoader/Mixin) Mixing client.block.model.SimpleModelWrapperMixin from fabric-renderer-api-v1.mixins.json into net.minecraft.client.render.model.GeometryBakedModel
[22:00:57] [Worker-Main-7/DEBUG] (FabricLoader/Mixin) Renaming synthetic method lambda$emitQuads$1(Lnet/fabricmc/fabric/api/renderer/v1/mesh/MutableQuadView;)Z to mdffa551$fabric-renderer-api-v1$lambda$emitQuads$1$0 in fabric-renderer-api-v1.mixins.json:client.block.model.SimpleModelWrapperMixin from mod fabric-renderer-api-v1
[22:00:57] [Worker-Main-7/DEBUG] (FabricLoader/Mixin) Renaming synthetic method lambda$validateMeshAtlas$0(Lcom/llamalad7/mixinextras/sugar/ref/LocalRef;Lnet/minecraft/client/render/model/Baker;Lnet/fabricmc/fabric/api/renderer/v1/mesh/QuadView;)V to mdffa551$fabric-renderer-api-v1$lambda$validateMeshAtlas$0$1 in fabric-renderer-api-v1.mixins.json:client.block.model.SimpleModelWrapperMixin from mod fabric-renderer-api-v1
[22:00:57] [Worker-Main-7/DEBUG] (FabricLoader/Mixin) fabric-renderer-api-v1.mixins.json:client.block.model.SimpleModelWrapperMixin from mod fabric-renderer-api-v1->@Inject::validateMeshAtlas(Lnet/minecraft/client/render/model/Baker;Lnet/minecraft/util/Identifier;Lnet/minecraft/client/render/model/ModelBakeSettings;Lorg/spongepowered/asm/mixin/injection/callback/CallbackInfoReturnable;)V doesn't use it's CallbackInfoReturnable
[22:00:57] [Worker-Main-3/DEBUG] (FabricLoader/Mixin) Mixing client.block.model.MultiPartModelSharedBakedStateAccessor from fabric-renderer-api-v1.mixins.json into net.minecraft.client.render.model.MultipartBlockStateModel$MultipartBakedModel
[22:00:57] [Worker-Main-7/DEBUG] (FabricLoader/Mixin) Mixing ModelBakeryBakingResultMixin from fabric-model-loading-api-v1.mixins.json into net.minecraft.client.render.model.ModelBaker$BakedModels
[22:00:58] [Render thread/INFO] (net.minecraft.client.sound.SoundEngine) OpenAL initialized on device Built-in Audio Analog Stereo
[22:00:58] [Render thread/INFO] (net.minecraft.client.sound.SoundSystem) Sound engine started
[22:00:58] [Render thread/INFO] (net.minecraft.client.texture.SpriteAtlasTexture) Created: 512x256x0 minecraft:textures/atlas/particles.png-atlas
[22:00:58] [Render thread/INFO] (net.minecraft.client.texture.SpriteAtlasTexture) Created: 128x128x0 minecraft:textures/atlas/decorated_pot.png-atlas
[22:00:58] [Render thread/INFO] (net.minecraft.client.texture.SpriteAtlasTexture) Created: 2048x1024x0 minecraft:textures/atlas/armor_trims.png-atlas
[22:00:58] [Render thread/INFO] (net.minecraft.client.texture.SpriteAtlasTexture) Created: 512x256x0 minecraft:textures/atlas/paintings.png-atlas
[22:00:58] [Render thread/INFO] (net.minecraft.client.texture.SpriteAtlasTexture) Created: 1024x512x0 minecraft:textures/atlas/shield_patterns.png-atlas
[22:00:58] [Render thread/INFO] (net.minecraft.client.texture.SpriteAtlasTexture) Created: 2048x2048x4 minecraft:textures/atlas/blocks.png-atlas
[22:00:58] [Render thread/INFO] (net.minecraft.client.texture.SpriteAtlasTexture) Created: 512x512x0 minecraft:textures/atlas/chest.png-atlas
[22:00:58] [Render thread/INFO] (net.minecraft.client.texture.SpriteAtlasTexture) Created: 256x128x0 minecraft:textures/atlas/celestials.png-atlas
[22:00:58] [Render thread/INFO] (net.minecraft.client.texture.SpriteAtlasTexture) Created: 1024x512x0 minecraft:textures/atlas/banner_patterns.png-atlas
[22:00:58] [Render thread/INFO] (net.minecraft.client.texture.SpriteAtlasTexture) Created: 512x512x0 minecraft:textures/atlas/beds.png-atlas
[22:00:58] [Render thread/INFO] (net.minecraft.client.texture.SpriteAtlasTexture) Created: 1024x512x0 minecraft:textures/atlas/items.png-atlas
[22:00:58] [Render thread/INFO] (net.minecraft.client.texture.SpriteAtlasTexture) Created: 1024x1024x0 minecraft:textures/atlas/gui.png-atlas
[22:00:58] [Render thread/INFO] (net.minecraft.client.texture.SpriteAtlasTexture) Created: 128x64x0 minecraft:textures/atlas/map_decorations.png-atlas
[22:00:58] [Render thread/INFO] (net.minecraft.client.texture.SpriteAtlasTexture) Created: 512x256x0 minecraft:textures/atlas/signs.png-atlas
[22:00:58] [Render thread/INFO] (net.minecraft.client.texture.SpriteAtlasTexture) Created: 512x512x0 minecraft:textures/atlas/shulker_boxes.png-atlas
[22:00:58] [Render thread/DEBUG] (FabricLoader/Mixin) Mixing LiquidBlockRendererMixin from fabric-rendering-fluids-v1.mixins.json into net.minecraft.client.render.block.FluidRenderer
[22:00:58] [Render thread/DEBUG] (FabricLoader/Mixin) fabric-rendering-fluids-v1.mixins.json:LiquidBlockRendererMixin from mod fabric-rendering-fluids-v1->@Inject::onResourceReloadReturn(Lorg/spongepowered/asm/mixin/injection/callback/CallbackInfo;)V doesn't use it's CallbackInfo
[22:00:58] [Render thread/DEBUG] (FabricLoader/Mixin) fabric-rendering-fluids-v1.mixins.json:LiquidBlockRendererMixin from mod fabric-rendering-fluids-v1->@Inject::onResourceReloadReturn(Lorg/spongepowered/asm/mixin/injection/callback/CallbackInfo;)V has 0 override(s) in child classes
[22:00:58] [Render thread/DEBUG] (FabricLoader/Mixin) fabric-rendering-fluids-v1.mixins.json:LiquidBlockRendererMixin from mod fabric-rendering-fluids-v1->@Inject::onResourceReloadReturn(Lorg/spongepowered/asm/mixin/injection/callback/CallbackInfo;)V won't be passed a CallbackInfo as a result
[22:00:58] [Render thread/DEBUG] (FabricLoader/Mixin) fabric-rendering-fluids-v1.mixins.json:LiquidBlockRendererMixin from mod fabric-rendering-fluids-v1->@Inject::onHeadRender(Lnet/minecraft/world/BlockRenderView;Lnet/minecraft/util/math/BlockPos;Lnet/minecraft/client/render/VertexConsumer;Lnet/minecraft/block/BlockState;Lnet/minecraft/fluid/FluidState;Lorg/spongepowered/asm/mixin/injection/callback/CallbackInfo;)V does use it's CallbackInfo
[22:00:58] [Render thread/DEBUG] (FabricLoader/Mixin) Mixing EntityRenderersMixin from fabric-rendering-v1.mixins.json into net.minecraft.client.render.entity.EntityRendererFactories
[22:00:58] [Render thread/DEBUG] (FabricLoader/Mixin) Renaming synthetic method lambda$onRegisterRenderers$0(Lnet/minecraft/entity/EntityType;Lnet/minecraft/client/render/entity/EntityRendererFactory;)V to mdffa551$fabric-rendering-v1$lambda$onRegisterRenderers$0$0 in fabric-rendering-v1.mixins.json:EntityRenderersMixin from mod fabric-rendering-v1
[22:00:58] [Render thread/DEBUG] (FabricLoader/Mixin) fabric-rendering-v1.mixins.json:EntityRenderersMixin from mod fabric-rendering-v1->@Inject::onRegisterRenderers(Lorg/spongepowered/asm/mixin/injection/callback/CallbackInfo;)V doesn't use it's CallbackInfo
[22:00:58] [Render thread/DEBUG] (FabricLoader/Mixin) Mixing HumanoidMobRendererMixin from fabric-rendering-v1.mixins.json into net.minecraft.client.render.entity.BipedEntityRenderer
[22:00:59] [Render thread/DEBUG] (FabricLoader/Mixin) Mixing HumanoidArmorLayerMixin from fabric-rendering-v1.mixins.json into net.minecraft.client.render.entity.feature.ArmorFeatureRenderer
[22:00:59] [Render thread/DEBUG] (FabricLoader/Mixin) fabric-rendering-v1.mixins.json:HumanoidArmorLayerMixin from mod fabric-rendering-v1->@Inject::render(Lnet/minecraft/client/util/math/MatrixStack;Lnet/minecraft/client/render/command/OrderedRenderCommandQueue;ILnet/minecraft/client/render/entity/state/BipedEntityRenderState;FFLorg/spongepowered/asm/mixin/injection/callback/CallbackInfo;)V doesn't use it's CallbackInfo
[22:00:59] [Render thread/DEBUG] (FabricLoader/Mixin) fabric-rendering-v1.mixins.json:HumanoidArmorLayerMixin from mod fabric-rendering-v1->@Inject::render(Lnet/minecraft/client/util/math/MatrixStack;Lnet/minecraft/client/render/command/OrderedRenderCommandQueue;ILnet/minecraft/client/render/entity/state/BipedEntityRenderState;FFLorg/spongepowered/asm/mixin/injection/callback/CallbackInfo;)V has 0 override(s) in child classes
[22:00:59] [Render thread/DEBUG] (FabricLoader/Mixin) fabric-rendering-v1.mixins.json:HumanoidArmorLayerMixin from mod fabric-rendering-v1->@Inject::render(Lnet/minecraft/client/util/math/MatrixStack;Lnet/minecraft/client/render/command/OrderedRenderCommandQueue;ILnet/minecraft/client/render/entity/state/BipedEntityRenderState;FFLorg/spongepowered/asm/mixin/injection/callback/CallbackInfo;)V won't be passed a CallbackInfo as a result
[22:00:59] [Render thread/DEBUG] (FabricLoader/Mixin) fabric-rendering-v1.mixins.json:HumanoidArmorLayerMixin from mod fabric-rendering-v1->@Inject::renderArmor(Lnet/minecraft/client/util/math/MatrixStack;Lnet/minecraft/client/render/command/OrderedRenderCommandQueue;Lnet/minecraft/item/ItemStack;Lnet/minecraft/entity/EquipmentSlot;ILnet/minecraft/client/render/entity/state/BipedEntityRenderState;Lorg/spongepowered/asm/mixin/injection/callback/CallbackInfo;)V does use it's CallbackInfo
[22:00:59] [Render thread/DEBUG] (FabricLoader/Mixin) Mixing client.block.render.ItemFrameRendererMixin from fabric-renderer-api-v1.mixins.json into net.minecraft.client.render.entity.ItemFrameEntityRenderer
[22:00:59] [Render thread/DEBUG] (FabricLoader/Mixin) Renaming synthetic method lambda$renderProxy$0(Lnet/minecraft/client/render/RenderLayer;Lnet/minecraft/client/render/BlockRenderLayer;)Lnet/minecraft/client/render/RenderLayer; to mdffa551$fabric-renderer-api-v1$lambda$renderProxy$0$0 in fabric-renderer-api-v1.mixins.json:client.block.render.ItemFrameRendererMixin from mod fabric-renderer-api-v1
[22:00:59] [Render thread/DEBUG] (FabricLoader/Mixin) Mixing client.block.render.MushroomCowMushroomLayerMixin from fabric-renderer-api-v1.mixins.json into net.minecraft.client.render.entity.feature.MooshroomMushroomFeatureRenderer
[22:00:59] [Render thread/DEBUG] (FabricLoader/Mixin) Renaming synthetic method lambda$renderProxy$0(Lnet/minecraft/client/render/RenderLayer;Lnet/minecraft/client/render/BlockRenderLayer;)Lnet/minecraft/client/render/RenderLayer; to mdffa551$fabric-renderer-api-v1$lambda$renderProxy$0$0 in fabric-renderer-api-v1.mixins.json:client.block.render.MushroomCowMushroomLayerMixin from mod fabric-renderer-api-v1
[22:00:59] [Render thread/DEBUG] (FabricLoader/Mixin) Mixing client.block.render.SnowGolemHeadLayerMixin from fabric-renderer-api-v1.mixins.json into net.minecraft.client.render.entity.feature.SnowGolemPumpkinFeatureRenderer
[22:00:59] [Render thread/DEBUG] (FabricLoader/Mixin) Renaming synthetic method lambda$renderProxy$0(Lnet/minecraft/client/render/RenderLayer;Lnet/minecraft/client/render/BlockRenderLayer;)Lnet/minecraft/client/render/RenderLayer; to mdffa551$fabric-renderer-api-v1$lambda$renderProxy$0$0 in fabric-renderer-api-v1.mixins.json:client.block.render.SnowGolemHeadLayerMixin from mod fabric-renderer-api-v1
[22:00:59] [Render thread/DEBUG] (FabricLoader/Mixin) Mixing CapeLayerMixin from fabric-rendering-v1.mixins.json into net.minecraft.client.render.entity.feature.CapeFeatureRenderer
[22:00:59] [Render thread/DEBUG] (FabricLoader/Mixin) fabric-rendering-v1.mixins.json:CapeLayerMixin from mod fabric-rendering-v1->@Inject::injectCapeRenderCheck(Lnet/minecraft/client/util/math/MatrixStack;Lnet/minecraft/client/render/command/OrderedRenderCommandQueue;ILnet/minecraft/client/render/entity/state/PlayerEntityRenderState;FFLorg/spongepowered/asm/mixin/injection/callback/CallbackInfo;)V does use it's CallbackInfo
[22:00:59] [Render thread/DEBUG] (FabricLoader/Mixin) Mixing BlockEntityRenderersMixin from fabric-rendering-v1.mixins.json into net.minecraft.client.render.block.entity.BlockEntityRendererFactories
[22:00:59] [Render thread/DEBUG] (FabricLoader/Mixin) Renaming synthetic method lambda$init$0(Lnet/minecraft/block/entity/BlockEntityType;Lnet/minecraft/client/render/block/entity/BlockEntityRendererFactory;)V to mdffa551$fabric-rendering-v1$lambda$init$0$0 in fabric-rendering-v1.mixins.json:BlockEntityRenderersMixin from mod fabric-rendering-v1
[22:00:59] [Render thread/DEBUG] (FabricLoader/Mixin) fabric-rendering-v1.mixins.json:BlockEntityRenderersMixin from mod fabric-rendering-v1->@Inject::init(Lorg/spongepowered/asm/mixin/injection/callback/CallbackInfo;)V doesn't use it's CallbackInfo
[22:00:59] [IO-Worker-1/INFO] (net.minecraft.client.realms.RealmsClient) Could not authorize you against Realms server: java.lang.RuntimeException: Failed to parse into SignedJWT: FabricMC
[22:00:59] [IO-Worker-1/ERROR] (net.minecraft.client.realms.RealmsAvailability) Couldn't connect to realms
net.minecraft.client.realms.exception.RealmsServiceException: Realms authentication error with message 'java.lang.RuntimeException: Failed to parse into SignedJWT: FabricMC'
	at knot//net.minecraft.client.realms.RealmsClient.execute(RealmsClient.java:526)
	at knot//net.minecraft.client.realms.RealmsClient.clientCompatible(RealmsClient.java:307)
	at knot//net.minecraft.client.realms.RealmsAvailability.method_52627(RealmsAvailability.java:48)
	at java.base/java.util.concurrent.CompletableFuture$AsyncSupply.run(CompletableFuture.java:1789)
	at java.base/java.util.concurrent.ThreadPoolExecutor.runWorker(ThreadPoolExecutor.java:1090)
	at java.base/java.util.concurrent.ThreadPoolExecutor$Worker.run(ThreadPoolExecutor.java:614)
	at java.base/java.lang.Thread.run(Thread.java:1516)
[22:01:00] [Render thread/DEBUG] (com.mojang.blaze3d.systems.RenderSystem) Growing IndexBuffer: Old limit 60, new limit 192.
[22:01:01] [Render thread/DEBUG] (com.mojang.blaze3d.systems.RenderSystem) Growing IndexBuffer: Old limit 192, new limit 1920.
[22:01:02] [Render thread/DEBUG] (FabricLoader/Mixin) Mixing AccessorGridWidget from mixins.modmenu.json into net.minecraft.client.gui.widget.GridWidget
[22:01:02] [Render thread/DEBUG] (FabricLoader/Mixin) Mixing CreateWorldScreenMixin from fabric-resource-loader-v1.client.mixins.json into net.minecraft.client.gui.screen.world.CreateWorldScreen
[22:01:02] [Render thread/DEBUG] (FabricLoader/Mixin) fabric-resource-loader-v1.client.mixins.json:CreateWorldScreenMixin from mod fabric-resource-loader-v1->@Inject::onScanPacks(Lorg/spongepowered/asm/mixin/injection/callback/CallbackInfoReturnable;)V doesn't use it's CallbackInfoReturnable
[22:01:02] [Render thread/DEBUG] (FabricLoader/Mixin) fabric-resource-loader-v1.client.mixins.json:CreateWorldScreenMixin from mod fabric-resource-loader-v1->@Inject::onScanPacks(Lorg/spongepowered/asm/mixin/injection/callback/CallbackInfoReturnable;)V has 0 override(s) in child classes
[22:01:02] [Render thread/DEBUG] (FabricLoader/Mixin) fabric-resource-loader-v1.client.mixins.json:CreateWorldScreenMixin from mod fabric-resource-loader-v1->@Inject::onScanPacks(Lorg/spongepowered/asm/mixin/injection/callback/CallbackInfoReturnable;)V won't be passed a CallbackInfoReturnable as a result
[22:01:03] [Render thread/DEBUG] (FabricLoader/Mixin) Mixing ReloadableServerResourcesMixin from fabric-tag-api-v1.mixins.json into net.minecraft.server.DataPackContents
[22:01:03] [Render thread/DEBUG] (FabricLoader/Mixin) Mixing ReloadableServerResourcesMixin from fabric-lifecycle-events-v1.mixins.json into net.minecraft.server.DataPackContents
[22:01:03] [Render thread/DEBUG] (FabricLoader/Mixin) Mixing ReloadableServerResourcesMixin from fabric-resource-conditions-api-v1.mixins.json into net.minecraft.server.DataPackContents
[22:01:03] [Render thread/DEBUG] (FabricLoader/Mixin) Mixing ReloadableServerResourcesMixin from fabric-resource-loader-v1.mixins.json into net.minecraft.server.DataPackContents
[22:01:03] [Render thread/DEBUG] (FabricLoader/Mixin) fabric-tag-api-v1.mixins.json:ReloadableServerResourcesMixin from mod fabric-tag-api-v1->@Inject::storeDynamicRegistries(Lnet/minecraft/registry/CombinedDynamicRegistries;Lnet/minecraft/registry/RegistryWrapper$WrapperLookup;Lnet/minecraft/resource/featuretoggle/FeatureSet;Lnet/minecraft/server/command/CommandManager$RegistrationEnvironment;Ljava/util/List;Lnet/minecraft/command/permission/PermissionPredicate;Lorg/spongepowered/asm/mixin/injection/callback/CallbackInfo;)V doesn't use it's CallbackInfo
[22:01:03] [Render thread/DEBUG] (FabricLoader/Mixin) fabric-tag-api-v1.mixins.json:ReloadableServerResourcesMixin from mod fabric-tag-api-v1->@Inject::storeDynamicRegistries(Lnet/minecraft/registry/CombinedDynamicRegistries;Lnet/minecraft/registry/RegistryWrapper$WrapperLookup;Lnet/minecraft/resource/featuretoggle/FeatureSet;Lnet/minecraft/server/command/CommandManager$RegistrationEnvironment;Ljava/util/List;Lnet/minecraft/command/permission/PermissionPredicate;Lorg/spongepowered/asm/mixin/injection/callback/CallbackInfo;)V has 0 override(s) in child classes
[22:01:03] [Render thread/DEBUG] (FabricLoader/Mixin) fabric-tag-api-v1.mixins.json:ReloadableServerResourcesMixin from mod fabric-tag-api-v1->@Inject::storeDynamicRegistries(Lnet/minecraft/registry/CombinedDynamicRegistries;Lnet/minecraft/registry/RegistryWrapper$WrapperLookup;Lnet/minecraft/resource/featuretoggle/FeatureSet;Lnet/minecraft/server/command/CommandManager$RegistrationEnvironment;Ljava/util/List;Lnet/minecraft/command/permission/PermissionPredicate;Lorg/spongepowered/asm/mixin/injection/callback/CallbackInfo;)V won't be passed a CallbackInfo as a result
[22:01:03] [Render thread/DEBUG] (FabricLoader/Mixin) fabric-tag-api-v1.mixins.json:ReloadableServerResourcesMixin from mod fabric-tag-api-v1->@Inject::applyDynamicTagAliases(Lorg/spongepowered/asm/mixin/injection/callback/CallbackInfo;)V doesn't use it's CallbackInfo
[22:01:03] [Render thread/DEBUG] (FabricLoader/Mixin) fabric-tag-api-v1.mixins.json:ReloadableServerResourcesMixin from mod fabric-tag-api-v1->@Inject::applyDynamicTagAliases(Lorg/spongepowered/asm/mixin/injection/callback/CallbackInfo;)V has 0 override(s) in child classes
[22:01:03] [Render thread/DEBUG] (FabricLoader/Mixin) fabric-tag-api-v1.mixins.json:ReloadableServerResourcesMixin from mod fabric-tag-api-v1->@Inject::applyDynamicTagAliases(Lorg/spongepowered/asm/mixin/injection/callback/CallbackInfo;)V won't be passed a CallbackInfo as a result
[22:01:03] [Render thread/DEBUG] (FabricLoader/Mixin) fabric-lifecycle-events-v1.mixins.json:ReloadableServerResourcesMixin from mod fabric-lifecycle-events-v1->@Inject::init(Lnet/minecraft/registry/CombinedDynamicRegistries;Lnet/minecraft/registry/RegistryWrapper$WrapperLookup;Lnet/minecraft/resource/featuretoggle/FeatureSet;Lnet/minecraft/server/command/CommandManager$RegistrationEnvironment;Ljava/util/List;Lnet/minecraft/command/permission/PermissionPredicate;Lorg/spongepowered/asm/mixin/injection/callback/CallbackInfo;)V doesn't use it's CallbackInfo
[22:01:03] [Render thread/DEBUG] (FabricLoader/Mixin) fabric-lifecycle-events-v1.mixins.json:ReloadableServerResourcesMixin from mod fabric-lifecycle-events-v1->@Inject::init(Lnet/minecraft/registry/CombinedDynamicRegistries;Lnet/minecraft/registry/RegistryWrapper$WrapperLookup;Lnet/minecraft/resource/featuretoggle/FeatureSet;Lnet/minecraft/server/command/CommandManager$RegistrationEnvironment;Ljava/util/List;Lnet/minecraft/command/permission/PermissionPredicate;Lorg/spongepowered/asm/mixin/injection/callback/CallbackInfo;)V has 0 override(s) in child classes
[22:01:03] [Render thread/DEBUG] (FabricLoader/Mixin) fabric-lifecycle-events-v1.mixins.json:ReloadableServerResourcesMixin from mod fabric-lifecycle-events-v1->@Inject::init(Lnet/minecraft/registry/CombinedDynamicRegistries;Lnet/minecraft/registry/RegistryWrapper$WrapperLookup;Lnet/minecraft/resource/featuretoggle/FeatureSet;Lnet/minecraft/server/command/CommandManager$RegistrationEnvironment;Ljava/util/List;Lnet/minecraft/command/permission/PermissionPredicate;Lorg/spongepowered/asm/mixin/injection/callback/CallbackInfo;)V won't be passed a CallbackInfo as a result
[22:01:03] [Render thread/DEBUG] (FabricLoader/Mixin) fabric-lifecycle-events-v1.mixins.json:ReloadableServerResourcesMixin from mod fabric-lifecycle-events-v1->@Inject::hookRefresh(Lorg/spongepowered/asm/mixin/injection/callback/CallbackInfo;)V doesn't use it's CallbackInfo
[22:01:03] [Render thread/DEBUG] (FabricLoader/Mixin) fabric-lifecycle-events-v1.mixins.json:ReloadableServerResourcesMixin from mod fabric-lifecycle-events-v1->@Inject::hookRefresh(Lorg/spongepowered/asm/mixin/injection/callback/CallbackInfo;)V has 0 override(s) in child classes
[22:01:03] [Render thread/DEBUG] (FabricLoader/Mixin) fabric-lifecycle-events-v1.mixins.json:ReloadableServerResourcesMixin from mod fabric-lifecycle-events-v1->@Inject::hookRefresh(Lorg/spongepowered/asm/mixin/injection/callback/CallbackInfo;)V won't be passed a CallbackInfo as a result
[22:01:03] [Render thread/DEBUG] (FabricLoader/Mixin) fabric-resource-conditions-api-v1.mixins.json:ReloadableServerResourcesMixin from mod fabric-resource-conditions-api-v1->@Inject::hookReload(Lnet/minecraft/resource/ResourceManager;Lnet/minecraft/registry/CombinedDynamicRegistries;Ljava/util/List;Lnet/minecraft/resource/featuretoggle/FeatureSet;Lnet/minecraft/server/command/CommandManager$RegistrationEnvironment;Lnet/minecraft/command/permission/PermissionPredicate;Ljava/util/concurrent/Executor;Ljava/util/concurrent/Executor;Lorg/spongepowered/asm/mixin/injection/callback/CallbackInfoReturnable;)V doesn't use it's CallbackInfoReturnable
[22:01:03] [Render thread/DEBUG] (FabricLoader/Mixin) Mixing WorldLoaderMixin from fabric-registry-sync-v0.mixins.json into net.minecraft.server.SaveLoading
[22:01:03] [Render thread/DEBUG] (FabricLoader/Mixin) Mixing ServerPlayerGameModeMixin from fabric-events-interaction-v0.mixins.json into net.minecraft.server.network.ServerPlayerInteractionManager
[22:01:03] [Render thread/DEBUG] (FabricLoader/Mixin) fabric-events-interaction-v0.mixins.json:ServerPlayerGameModeMixin from mod fabric-events-interaction-v0->@Inject::startBlockBreak(Lnet/minecraft/util/math/BlockPos;Lnet/minecraft/network/packet/c2s/play/PlayerActionC2SPacket$Action;Lnet/minecraft/util/math/Direction;IILorg/spongepowered/asm/mixin/injection/callback/CallbackInfo;)V does use it's CallbackInfo
[22:01:03] [Render thread/DEBUG] (FabricLoader/Mixin) fabric-events-interaction-v0.mixins.json:ServerPlayerGameModeMixin from mod fabric-events-interaction-v0->@Inject::interactBlock(Lnet/minecraft/server/network/ServerPlayerEntity;Lnet/minecraft/world/World;Lnet/minecraft/item/ItemStack;Lnet/minecraft/util/Hand;Lnet/minecraft/util/hit/BlockHitResult;Lorg/spongepowered/asm/mixin/injection/callback/CallbackInfoReturnable;)V does use it's CallbackInfoReturnable
[22:01:03] [Render thread/DEBUG] (FabricLoader/Mixin) fabric-events-interaction-v0.mixins.json:ServerPlayerGameModeMixin from mod fabric-events-interaction-v0->@Inject::interactItem(Lnet/minecraft/server/network/ServerPlayerEntity;Lnet/minecraft/world/World;Lnet/minecraft/item/ItemStack;Lnet/minecraft/util/Hand;Lorg/spongepowered/asm/mixin/injection/callback/CallbackInfoReturnable;)V does use it's CallbackInfoReturnable
[22:01:03] [Render thread/DEBUG] (FabricLoader/Mixin) fabric-events-interaction-v0.mixins.json:ServerPlayerGameModeMixin from mod fabric-events-interaction-v0->@Inject::breakBlock(Lnet/minecraft/util/math/BlockPos;Lorg/spongepowered/asm/mixin/injection/callback/CallbackInfoReturnable;)V does use it's CallbackInfoReturnable
[22:01:03] [Render thread/DEBUG] (FabricLoader/Mixin) fabric-events-interaction-v0.mixins.json:ServerPlayerGameModeMixin from mod fabric-events-interaction-v0->@Inject::onBlockBroken(Lnet/minecraft/util/math/BlockPos;Lorg/spongepowered/asm/mixin/injection/callback/CallbackInfoReturnable;)V doesn't use it's CallbackInfoReturnable
[22:01:03] [Render thread/DEBUG] (FabricLoader/Mixin) fabric-events-interaction-v0.mixins.json:ServerPlayerGameModeMixin from mod fabric-events-interaction-v0->@Inject::onBlockBroken(Lnet/minecraft/util/math/BlockPos;Lorg/spongepowered/asm/mixin/injection/callback/CallbackInfoReturnable;)V has 0 override(s) in child classes
[22:01:03] [Render thread/DEBUG] (FabricLoader/Mixin) fabric-events-interaction-v0.mixins.json:ServerPlayerGameModeMixin from mod fabric-events-interaction-v0->@Inject::onBlockBroken(Lnet/minecraft/util/math/BlockPos;Lorg/spongepowered/asm/mixin/injection/callback/CallbackInfoReturnable;)V won't be passed a CallbackInfoReturnable as a result
[22:01:03] [Render thread/DEBUG] (net.fabricmc.fabric.impl.resource.pack.ModPackResourcesUtil) [Fabric] Starting internal pack sorting with: [fabric-convention-tags-v2, fabric-gametest-api-v1]
[22:01:03] [Render thread/DEBUG] (net.fabricmc.fabric.impl.resource.pack.ModPackResourcesUtil) [Fabric] Removed all internal packs, result: []
[22:01:03] [Render thread/DEBUG] (net.fabricmc.fabric.impl.resource.pack.ModPackResourcesUtil) [Fabric] Final sorting result: []
[22:01:03] [Render thread/DEBUG] (net.fabricmc.fabric.impl.resource.pack.ModPackResourcesUtil) [Fabric] Starting internal pack sorting with: [vanilla, fabric-convention-tags-v2, fabric-gametest-api-v1]
[22:01:03] [Render thread/DEBUG] (net.fabricmc.fabric.impl.resource.pack.ModPackResourcesUtil) [Fabric] Removed all internal packs, result: [vanilla]
[22:01:03] [Render thread/DEBUG] (net.fabricmc.fabric.impl.resource.pack.ModPackResourcesUtil) [Fabric] cur @ vanilla, auto-enabled fabric-convention-tags-v2, currently enabled: [vanilla, fabric-convention-tags-v2]
[22:01:03] [Render thread/DEBUG] (net.fabricmc.fabric.impl.resource.pack.ModPackResourcesUtil) [Fabric] cur @ vanilla, auto-enabled fabric-gametest-api-v1, currently enabled: [vanilla, fabric-convention-tags-v2, fabric-gametest-api-v1]
[22:01:03] [Render thread/DEBUG] (net.fabricmc.fabric.impl.resource.pack.ModPackResourcesUtil) [Fabric] Final sorting result: [vanilla, fabric-convention-tags-v2, fabric-gametest-api-v1]
[22:01:03] [Render thread/DEBUG] (FabricLoader/Mixin) Mixing SimpleRegistry2Mixin from fabric-tag-api-v1.mixins.json into net.minecraft.registry.SimpleRegistry$2
[22:01:03] [Render thread/DEBUG] (FabricLoader/Mixin) Mixing SimpleRegistry3Mixin from fabric-tag-api-v1.mixins.json into net.minecraft.registry.SimpleRegistry$3
[22:01:03] [Render thread/DEBUG] (FabricLoader/Mixin) fabric-tag-api-v1.mixins.json:SimpleRegistry3Mixin from mod fabric-tag-api-v1->@Inject::applyTagAliases(Lorg/spongepowered/asm/mixin/injection/callback/CallbackInfo;)V doesn't use it's CallbackInfo
[22:01:03] [Render thread/DEBUG] (FabricLoader/Mixin) fabric-tag-api-v1.mixins.json:SimpleRegistry3Mixin from mod fabric-tag-api-v1->@Inject::applyTagAliases(Lorg/spongepowered/asm/mixin/injection/callback/CallbackInfo;)V has 0 override(s) in child classes
[22:01:03] [Render thread/DEBUG] (FabricLoader/Mixin) fabric-tag-api-v1.mixins.json:SimpleRegistry3Mixin from mod fabric-tag-api-v1->@Inject::applyTagAliases(Lorg/spongepowered/asm/mixin/injection/callback/CallbackInfo;)V won't be passed a CallbackInfo as a result
[22:01:03] [Render thread/DEBUG] (FabricLoader/Mixin) Mixing RegistryDataLoaderMixin from fabric-gametest-api-v1.mixins.json into net.minecraft.registry.RegistryLoader
[22:01:03] [Render thread/DEBUG] (FabricLoader/Mixin) Renaming synthetic method lambda$loadFromResources$0(Lnet/minecraft/registry/RegistryLoader$Entry;)Z to mdffa551$fabric-gametest-api-v1$lambda$loadFromResources$0$0 in fabric-gametest-api-v1.mixins.json:RegistryDataLoaderMixin from mod fabric-gametest-api-v1
[22:01:03] [Render thread/DEBUG] (FabricLoader/Mixin) Mixing RegistryDataLoaderMixin from fabric-item-api-v1.mixins.json into net.minecraft.registry.RegistryLoader
[22:01:03] [Render thread/DEBUG] (FabricLoader/Mixin) Mixing RegistryDataLoaderMixin from fabric-resource-conditions-api-v1.mixins.json into net.minecraft.registry.RegistryLoader
[22:01:03] [Render thread/DEBUG] (FabricLoader/Mixin) Mixing RegistryDataLoaderMixin from fabric-registry-sync-v0.mixins.json into net.minecraft.registry.RegistryLoader
[22:01:03] [Render thread/DEBUG] (FabricLoader/Mixin) Renaming synthetic method lambda$static$0()Ljava/lang/Boolean; to mdffa551$fabric-registry-sync-v0$lambda$static$0$1 in fabric-registry-sync-v0.mixins.json:RegistryDataLoaderMixin from mod fabric-registry-sync-v0
[22:01:03] [Render thread/DEBUG] (FabricLoader/Mixin) fabric-gametest-api-v1.mixins.json:RegistryDataLoaderMixin from mod fabric-gametest-api-v1->@Inject::loadFromResources(Lnet/minecraft/resource/ResourceManager;Ljava/util/List;Ljava/util/List;Lorg/spongepowered/asm/mixin/injection/callback/CallbackInfoReturnable;)V doesn't use it's CallbackInfoReturnable
[22:01:03] [Render thread/DEBUG] (FabricLoader/Mixin) fabric-gametest-api-v1.mixins.json:RegistryDataLoaderMixin from mod fabric-gametest-api-v1->@Inject::beforeFreeze(Ljava/lang/Object;Ljava/util/List;Ljava/util/List;Lorg/spongepowered/asm/mixin/injection/callback/CallbackInfoReturnable;)V doesn't use it's CallbackInfoReturnable
[22:01:03] [Render thread/DEBUG] (FabricLoader/Mixin) fabric-resource-conditions-api-v1.mixins.json:RegistryDataLoaderMixin from mod fabric-resource-conditions-api-v1->@Inject::captureRegistries(Lnet/minecraft/resource/ResourceManager;Lnet/minecraft/registry/RegistryOps$RegistryInfoGetter;Lnet/minecraft/registry/MutableRegistry;Lcom/mojang/serialization/Decoder;Ljava/util/Map;Lorg/spongepowered/asm/mixin/injection/callback/CallbackInfo;)V doesn't use it's CallbackInfo
[22:01:03] [Render thread/DEBUG] (FabricLoader/Mixin) fabric-resource-conditions-api-v1.mixins.json:RegistryDataLoaderMixin from mod fabric-resource-conditions-api-v1->@Inject::releaseRegistries(Lnet/minecraft/resource/ResourceManager;Lnet/minecraft/registry/RegistryOps$RegistryInfoGetter;Lnet/minecraft/registry/MutableRegistry;Lcom/mojang/serialization/Decoder;Ljava/util/Map;Lorg/spongepowered/asm/mixin/injection/callback/CallbackInfo;)V doesn't use it's CallbackInfo
[22:01:03] [Render thread/DEBUG] (FabricLoader/Mixin) fabric-resource-conditions-api-v1.mixins.json:RegistryDataLoaderMixin from mod fabric-resource-conditions-api-v1->@Inject::checkResourceCondition(Lnet/minecraft/registry/MutableRegistry;Lcom/mojang/serialization/Decoder;Lnet/minecraft/registry/RegistryOps;Lnet/minecraft/registry/RegistryKey;Lnet/minecraft/resource/Resource;Lnet/minecraft/registry/entry/RegistryEntryInfo;Lorg/spongepowered/asm/mixin/injection/callback/CallbackInfo;)V does use it's CallbackInfo
[22:01:03] [Render thread/DEBUG] (FabricLoader/Mixin) fabric-registry-sync-v0.mixins.json:RegistryDataLoaderMixin from mod fabric-registry-sync-v0->@Inject::beforeLoad(Ljava/lang/Object;Ljava/util/List;Ljava/util/List;Lorg/spongepowered/asm/mixin/injection/callback/CallbackInfoReturnable;)V doesn't use it's CallbackInfoReturnable
[22:01:04] [Render thread/DEBUG] (FabricLoader/Mixin) Mixing EnchantmentBuilderAccessor from fabric-item-api-v1.mixins.json into net.minecraft.enchantment.Enchantment$Builder
[22:01:04] [Render thread/DEBUG] (FabricLoader/Mixin) Mixing EnchantmentBuilderMixin from fabric-item-api-v1.mixins.json into net.minecraft.enchantment.Enchantment$Builder
[22:01:04] [Render thread/DEBUG] (FabricLoader/Mixin) fabric-item-api-v1.mixins.json:EnchantmentBuilderMixin from mod fabric-item-api-v1->@Inject::markModified(Lorg/spongepowered/asm/mixin/injection/callback/CallbackInfoReturnable;)V does use it's CallbackInfo
[22:01:04] [Render thread/DEBUG] (FabricLoader/Mixin) fabric-item-api-v1.mixins.json:EnchantmentBuilderMixin from mod fabric-item-api-v1->@Inject::markModified(Lorg/spongepowered/asm/mixin/injection/callback/CallbackInfoReturnable;)V does use it's CallbackInfoReturnable
[22:01:04] [Render thread/DEBUG] (FabricLoader/Mixin) fabric-item-api-v1.mixins.json:EnchantmentBuilderMixin from mod fabric-item-api-v1->@Inject::markModified(Lorg/spongepowered/asm/mixin/injection/callback/CallbackInfoReturnable;)V does use it's CallbackInfoReturnable
[22:01:04] [Render thread/DEBUG] (FabricLoader/Mixin) fabric-item-api-v1.mixins.json:EnchantmentBuilderMixin from mod fabric-item-api-v1->@Inject::markModified(Lorg/spongepowered/asm/mixin/injection/callback/CallbackInfoReturnable;)V does use it's CallbackInfoReturnable
[22:01:04] [Render thread/DEBUG] (FabricLoader/Mixin) fabric-item-api-v1.mixins.json:EnchantmentBuilderMixin from mod fabric-item-api-v1->@Inject::markModified(Lorg/spongepowered/asm/mixin/injection/callback/CallbackInfoReturnable;)V does use it's CallbackInfoReturnable
[22:01:04] [Render thread/DEBUG] (FabricLoader/Mixin) fabric-item-api-v1.mixins.json:EnchantmentBuilderMixin from mod fabric-item-api-v1->@Inject::markModified(Lorg/spongepowered/asm/mixin/injection/callback/CallbackInfoReturnable;)V does use it's CallbackInfoReturnable
[22:01:04] [Render thread/DEBUG] (FabricLoader/Mixin) fabric-item-api-v1.mixins.json:EnchantmentBuilderMixin from mod fabric-item-api-v1->@Inject::markModified(Lorg/spongepowered/asm/mixin/injection/callback/CallbackInfoReturnable;)V does use it's CallbackInfoReturnable
[22:01:04] [Render thread/DEBUG] (FabricLoader/Mixin) fabric-item-api-v1.mixins.json:EnchantmentBuilderMixin from mod fabric-item-api-v1->@Inject::markModified(Lorg/spongepowered/asm/mixin/injection/callback/CallbackInfoReturnable;)V does use it's CallbackInfoReturnable
[22:01:04] [Render thread/DEBUG] (FabricLoader/Mixin) fabric-item-api-v1.mixins.json:EnchantmentBuilderMixin from mod fabric-item-api-v1->@Inject::markModified(Lorg/spongepowered/asm/mixin/injection/callback/CallbackInfoReturnable;)V does use it's CallbackInfoReturnable
[22:01:04] [Render thread/DEBUG] (FabricLoader/Mixin) fabric-item-api-v1.mixins.json:EnchantmentBuilderMixin from mod fabric-item-api-v1->@Inject::markModified(Lorg/spongepowered/asm/mixin/injection/callback/CallbackInfoReturnable;)V does use it's CallbackInfoReturnable
[22:01:04] [Render thread/DEBUG] (FabricLoader/Mixin) fabric-item-api-v1.mixins.json:EnchantmentBuilderMixin from mod fabric-item-api-v1->@Inject::markModified(Lorg/spongepowered/asm/mixin/injection/callback/CallbackInfoReturnable;)V does use it's CallbackInfoReturnable
[22:01:04] [Render thread/DEBUG] (FabricLoader/Mixin) fabric-item-api-v1.mixins.json:EnchantmentBuilderMixin from mod fabric-item-api-v1->@Inject::markModified(Lorg/spongepowered/asm/mixin/injection/callback/CallbackInfoReturnable;)V does use it's CallbackInfoReturnable
[22:01:04] [Render thread/DEBUG] (FabricLoader/Mixin) Mixing WorldDimensionsMixin from fabric-dimensions-v1.mixins.json into net.minecraft.world.dimension.DimensionOptionsRegistryHolder
[22:01:04] [Render thread/DEBUG] (FabricLoader/Mixin) Mixing ReloadableServerRegistriesMixin from fabric-loot-api-v3.mixins.json into net.minecraft.registry.ReloadableRegistries
[22:01:04] [Render thread/DEBUG] (FabricLoader/Mixin) Renaming synthetic method lambda$onLootTablesLoaded$2(Lnet/minecraft/registry/entry/RegistryEntry$Reference;)V to mdffa551$fabric-loot-api-v3$lambda$onLootTablesLoaded$2$0 in fabric-loot-api-v3.mixins.json:ReloadableServerRegistriesMixin from mod fabric-loot-api-v3
[22:01:04] [Render thread/DEBUG] (FabricLoader/Mixin) Renaming synthetic method lambda$modifyLootTable$1(Lnet/minecraft/registry/RegistryOps;Lnet/minecraft/util/Identifier;Ljava/lang/Object;)Ljava/lang/Object; to mdffa551$fabric-loot-api-v3$lambda$modifyLootTable$1$1 in fabric-loot-api-v3.mixins.json:ReloadableServerRegistriesMixin from mod fabric-loot-api-v3
[22:01:04] [Render thread/DEBUG] (FabricLoader/Mixin) Renaming synthetic method lambda$removeOps$0(Lnet/minecraft/registry/RegistryOps;Ljava/util/List;)Ljava/util/List; to mdffa551$fabric-loot-api-v3$lambda$removeOps$0$2 in fabric-loot-api-v3.mixins.json:ReloadableServerRegistriesMixin from mod fabric-loot-api-v3
[22:01:04] [Render thread/DEBUG] (FabricLoader/Mixin) fabric-loot-api-v3.mixins.json:ReloadableServerRegistriesMixin from mod fabric-loot-api-v3->@Inject::modifyLootTable(Lnet/minecraft/loot/LootDataType;Lnet/minecraft/resource/ResourceManager;Lnet/minecraft/registry/RegistryOps;Lorg/spongepowered/asm/mixin/injection/callback/CallbackInfoReturnable;)V doesn't use it's CallbackInfoReturnable
[22:01:04] [Render thread/DEBUG] (FabricLoader/Mixin) fabric-loot-api-v3.mixins.json:ReloadableServerRegistriesMixin from mod fabric-loot-api-v3->@Inject::onLootTablesLoaded(Lnet/minecraft/loot/LootDataType;Lnet/minecraft/resource/ResourceManager;Lnet/minecraft/registry/RegistryOps;Lorg/spongepowered/asm/mixin/injection/callback/CallbackInfoReturnable;)V does use it's CallbackInfoReturnable
[22:01:04] [Worker-Main-9/DEBUG] (FabricLoader/Mixin) Mixing LootPoolAccessor from fabric-loot-api-v3.mixins.json into net.minecraft.loot.LootPool
[22:01:04] [Worker-Main-9/DEBUG] (FabricLoader/Mixin) Mixing RecipeManagerMixin from fabric-recipe-api-v1.mixins.json into net.minecraft.recipe.ServerRecipeManager
[22:01:04] [Worker-Main-9/DEBUG] (FabricLoader/Mixin) Mixing sync.RecipeManagerAccessor from fabric-recipe-api-v1.mixins.json into net.minecraft.recipe.ServerRecipeManager
[22:01:04] [Worker-Main-9/DEBUG] (FabricLoader/Mixin) Mixing KeyedResourceReloaderMixin from fabric-resource-loader-v1.mixins.json into net.minecraft.recipe.ServerRecipeManager
[22:01:04] [Worker-Main-9/DEBUG] (FabricLoader/Mixin) fabric-recipe-api-v1.mixins.json:RecipeManagerMixin from mod fabric-recipe-api-v1->@Inject::updateSynchronizedRecipes(Lnet/minecraft/recipe/PreparedRecipes;Lnet/minecraft/resource/ResourceManager;Lnet/minecraft/util/profiler/Profiler;Lorg/spongepowered/asm/mixin/injection/callback/CallbackInfo;)V doesn't use it's CallbackInfo
[22:01:04] [Worker-Main-9/DEBUG] (FabricLoader/Mixin) fabric-recipe-api-v1.mixins.json:RecipeManagerMixin from mod fabric-recipe-api-v1->@Inject::updateSynchronizedRecipes(Lnet/minecraft/recipe/PreparedRecipes;Lnet/minecraft/resource/ResourceManager;Lnet/minecraft/util/profiler/Profiler;Lorg/spongepowered/asm/mixin/injection/callback/CallbackInfo;)V has 0 override(s) in child classes
[22:01:04] [Worker-Main-9/DEBUG] (FabricLoader/Mixin) fabric-recipe-api-v1.mixins.json:RecipeManagerMixin from mod fabric-recipe-api-v1->@Inject::updateSynchronizedRecipes(Lnet/minecraft/recipe/PreparedRecipes;Lnet/minecraft/resource/ResourceManager;Lnet/minecraft/util/profiler/Profiler;Lorg/spongepowered/asm/mixin/injection/callback/CallbackInfo;)V won't be passed a CallbackInfo as a result
[22:01:04] [Worker-Main-9/DEBUG] (FabricLoader/Mixin) Mixing RecipeAccessMixin from fabric-recipe-api-v1.mixins.json into net.minecraft.recipe.RecipeManager
[22:01:04] [Worker-Main-9/DEBUG] (FabricLoader/Mixin) Mixing sync.RecipeMapMixin from fabric-recipe-api-v1.mixins.json into net.minecraft.recipe.PreparedRecipes
[22:01:04] [Worker-Main-9/DEBUG] (FabricLoader/Mixin) fabric-recipe-api-v1.mixins.json:sync.RecipeMapMixin from mod fabric-recipe-api-v1->@Inject::provideSerializerMap(Ljava/lang/Iterable;Lorg/spongepowered/asm/mixin/injection/callback/CallbackInfoReturnable;)V doesn't use it's CallbackInfoReturnable
[22:01:04] [Worker-Main-9/DEBUG] (FabricLoader/Mixin) fabric-recipe-api-v1.mixins.json:sync.RecipeMapMixin from mod fabric-recipe-api-v1->@Inject::fillSerializerMap(Ljava/lang/Iterable;Lorg/spongepowered/asm/mixin/injection/callback/CallbackInfoReturnable;)V doesn't use it's CallbackInfoReturnable
[22:01:04] [Worker-Main-9/DEBUG] (FabricLoader/Mixin) Mixing CommandsMixin from fabric-command-api-v2.mixins.json into net.minecraft.server.command.CommandManager
[22:01:04] [Worker-Main-9/DEBUG] (FabricLoader/Mixin) Mixing CommandsMixin from fabric-networking-api-v1.mixins.json into net.minecraft.server.command.CommandManager
[22:01:04] [Worker-Main-9/DEBUG] (FabricLoader/Mixin) fabric-command-api-v2.mixins.json:CommandsMixin from mod fabric-command-api-v2->@Inject::fabric_addCommands(Lnet/minecraft/server/command/CommandManager$RegistrationEnvironment;Lnet/minecraft/command/CommandRegistryAccess;Lorg/spongepowered/asm/mixin/injection/callback/CallbackInfo;)V doesn't use it's CallbackInfo
[22:01:04] [Worker-Main-9/DEBUG] (FabricLoader/Mixin) fabric-command-api-v2.mixins.json:CommandsMixin from mod fabric-command-api-v2->@Inject::fabric_addCommands(Lnet/minecraft/server/command/CommandManager$RegistrationEnvironment;Lnet/minecraft/command/CommandRegistryAccess;Lorg/spongepowered/asm/mixin/injection/callback/CallbackInfo;)V has 0 override(s) in child classes
[22:01:04] [Worker-Main-9/DEBUG] (FabricLoader/Mixin) fabric-command-api-v2.mixins.json:CommandsMixin from mod fabric-command-api-v2->@Inject::fabric_addCommands(Lnet/minecraft/server/command/CommandManager$RegistrationEnvironment;Lnet/minecraft/command/CommandRegistryAccess;Lorg/spongepowered/asm/mixin/injection/callback/CallbackInfo;)V won't be passed a CallbackInfo as a result
[22:01:04] [Worker-Main-9/DEBUG] (FabricLoader/Mixin) fabric-networking-api-v1.mixins.json:CommandsMixin from mod fabric-networking-api-v1->@Inject::init(Lnet/minecraft/server/command/CommandManager$RegistrationEnvironment;Lnet/minecraft/command/CommandRegistryAccess;Lorg/spongepowered/asm/mixin/injection/callback/CallbackInfo;)V doesn't use it's CallbackInfo
[22:01:04] [Worker-Main-9/DEBUG] (FabricLoader/Mixin) fabric-networking-api-v1.mixins.json:CommandsMixin from mod fabric-networking-api-v1->@Inject::init(Lnet/minecraft/server/command/CommandManager$RegistrationEnvironment;Lnet/minecraft/command/CommandRegistryAccess;Lorg/spongepowered/asm/mixin/injection/callback/CallbackInfo;)V has 0 override(s) in child classes
[22:01:04] [Worker-Main-9/DEBUG] (FabricLoader/Mixin) fabric-networking-api-v1.mixins.json:CommandsMixin from mod fabric-networking-api-v1->@Inject::init(Lnet/minecraft/server/command/CommandManager$RegistrationEnvironment;Lnet/minecraft/command/CommandRegistryAccess;Lorg/spongepowered/asm/mixin/injection/callback/CallbackInfo;)V won't be passed a CallbackInfo as a result
[22:01:04] [Worker-Main-9/DEBUG] (FabricLoader/Mixin) Mixing DataPackCommandMixin from fabric-resource-loader-v1.mixins.json into net.minecraft.server.command.DatapackCommand
[22:01:04] [Worker-Main-9/DEBUG] (FabricLoader/Mixin) Renaming synthetic method lambda$filterDisabledPackSuggestions$2(Lnet/minecraft/resource/ResourcePackProfile;)Z to mdffa551$fabric-resource-loader-v1$lambda$filterDisabledPackSuggestions$2$0 in fabric-resource-loader-v1.mixins.json:DataPackCommandMixin from mod fabric-resource-loader-v1
[22:01:04] [Worker-Main-9/DEBUG] (FabricLoader/Mixin) Renaming synthetic method lambda$filterEnabledPackSuggestions$1(Lnet/minecraft/resource/ResourcePackProfile;)Z to mdffa551$fabric-resource-loader-v1$lambda$filterEnabledPackSuggestions$1$1 in fabric-resource-loader-v1.mixins.json:DataPackCommandMixin from mod fabric-resource-loader-v1
[22:01:04] [Worker-Main-9/DEBUG] (FabricLoader/Mixin) Renaming synthetic method lambda$static$0(Ljava/lang/Object;)Lcom/mojang/brigadier/Message; to mdffa551$fabric-resource-loader-v1$lambda$static$0$2 in fabric-resource-loader-v1.mixins.json:DataPackCommandMixin from mod fabric-resource-loader-v1
[22:01:04] [Worker-Main-9/DEBUG] (FabricLoader/Mixin) fabric-resource-loader-v1.mixins.json:DataPackCommandMixin from mod fabric-resource-loader-v1->@Inject::errorOnInternalPack(Lcom/mojang/brigadier/context/CommandContext;Ljava/lang/String;ZLorg/spongepowered/asm/mixin/injection/callback/CallbackInfoReturnable;)V doesn't use it's CallbackInfoReturnable
[22:01:04] [Worker-Main-9/DEBUG] (FabricLoader/Mixin) Mixing EnchantCommandMixin from fabric-item-api-v1.mixins.json into net.minecraft.server.command.EnchantCommand
[22:01:04] [Worker-Main-9/DEBUG] (FabricLoader/Mixin) Mixing GameRuleCommandAccessor from fabric-game-rule-api-v1.mixins.json into net.minecraft.server.command.GameRuleCommand
[22:01:04] [Worker-Main-9/DEBUG] (FabricLoader/Mixin) Renaming @Invoker method invokeExecuteQuery(Lnet/minecraft/server/command/ServerCommandSource;Lnet/minecraft/world/rule/GameRule;)I to invokeExecuteQuery$fabric-game-rule-api-v1_$md$ffa551$0 in fabric-game-rule-api-v1.mixins.json:GameRuleCommandAccessor from mod fabric-game-rule-api-v1
[22:01:04] [Worker-Main-9/DEBUG] (FabricLoader/Mixin) Mixing GameRuleCommandVisitorMixin from fabric-game-rule-api-v1.mixins.json into net.minecraft.server.command.GameRuleCommand$1
[22:01:04] [Worker-Main-9/DEBUG] (FabricLoader/Mixin) fabric-game-rule-api-v1.mixins.json:GameRuleCommandVisitorMixin from mod fabric-game-rule-api-v1->@Inject::onRegisterCommand(Lnet/minecraft/world/rule/GameRule;Lorg/spongepowered/asm/mixin/injection/callback/CallbackInfo;)V does use it's CallbackInfo
[22:01:04] [Worker-Main-9/DEBUG] (FabricLoader/Mixin) Mixing HelpCommandAccessor from fabric-command-api-v2.mixins.json into net.minecraft.server.command.HelpCommand
[22:01:04] [Worker-Main-9/DEBUG] (FabricLoader/Mixin) Renaming @Accessor method getFailedException()Lcom/mojang/brigadier/exceptions/SimpleCommandExceptionType; to getFailedException$fabric-command-api-v2_$md$ffa551$0 in fabric-command-api-v2.mixins.json:HelpCommandAccessor from mod fabric-command-api-v2
[22:01:04] [Worker-Main-9/DEBUG] (FabricLoader/Mixin) Mixing KeyedResourceReloaderMixin from fabric-resource-loader-v1.mixins.json into net.minecraft.server.ServerAdvancementLoader
[22:01:04] [Worker-Main-9/DEBUG] (FabricLoader/Mixin) Mixing KeyedResourceReloaderMixin from fabric-resource-loader-v1.mixins.json into net.minecraft.server.function.FunctionLoader
[22:01:04] [Render thread/INFO] (net.minecraft.recipe.ServerRecipeManager) Loaded 1470 recipes
[22:01:04] [Render thread/INFO] (net.minecraft.advancement.AdvancementManager) Loaded 1584 advancements
[22:01:04] [Render thread/DEBUG] (FabricLoader/Mixin) Mixing PlayerListMixin from fabric-entity-events-v1.mixins.json into net.minecraft.server.PlayerManager
[22:01:04] [Render thread/DEBUG] (FabricLoader/Mixin) Mixing PlayerListMixin from fabric-lifecycle-events-v1.mixins.json into net.minecraft.server.PlayerManager
[22:01:04] [Render thread/DEBUG] (FabricLoader/Mixin) Mixing PlayerListMixin from fabric-networking-api-v1.mixins.json into net.minecraft.server.PlayerManager
[22:01:04] [Render thread/DEBUG] (FabricLoader/Mixin) Mixing PlayerListMixin from fabric-message-api-v1.mixins.json into net.minecraft.server.PlayerManager
[22:01:04] [Render thread/DEBUG] (FabricLoader/Mixin) fabric-entity-events-v1.mixins.json:PlayerListMixin from mod fabric-entity-events-v1->@Inject::afterRespawn(Lnet/minecraft/server/network/ServerPlayerEntity;ZLnet/minecraft/entity/Entity$RemovalReason;Lorg/spongepowered/asm/mixin/injection/callback/CallbackInfoReturnable;)V does use it's CallbackInfoReturnable
[22:01:04] [Render thread/DEBUG] (FabricLoader/Mixin) fabric-entity-events-v1.mixins.json:PlayerListMixin from mod fabric-entity-events-v1->@Inject::firePlayerJoinEvent(Lnet/minecraft/network/ClientConnection;Lnet/minecraft/server/network/ServerPlayerEntity;Lnet/minecraft/server/network/ConnectedClientData;Lorg/spongepowered/asm/mixin/injection/callback/CallbackInfo;)V doesn't use it's CallbackInfo
[22:01:04] [Render thread/DEBUG] (FabricLoader/Mixin) fabric-entity-events-v1.mixins.json:PlayerListMixin from mod fabric-entity-events-v1->@Inject::firePlayerJoinEvent(Lnet/minecraft/network/ClientConnection;Lnet/minecraft/server/network/ServerPlayerEntity;Lnet/minecraft/server/network/ConnectedClientData;Lorg/spongepowered/asm/mixin/injection/callback/CallbackInfo;)V has 0 override(s) in child classes
[22:01:04] [Render thread/DEBUG] (FabricLoader/Mixin) fabric-entity-events-v1.mixins.json:PlayerListMixin from mod fabric-entity-events-v1->@Inject::firePlayerJoinEvent(Lnet/minecraft/network/ClientConnection;Lnet/minecraft/server/network/ServerPlayerEntity;Lnet/minecraft/server/network/ConnectedClientData;Lorg/spongepowered/asm/mixin/injection/callback/CallbackInfo;)V won't be passed a CallbackInfo as a result
[22:01:04] [Render thread/DEBUG] (FabricLoader/Mixin) fabric-entity-events-v1.mixins.json:PlayerListMixin from mod fabric-entity-events-v1->@Inject::firePlayerLeaveEvent(Lnet/minecraft/server/network/ServerPlayerEntity;Lorg/spongepowered/asm/mixin/injection/callback/CallbackInfo;)V doesn't use it's CallbackInfo
[22:01:04] [Render thread/DEBUG] (FabricLoader/Mixin) fabric-entity-events-v1.mixins.json:PlayerListMixin from mod fabric-entity-events-v1->@Inject::firePlayerLeaveEvent(Lnet/minecraft/server/network/ServerPlayerEntity;Lorg/spongepowered/asm/mixin/injection/callback/CallbackInfo;)V has 0 override(s) in child classes
[22:01:04] [Render thread/DEBUG] (FabricLoader/Mixin) fabric-entity-events-v1.mixins.json:PlayerListMixin from mod fabric-entity-events-v1->@Inject::firePlayerLeaveEvent(Lnet/minecraft/server/network/ServerPlayerEntity;Lorg/spongepowered/asm/mixin/injection/callback/CallbackInfo;)V won't be passed a CallbackInfo as a result
[22:01:04] [Render thread/DEBUG] (FabricLoader/Mixin) fabric-lifecycle-events-v1.mixins.json:PlayerListMixin from mod fabric-lifecycle-events-v1->@Inject::hookOnPlayerConnect(Lnet/minecraft/network/ClientConnection;Lnet/minecraft/server/network/ServerPlayerEntity;Lnet/minecraft/server/network/ConnectedClientData;Lorg/spongepowered/asm/mixin/injection/callback/CallbackInfo;)V doesn't use it's CallbackInfo
[22:01:04] [Render thread/DEBUG] (FabricLoader/Mixin) fabric-lifecycle-events-v1.mixins.json:PlayerListMixin from mod fabric-lifecycle-events-v1->@Inject::hookOnPlayerConnect(Lnet/minecraft/network/ClientConnection;Lnet/minecraft/server/network/ServerPlayerEntity;Lnet/minecraft/server/network/ConnectedClientData;Lorg/spongepowered/asm/mixin/injection/callback/CallbackInfo;)V has 0 override(s) in child classes
[22:01:04] [Render thread/DEBUG] (FabricLoader/Mixin) fabric-lifecycle-events-v1.mixins.json:PlayerListMixin from mod fabric-lifecycle-events-v1->@Inject::hookOnPlayerConnect(Lnet/minecraft/network/ClientConnection;Lnet/minecraft/server/network/ServerPlayerEntity;Lnet/minecraft/server/network/ConnectedClientData;Lorg/spongepowered/asm/mixin/injection/callback/CallbackInfo;)V won't be passed a CallbackInfo as a result
[22:01:04] [Render thread/DEBUG] (FabricLoader/Mixin) fabric-lifecycle-events-v1.mixins.json:PlayerListMixin from mod fabric-lifecycle-events-v1->@Inject::hookOnDataPacksReloaded(Lorg/spongepowered/asm/mixin/injection/callback/CallbackInfo;)V doesn't use it's CallbackInfo
[22:01:04] [Render thread/DEBUG] (FabricLoader/Mixin) fabric-lifecycle-events-v1.mixins.json:PlayerListMixin from mod fabric-lifecycle-events-v1->@Inject::hookOnDataPacksReloaded(Lorg/spongepowered/asm/mixin/injection/callback/CallbackInfo;)V has 0 override(s) in child classes
[22:01:04] [Render thread/DEBUG] (FabricLoader/Mixin) fabric-lifecycle-events-v1.mixins.json:PlayerListMixin from mod fabric-lifecycle-events-v1->@Inject::hookOnDataPacksReloaded(Lorg/spongepowered/asm/mixin/injection/callback/CallbackInfo;)V won't be passed a CallbackInfo as a result
[22:01:04] [Render thread/DEBUG] (FabricLoader/Mixin) fabric-networking-api-v1.mixins.json:PlayerListMixin from mod fabric-networking-api-v1->@Inject::handlePlayerConnection(Lnet/minecraft/network/ClientConnection;Lnet/minecraft/server/network/ServerPlayerEntity;Lnet/minecraft/server/network/ConnectedClientData;Lorg/spongepowered/asm/mixin/injection/callback/CallbackInfo;)V doesn't use it's CallbackInfo
[22:01:04] [Render thread/DEBUG] (FabricLoader/Mixin) fabric-networking-api-v1.mixins.json:PlayerListMixin from mod fabric-networking-api-v1->@Inject::handlePlayerConnection(Lnet/minecraft/network/ClientConnection;Lnet/minecraft/server/network/ServerPlayerEntity;Lnet/minecraft/server/network/ConnectedClientData;Lorg/spongepowered/asm/mixin/injection/callback/CallbackInfo;)V has 0 override(s) in child classes
[22:01:04] [Render thread/DEBUG] (FabricLoader/Mixin) fabric-networking-api-v1.mixins.json:PlayerListMixin from mod fabric-networking-api-v1->@Inject::handlePlayerConnection(Lnet/minecraft/network/ClientConnection;Lnet/minecraft/server/network/ServerPlayerEntity;Lnet/minecraft/server/network/ConnectedClientData;Lorg/spongepowered/asm/mixin/injection/callback/CallbackInfo;)V won't be passed a CallbackInfo as a result
[22:01:04] [Render thread/DEBUG] (FabricLoader/Mixin) fabric-message-api-v1.mixins.json:PlayerListMixin from mod fabric-message-api-v1->@Inject::onSendChatMessage(Lnet/minecraft/network/message/SignedMessage;Lnet/minecraft/server/network/ServerPlayerEntity;Lnet/minecraft/network/message/MessageType$Parameters;Lorg/spongepowered/asm/mixin/injection/callback/CallbackInfo;)V does use it's CallbackInfo
[22:01:04] [Render thread/DEBUG] (FabricLoader/Mixin) fabric-message-api-v1.mixins.json:PlayerListMixin from mod fabric-message-api-v1->@Inject::onSendGameMessage(Lnet/minecraft/text/Text;Ljava/util/function/Function;ZLorg/spongepowered/asm/mixin/injection/callback/CallbackInfo;)V does use it's CallbackInfo
[22:01:04] [Render thread/DEBUG] (FabricLoader/Mixin) fabric-message-api-v1.mixins.json:PlayerListMixin from mod fabric-message-api-v1->@Inject::onSendCommandMessage(Lnet/minecraft/network/message/SignedMessage;Lnet/minecraft/server/command/ServerCommandSource;Lnet/minecraft/network/message/MessageType$Parameters;Lorg/spongepowered/asm/mixin/injection/callback/CallbackInfo;)V does use it's CallbackInfo
[22:01:04] [Render thread/DEBUG] (FabricLoader/Mixin) Mixing PotionBrewingBuilderMixin from fabric-content-registries-v0.mixins.json into net.minecraft.recipe.BrewingRecipeRegistry$Builder
[22:01:04] [Render thread/DEBUG] (FabricLoader/Mixin) fabric-content-registries-v0.mixins.json:PotionBrewingBuilderMixin from mod fabric-content-registries-v0->@Inject::build(Lorg/spongepowered/asm/mixin/injection/callback/CallbackInfoReturnable;)V doesn't use it's CallbackInfoReturnable
[22:01:04] [Render thread/DEBUG] (FabricLoader/Mixin) fabric-content-registries-v0.mixins.json:PotionBrewingBuilderMixin from mod fabric-content-registries-v0->@Inject::build(Lorg/spongepowered/asm/mixin/injection/callback/CallbackInfoReturnable;)V has 0 override(s) in child classes
[22:01:04] [Render thread/DEBUG] (FabricLoader/Mixin) fabric-content-registries-v0.mixins.json:PotionBrewingBuilderMixin from mod fabric-content-registries-v0->@Inject::build(Lorg/spongepowered/asm/mixin/injection/callback/CallbackInfoReturnable;)V won't be passed a CallbackInfoReturnable as a result
[22:01:04] [Render thread/DEBUG] (FabricLoader/Mixin) Mixing FuelValuesMixin from fabric-content-registries-v0.mixins.json into net.minecraft.item.FuelRegistry
[22:01:04] [Render thread/INFO] (net.fabricmc.fabric.impl.biome.modification.BiomeModificationImpl) Applied 0 biome modifications to 0 of 65 new biomes in 1.045 ms
[22:01:04] [Server thread/INFO] (net.minecraft.server.integrated.IntegratedServer) Starting integrated minecraft server version 1.21.11
[22:01:04] [Server thread/INFO] (net.minecraft.server.MinecraftServer) Generating keypair
[22:01:04] [Render thread/DEBUG] (com.mojang.blaze3d.systems.RenderSystem) Growing IndexBuffer: Old limit 1920, new limit 14688.
[22:01:04] [Server thread/DEBUG] (FabricLoader/Mixin) Mixing ServerWorldServerEntityHandlerMixin from fabric-lifecycle-events-v1.mixins.json into net.minecraft.server.world.ServerWorld$ServerEntityHandler
[22:01:04] [Server thread/DEBUG] (FabricLoader/Mixin) fabric-lifecycle-events-v1.mixins.json:ServerWorldServerEntityHandlerMixin from mod fabric-lifecycle-events-v1->@Inject::invokeEntityLoadEvent(Lnet/minecraft/entity/Entity;Lorg/spongepowered/asm/mixin/injection/callback/CallbackInfo;)V doesn't use it's CallbackInfo
[22:01:04] [Server thread/DEBUG] (FabricLoader/Mixin) fabric-lifecycle-events-v1.mixins.json:ServerWorldServerEntityHandlerMixin from mod fabric-lifecycle-events-v1->@Inject::invokeEntityUnloadEvent(Lnet/minecraft/entity/Entity;Lorg/spongepowered/asm/mixin/injection/callback/CallbackInfo;)V doesn't use it's CallbackInfo
[22:01:04] [Server thread/DEBUG] (FabricLoader/Mixin) Mixing DimensionDataStorageMixin from fabric-object-builder-v1.mixins.json into net.minecraft.world.PersistentStateManager
[22:01:04] [Server thread/DEBUG] (FabricLoader/Mixin) Mixing ChunkMapMixin from fabric-lifecycle-events-v1.mixins.json into net.minecraft.server.world.ServerChunkLoadingManager
[22:01:04] [Server thread/DEBUG] (FabricLoader/Mixin) Mixing accessor.ChunkMapAccessor from fabric-networking-api-v1.mixins.json into net.minecraft.server.world.ServerChunkLoadingManager
[22:01:04] [Server thread/DEBUG] (FabricLoader/Mixin) fabric-lifecycle-events-v1.mixins.json:ChunkMapMixin from mod fabric-lifecycle-events-v1->@Inject::onChunkUnload(Lnet/minecraft/server/world/ChunkHolder;Ljava/util/concurrent/CompletableFuture;JLorg/spongepowered/asm/mixin/injection/callback/CallbackInfo;)V doesn't use it's CallbackInfo
[22:01:04] [Server thread/DEBUG] (FabricLoader/Mixin) fabric-lifecycle-events-v1.mixins.json:ChunkMapMixin from mod fabric-lifecycle-events-v1->@Inject::onChunkUnload(Lnet/minecraft/server/world/ChunkHolder;Ljava/util/concurrent/CompletableFuture;JLorg/spongepowered/asm/mixin/injection/callback/CallbackInfo;)V has 0 override(s) in child classes
[22:01:04] [Server thread/DEBUG] (FabricLoader/Mixin) fabric-lifecycle-events-v1.mixins.json:ChunkMapMixin from mod fabric-lifecycle-events-v1->@Inject::onChunkUnload(Lnet/minecraft/server/world/ChunkHolder;Ljava/util/concurrent/CompletableFuture;JLorg/spongepowered/asm/mixin/injection/callback/CallbackInfo;)V won't be passed a CallbackInfo as a result
[22:01:04] [Server thread/DEBUG] (FabricLoader/Mixin) Mixing ChunkHolderMixin from fabric-lifecycle-events-v1.mixins.json into net.minecraft.server.world.ChunkHolder
[22:01:04] [Server thread/DEBUG] (FabricLoader/Mixin) fabric-lifecycle-events-v1.mixins.json:ChunkHolderMixin from mod fabric-lifecycle-events-v1->@Inject::updateFutures$inaccessibleToFull(Lnet/minecraft/server/world/ServerChunkLoadingManager;Ljava/util/concurrent/Executor;Lorg/spongepowered/asm/mixin/injection/callback/CallbackInfo;)V doesn't use it's CallbackInfo
[22:01:04] [Server thread/DEBUG] (FabricLoader/Mixin) fabric-lifecycle-events-v1.mixins.json:ChunkHolderMixin from mod fabric-lifecycle-events-v1->@Inject::updateFutures$inaccessibleToFull(Lnet/minecraft/server/world/ServerChunkLoadingManager;Ljava/util/concurrent/Executor;Lorg/spongepowered/asm/mixin/injection/callback/CallbackInfo;)V has 0 override(s) in child classes
[22:01:04] [Server thread/DEBUG] (FabricLoader/Mixin) fabric-lifecycle-events-v1.mixins.json:ChunkHolderMixin from mod fabric-lifecycle-events-v1->@Inject::updateFutures$inaccessibleToFull(Lnet/minecraft/server/world/ServerChunkLoadingManager;Ljava/util/concurrent/Executor;Lorg/spongepowered/asm/mixin/injection/callback/CallbackInfo;)V won't be passed a CallbackInfo as a result
[22:01:04] [Server thread/DEBUG] (FabricLoader/Mixin) fabric-lifecycle-events-v1.mixins.json:ChunkHolderMixin from mod fabric-lifecycle-events-v1->@Inject::updateFutures$fullToBlockTicking(Lnet/minecraft/server/world/ServerChunkLoadingManager;Ljava/util/concurrent/Executor;Lorg/spongepowered/asm/mixin/injection/callback/CallbackInfo;)V doesn't use it's CallbackInfo
[22:01:04] [Server thread/DEBUG] (FabricLoader/Mixin) fabric-lifecycle-events-v1.mixins.json:ChunkHolderMixin from mod fabric-lifecycle-events-v1->@Inject::updateFutures$fullToBlockTicking(Lnet/minecraft/server/world/ServerChunkLoadingManager;Ljava/util/concurrent/Executor;Lorg/spongepowered/asm/mixin/injection/callback/CallbackInfo;)V has 0 override(s) in child classes
[22:01:04] [Server thread/DEBUG] (FabricLoader/Mixin) fabric-lifecycle-events-v1.mixins.json:ChunkHolderMixin from mod fabric-lifecycle-events-v1->@Inject::updateFutures$fullToBlockTicking(Lnet/minecraft/server/world/ServerChunkLoadingManager;Ljava/util/concurrent/Executor;Lorg/spongepowered/asm/mixin/injection/callback/CallbackInfo;)V won't be passed a CallbackInfo as a result
[22:01:04] [Server thread/DEBUG] (FabricLoader/Mixin) fabric-lifecycle-events-v1.mixins.json:ChunkHolderMixin from mod fabric-lifecycle-events-v1->@Inject::updateFutures$blockTickingToEntityTicking(Lnet/minecraft/server/world/ServerChunkLoadingManager;Ljava/util/concurrent/Executor;Lorg/spongepowered/asm/mixin/injection/callback/CallbackInfo;)V doesn't use it's CallbackInfo
[22:01:04] [Server thread/DEBUG] (FabricLoader/Mixin) fabric-lifecycle-events-v1.mixins.json:ChunkHolderMixin from mod fabric-lifecycle-events-v1->@Inject::updateFutures$blockTickingToEntityTicking(Lnet/minecraft/server/world/ServerChunkLoadingManager;Ljava/util/concurrent/Executor;Lorg/spongepowered/asm/mixin/injection/callback/CallbackInfo;)V has 0 override(s) in child classes
[22:01:04] [Server thread/DEBUG] (FabricLoader/Mixin) fabric-lifecycle-events-v1.mixins.json:ChunkHolderMixin from mod fabric-lifecycle-events-v1->@Inject::updateFutures$blockTickingToEntityTicking(Lnet/minecraft/server/world/ServerChunkLoadingManager;Ljava/util/concurrent/Executor;Lorg/spongepowered/asm/mixin/injection/callback/CallbackInfo;)V won't be passed a CallbackInfo as a result
[22:01:04] [Server thread/DEBUG] (FabricLoader/Mixin) fabric-lifecycle-events-v1.mixins.json:ChunkHolderMixin from mod fabric-lifecycle-events-v1->@Inject::decreaseLevel(Lnet/minecraft/server/world/ServerChunkLoadingManager;Lnet/minecraft/server/world/ChunkLevelType;Lorg/spongepowered/asm/mixin/injection/callback/CallbackInfo;)V doesn't use it's CallbackInfo
[22:01:04] [Server thread/DEBUG] (FabricLoader/Mixin) fabric-lifecycle-events-v1.mixins.json:ChunkHolderMixin from mod fabric-lifecycle-events-v1->@Inject::decreaseLevel(Lnet/minecraft/server/world/ServerChunkLoadingManager;Lnet/minecraft/server/world/ChunkLevelType;Lorg/spongepowered/asm/mixin/injection/callback/CallbackInfo;)V has 0 override(s) in child classes
[22:01:04] [Server thread/DEBUG] (FabricLoader/Mixin) fabric-lifecycle-events-v1.mixins.json:ChunkHolderMixin from mod fabric-lifecycle-events-v1->@Inject::decreaseLevel(Lnet/minecraft/server/world/ServerChunkLoadingManager;Lnet/minecraft/server/world/ChunkLevelType;Lorg/spongepowered/asm/mixin/injection/callback/CallbackInfo;)V won't be passed a CallbackInfo as a result
[22:01:04] [Server thread/DEBUG] (FabricLoader/Mixin) Mixing RandomStateMixin from fabric-biome-api-v1.mixins.json into net.minecraft.world.gen.noise.NoiseConfig
[22:01:04] [Server thread/DEBUG] (FabricLoader/Mixin) fabric-biome-api-v1.mixins.json:RandomStateMixin from mod fabric-biome-api-v1->@Inject::init(Lnet/minecraft/world/gen/chunk/ChunkGeneratorSettings;Lnet/minecraft/registry/RegistryEntryLookup;JLorg/spongepowered/asm/mixin/injection/callback/CallbackInfo;)V doesn't use it's CallbackInfo
[22:01:04] [Server thread/DEBUG] (FabricLoader/Mixin) Mixing ClimateSamplerMixin from fabric-biome-api-v1.mixins.json into net.minecraft.world.biome.source.util.MultiNoiseUtil$MultiNoiseSampler
[22:01:05] [Server thread/DEBUG] (FabricLoader/Mixin) Mixing TagValueInputMixin from fabric-serialization-api-v1.mixins.json into net.minecraft.storage.NbtReadView
[22:01:05] [Server thread/DEBUG] (FabricLoader/Mixin) Mixing ValueInputMixin from fabric-serialization-api-v1.mixins.json into net.minecraft.storage.ReadView
[22:01:05] [Server thread/INFO] (net.minecraft.world.chunk.LoggingChunkLoadProgress) Loading 0 persistent chunks...
[22:01:05] [Server thread/INFO] (net.minecraft.world.chunk.LoggingChunkLoadProgress) Preparing spawn area: 16%
[22:01:05] [Render thread/DEBUG] (io.netty.channel.MultithreadEventLoopGroup) -Dio.netty.eventLoopThreads: 32
[22:01:05] [Render thread/DEBUG] (io.netty.util.concurrent.GlobalEventExecutor) -Dio.netty.globalEventExecutor.quietPeriodSeconds: 1
[22:01:05] [Render thread/DEBUG] (io.netty.util.internal.PlatformDependent) org.jctools-core.MpscChunkedArrayQueue: unavailable
[22:01:05] [Render thread/DEBUG] (io.netty.channel.DefaultChannelId) -Dio.netty.processId: 36369 (auto-detected)
[22:01:05] [Render thread/DEBUG] (io.netty.util.NetUtil) -Djava.net.preferIPv4Stack: false
[22:01:05] [Render thread/DEBUG] (io.netty.util.NetUtil) -Djava.net.preferIPv6Addresses: false
[22:01:05] [Render thread/DEBUG] (io.netty.util.NetUtilInitializations) Loopback interface: lo (lo, 0:0:0:0:0:0:0:1%lo)
[22:01:05] [Render thread/DEBUG] (io.netty.util.NetUtil) /proc/sys/net/core/somaxconn: 4096
[22:01:05] [Render thread/DEBUG] (io.netty.channel.DefaultChannelId) -Dio.netty.machineId: 6e:cf:d5:ff:fe:55:43:f3 (auto-detected)
[22:01:05] [Render thread/DEBUG] (io.netty.bootstrap.ChannelInitializerExtensions) -Dio.netty.bootstrap.extensions: null
[22:01:05] [Render thread/DEBUG] (FabricLoader/Mixin) Mixing accessor.PacketDecoderAccessor from fabric-networking-api-v1.mixins.json into net.minecraft.network.handler.DecoderHandler
[22:01:05] [Render thread/DEBUG] (FabricLoader/Mixin) Mixing PacketEncoderMixin from fabric-networking-api-v1.mixins.json into net.minecraft.network.handler.EncoderHandler
[22:01:05] [Render thread/DEBUG] (FabricLoader/Mixin) Mixing accessor.PacketEncoderAccessor from fabric-networking-api-v1.mixins.json into net.minecraft.network.handler.EncoderHandler
[22:01:05] [Render thread/DEBUG] (FabricLoader/Mixin) Mixing ingredient.PacketEncoderMixin from fabric-recipe-api-v1.mixins.json into net.minecraft.network.handler.EncoderHandler
[22:01:05] [Render thread/DEBUG] (FabricLoader/Mixin) fabric-networking-api-v1.mixins.json:PacketEncoderMixin from mod fabric-networking-api-v1->@Inject::handlePassthroughPacket(Lio/netty/channel/ChannelHandlerContext;Lnet/minecraft/network/packet/Packet;Lio/netty/buffer/ByteBuf;Lorg/spongepowered/asm/mixin/injection/callback/CallbackInfo;)V does use it's CallbackInfo
[22:01:05] [Render thread/DEBUG] (FabricLoader/Mixin) fabric-recipe-api-v1.mixins.json:ingredient.PacketEncoderMixin from mod fabric-recipe-api-v1->@Inject::capturePacketEncoder(Lio/netty/channel/ChannelHandlerContext;Lnet/minecraft/network/packet/Packet;Lio/netty/buffer/ByteBuf;Lorg/spongepowered/asm/mixin/injection/callback/CallbackInfo;)V doesn't use it's CallbackInfo
[22:01:05] [Render thread/DEBUG] (FabricLoader/Mixin) fabric-recipe-api-v1.mixins.json:ingredient.PacketEncoderMixin from mod fabric-recipe-api-v1->@Inject::capturePacketEncoder(Lio/netty/channel/ChannelHandlerContext;Lnet/minecraft/network/packet/Packet;Lio/netty/buffer/ByteBuf;Lorg/spongepowered/asm/mixin/injection/callback/CallbackInfo;)V has 0 override(s) in child classes
[22:01:05] [Render thread/DEBUG] (FabricLoader/Mixin) fabric-recipe-api-v1.mixins.json:ingredient.PacketEncoderMixin from mod fabric-recipe-api-v1->@Inject::capturePacketEncoder(Lio/netty/channel/ChannelHandlerContext;Lnet/minecraft/network/packet/Packet;Lio/netty/buffer/ByteBuf;Lorg/spongepowered/asm/mixin/injection/callback/CallbackInfo;)V won't be passed a CallbackInfo as a result
[22:01:05] [Render thread/DEBUG] (FabricLoader/Mixin) fabric-recipe-api-v1.mixins.json:ingredient.PacketEncoderMixin from mod fabric-recipe-api-v1->@Inject::releasePacketEncoder(Lio/netty/channel/ChannelHandlerContext;Lnet/minecraft/network/packet/Packet;Lio/netty/buffer/ByteBuf;Lorg/spongepowered/asm/mixin/injection/callback/CallbackInfo;)V doesn't use it's CallbackInfo
[22:01:05] [Render thread/DEBUG] (FabricLoader/Mixin) fabric-recipe-api-v1.mixins.json:ingredient.PacketEncoderMixin from mod fabric-recipe-api-v1->@Inject::releasePacketEncoder(Lio/netty/channel/ChannelHandlerContext;Lnet/minecraft/network/packet/Packet;Lio/netty/buffer/ByteBuf;Lorg/spongepowered/asm/mixin/injection/callback/CallbackInfo;)V has 0 override(s) in child classes
[22:01:05] [Render thread/DEBUG] (FabricLoader/Mixin) fabric-recipe-api-v1.mixins.json:ingredient.PacketEncoderMixin from mod fabric-recipe-api-v1->@Inject::releasePacketEncoder(Lio/netty/channel/ChannelHandlerContext;Lnet/minecraft/network/packet/Packet;Lio/netty/buffer/ByteBuf;Lorg/spongepowered/asm/mixin/injection/callback/CallbackInfo;)V won't be passed a CallbackInfo as a result
[22:01:05] [Render thread/DEBUG] (FabricLoader/Mixin) fabric-recipe-api-v1.mixins.json:ingredient.PacketEncoderMixin from mod fabric-recipe-api-v1->@Inject::releasePacketEncoder(Lio/netty/channel/ChannelHandlerContext;Lnet/minecraft/network/packet/Packet;Lio/netty/buffer/ByteBuf;Lorg/spongepowered/asm/mixin/injection/callback/CallbackInfo;)V doesn't use it's CallbackInfo
[22:01:05] [Render thread/DEBUG] (FabricLoader/Mixin) fabric-recipe-api-v1.mixins.json:ingredient.PacketEncoderMixin from mod fabric-recipe-api-v1->@Inject::releasePacketEncoder(Lio/netty/channel/ChannelHandlerContext;Lnet/minecraft/network/packet/Packet;Lio/netty/buffer/ByteBuf;Lorg/spongepowered/asm/mixin/injection/callback/CallbackInfo;)V has 0 override(s) in child classes
[22:01:05] [Render thread/DEBUG] (FabricLoader/Mixin) fabric-recipe-api-v1.mixins.json:ingredient.PacketEncoderMixin from mod fabric-recipe-api-v1->@Inject::releasePacketEncoder(Lio/netty/channel/ChannelHandlerContext;Lnet/minecraft/network/packet/Packet;Lio/netty/buffer/ByteBuf;Lorg/spongepowered/asm/mixin/injection/callback/CallbackInfo;)V won't be passed a CallbackInfo as a result
[22:01:05] [Render thread/DEBUG] (FabricLoader/Mixin) Mixing IdDispatchCodecMixin from fabric-networking-api-v1.mixins.json into net.minecraft.network.handler.PacketCodecDispatcher
[22:01:05] [Render thread/DEBUG] (FabricLoader/Mixin) fabric-networking-api-v1.mixins.json:IdDispatchCodecMixin from mod fabric-networking-api-v1->@Inject::encode(Lio/netty/buffer/ByteBuf;Ljava/lang/Object;Lorg/spongepowered/asm/mixin/injection/callback/CallbackInfo;)V doesn't use it's CallbackInfo
[22:01:05] [Render thread/DEBUG] (FabricLoader/Mixin) fabric-networking-api-v1.mixins.json:IdDispatchCodecMixin from mod fabric-networking-api-v1->@Inject::encode(Lio/netty/buffer/ByteBuf;Ljava/lang/Object;Lorg/spongepowered/asm/mixin/injection/callback/CallbackInfo;)V has 0 override(s) in child classes
[22:01:05] [Render thread/DEBUG] (FabricLoader/Mixin) fabric-networking-api-v1.mixins.json:IdDispatchCodecMixin from mod fabric-networking-api-v1->@Inject::encode(Lio/netty/buffer/ByteBuf;Ljava/lang/Object;Lorg/spongepowered/asm/mixin/injection/callback/CallbackInfo;)V won't be passed a CallbackInfo as a result
[22:01:05] [Render thread/DEBUG] (FabricLoader/Mixin) Mixing ServerboundCustomQueryAnswerPacketMixin from fabric-networking-api-v1.mixins.json into net.minecraft.network.packet.c2s.login.LoginQueryResponseC2SPacket
[22:01:05] [Render thread/DEBUG] (FabricLoader/Mixin) fabric-networking-api-v1.mixins.json:ServerboundCustomQueryAnswerPacketMixin from mod fabric-networking-api-v1->@Inject::readResponse(ILnet/minecraft/network/PacketByteBuf;Lorg/spongepowered/asm/mixin/injection/callback/CallbackInfoReturnable;)V does use it's CallbackInfoReturnable
[22:01:05] [Render thread/DEBUG] (FabricLoader/Mixin) Mixing ClientboundCustomQueryPacketMixin from fabric-networking-api-v1.mixins.json into net.minecraft.network.packet.s2c.login.LoginQueryRequestS2CPacket
[22:01:05] [Render thread/DEBUG] (FabricLoader/Mixin) fabric-networking-api-v1.mixins.json:ClientboundCustomQueryPacketMixin from mod fabric-networking-api-v1->@Inject::readPayload(Lnet/minecraft/util/Identifier;Lnet/minecraft/network/PacketByteBuf;Lorg/spongepowered/asm/mixin/injection/callback/CallbackInfoReturnable;)V does use it's CallbackInfoReturnable
[22:01:05] [Netty Local IO #1/DEBUG] (io.netty.buffer.AbstractByteBuf) -Dio.netty.buffer.checkAccessible: true
[22:01:05] [Netty Local IO #1/DEBUG] (io.netty.buffer.AbstractByteBuf) -Dio.netty.buffer.checkBounds: true
[22:01:05] [Netty Local IO #1/DEBUG] (io.netty.util.ResourceLeakDetectorFactory) Loaded default ResourceLeakDetector: io.netty.util.ResourceLeakDetector@603a412d
[22:01:05] [Netty Local IO #2/DEBUG] (FabricLoader/Mixin) Mixing ServerLoginPacketListenerImplMixin from fabric-networking-api-v1.mixins.json into net.minecraft.server.network.ServerLoginNetworkHandler
[22:01:05] [Netty Local IO #2/DEBUG] (FabricLoader/Mixin) Mixing accessor.ServerLoginPacketListenerImplAccessor from fabric-networking-api-v1.mixins.json into net.minecraft.server.network.ServerLoginNetworkHandler
[22:01:05] [Netty Local IO #2/DEBUG] (FabricLoader/Mixin) fabric-networking-api-v1.mixins.json:ServerLoginPacketListenerImplMixin from mod fabric-networking-api-v1->@Inject::initAddon(Lorg/spongepowered/asm/mixin/injection/callback/CallbackInfo;)V doesn't use it's CallbackInfo
[22:01:05] [Netty Local IO #2/DEBUG] (FabricLoader/Mixin) fabric-networking-api-v1.mixins.json:ServerLoginPacketListenerImplMixin from mod fabric-networking-api-v1->@Inject::initAddon(Lorg/spongepowered/asm/mixin/injection/callback/CallbackInfo;)V has 0 override(s) in child classes
[22:01:05] [Netty Local IO #2/DEBUG] (FabricLoader/Mixin) fabric-networking-api-v1.mixins.json:ServerLoginPacketListenerImplMixin from mod fabric-networking-api-v1->@Inject::initAddon(Lorg/spongepowered/asm/mixin/injection/callback/CallbackInfo;)V won't be passed a CallbackInfo as a result
[22:01:05] [Netty Local IO #2/DEBUG] (FabricLoader/Mixin) fabric-networking-api-v1.mixins.json:ServerLoginPacketListenerImplMixin from mod fabric-networking-api-v1->@Inject::handleCustomPayloadReceivedAsync(Lnet/minecraft/network/packet/c2s/login/LoginQueryResponseC2SPacket;Lorg/spongepowered/asm/mixin/injection/callback/CallbackInfo;)V does use it's CallbackInfo
[22:01:05] [Netty Local IO #1/DEBUG] (FabricLoader/Mixin) Mixing ServerboundSelectKnownPacksMixin from fabric-resource-loader-v1.mixins.json into net.minecraft.network.packet.c2s.config.SelectKnownPacksC2SPacket
[22:01:05] [Netty Local IO #1/DEBUG] (FabricLoader/Mixin) Mixing ClientboundCustomPayloadPacketMixin from fabric-networking-api-v1.mixins.json into net.minecraft.network.packet.s2c.common.CustomPayloadS2CPacket
[22:01:05] [Netty Local IO #1/DEBUG] (FabricLoader/Mixin) Renaming synthetic method lambda$wrapConfigCodec$1(Lnet/minecraft/network/PacketByteBuf;Lnet/minecraft/util/Identifier;)Lnet/minecraft/network/packet/CustomPayload$Type; to mdffa551$fabric-networking-api-v1$lambda$wrapConfigCodec$1$0 in fabric-networking-api-v1.mixins.json:ClientboundCustomPayloadPacketMixin from mod fabric-networking-api-v1
[22:01:05] [Netty Local IO #1/DEBUG] (FabricLoader/Mixin) Renaming synthetic method lambda$wrapPlayCodec$0(Lnet/minecraft/network/RegistryByteBuf;Lnet/minecraft/util/Identifier;)Lnet/minecraft/network/packet/CustomPayload$Type; to mdffa551$fabric-networking-api-v1$lambda$wrapPlayCodec$0$1 in fabric-networking-api-v1.mixins.json:ClientboundCustomPayloadPacketMixin from mod fabric-networking-api-v1
[22:01:05] [Netty Local IO #1/DEBUG] (FabricLoader/Mixin) Mixing RegistrySynchronizationMixin from fabric-registry-sync-v0.mixins.json into net.minecraft.registry.SerializableRegistries
[22:01:05] [Netty Local IO #1/DEBUG] (FabricLoader/Mixin) fabric-registry-sync-v0.mixins.json:RegistrySynchronizationMixin from mod fabric-registry-sync-v0->@Inject::filterNonSyncedEntries(Lnet/minecraft/registry/DynamicRegistryManager$Entry;Lorg/spongepowered/asm/mixin/injection/callback/CallbackInfoReturnable;)V does use it's CallbackInfoReturnable
[22:01:05] [Netty Local IO #1/DEBUG] (FabricLoader/Mixin) fabric-registry-sync-v0.mixins.json:RegistrySynchronizationMixin from mod fabric-registry-sync-v0->@Inject::filterNonSyncedEntriesAgain(Ljava/util/Set;Lnet/minecraft/registry/RegistryLoader$Entry;Lcom/mojang/serialization/DynamicOps;Ljava/util/function/BiConsumer;Lnet/minecraft/registry/Registry;Lorg/spongepowered/asm/mixin/injection/callback/CallbackInfo;)V does use it's CallbackInfo
[22:01:05] [Netty Local IO #1/DEBUG] (FabricLoader/Mixin) Mixing RegistryDataCollectorMixin from fabric-registry-sync-v0.client.mixins.json into net.minecraft.client.network.ClientRegistries
[22:01:05] [Netty Local IO #1/DEBUG] (FabricLoader/Mixin) Renaming synthetic method lambda$skipEmptyRegistries$0(Ljava/util/Map;Lnet/minecraft/registry/RegistryLoader$Entry;)Z to mdffa551$fabric-registry-sync-v0$lambda$skipEmptyRegistries$0$0 in fabric-registry-sync-v0.client.mixins.json:RegistryDataCollectorMixin from mod fabric-registry-sync-v0
[22:01:05] [Netty Local IO #1/DEBUG] (FabricLoader/Mixin) Mixing BundlePacketMixin from fabric-networking-api-v1.mixins.json into net.minecraft.network.packet.BundlePacket
[22:01:06] [Netty Local IO #1/DEBUG] (ClientPlayNetworkAddon for Player182) Handling inbound packet from channel with name "minecraft:register"
[22:01:06] [Netty Local IO #2/DEBUG] (ServerConfigurationNetworkAddon for Player182) Handling inbound packet from channel with name "minecraft:register"
[22:01:06] [Netty Local IO #1/DEBUG] (ClientPlayNetworkAddon for Player182) Handling inbound packet from channel with name "minecraft:brand"
[22:01:06] [Netty Local IO #2/DEBUG] (FabricLoader/Mixin) Mixing SynchronizeRegistriesTaskMixin from fabric-resource-loader-v1.mixins.json into net.minecraft.server.network.SynchronizeRegistriesTask
[22:01:06] [Netty Local IO #2/DEBUG] (FabricLoader/Mixin) fabric-resource-loader-v1.mixins.json:SynchronizeRegistriesTaskMixin from mod fabric-resource-loader-v1->@Inject::onSelectKnownPacks(Ljava/util/List;Ljava/util/function/Consumer;Lorg/spongepowered/asm/mixin/injection/callback/CallbackInfo;)V does use it's CallbackInfo
[22:01:06] [Netty Local IO #2/DEBUG] (FabricLoader/Mixin) fabric-resource-loader-v1.mixins.json:SynchronizeRegistriesTaskMixin from mod fabric-resource-loader-v1->@Inject::syncRegistryAndTags(Ljava/util/function/Consumer;Ljava/util/Set;Lorg/spongepowered/asm/mixin/injection/callback/CallbackInfo;)V doesn't use it's CallbackInfo
[22:01:06] [Netty Local IO #2/DEBUG] (FabricLoader/Mixin) fabric-resource-loader-v1.mixins.json:SynchronizeRegistriesTaskMixin from mod fabric-resource-loader-v1->@Inject::syncRegistryAndTags(Ljava/util/function/Consumer;Ljava/util/Set;Lorg/spongepowered/asm/mixin/injection/callback/CallbackInfo;)V has 0 override(s) in child classes
[22:01:06] [Netty Local IO #2/DEBUG] (FabricLoader/Mixin) fabric-resource-loader-v1.mixins.json:SynchronizeRegistriesTaskMixin from mod fabric-resource-loader-v1->@Inject::syncRegistryAndTags(Ljava/util/function/Consumer;Ljava/util/Set;Lorg/spongepowered/asm/mixin/injection/callback/CallbackInfo;)V won't be passed a CallbackInfo as a result
[22:01:06] [Netty Local IO #2/DEBUG] (FabricLoader/Mixin) fabric-resource-loader-v1.mixins.json:SynchronizeRegistriesTaskMixin from mod fabric-resource-loader-v1->@Inject::sendPacket(Ljava/util/function/Consumer;Lorg/spongepowered/asm/mixin/injection/callback/CallbackInfo;)V does use it's CallbackInfo
[22:01:06] [Netty Local IO #1/DEBUG] (ClientPlayNetworkAddon for Player182) Handling inbound packet from channel with name "c:version"
[22:01:06] [Netty Local IO #1/DEBUG] (ClientPlayNetworkAddon for Player182) Negotiated common packet version 1
[22:01:06] [Netty Local IO #2/DEBUG] (ServerConfigurationNetworkAddon for Player182) Handling inbound packet from channel with name "c:version"
[22:01:06] [Netty Local IO #2/DEBUG] (ServerConfigurationNetworkAddon for Player182) Negotiated common packet version 1
[22:01:06] [Render thread/DEBUG] (ClientPlayNetworkAddon for Player182) Handling inbound packet from channel with name "minecraft:brand"
[22:01:06] [Netty Local IO #1/DEBUG] (ClientPlayNetworkAddon for Player182) Handling inbound packet from channel with name "c:register"
[22:01:06] [Netty Local IO #1/DEBUG] (fabric-networking-api-v1) Received accepted channels from the server
[22:01:06] [Netty Local IO #2/DEBUG] (ServerConfigurationNetworkAddon for Player182) Handling inbound packet from channel with name "c:register"
[22:01:06] [Netty Local IO #2/DEBUG] (fabric-networking-api-v1) Received accepted channels from the client for play phase
[22:01:06] [Netty Local IO #1/DEBUG] (ClientPlayNetworkAddon for Player182) Handling inbound packet from channel with name "fabric:custom_ingredient_sync"
[22:01:06] [Netty Local IO #2/DEBUG] (ServerConfigurationNetworkAddon for Player182) Handling inbound packet from channel with name "fabric:custom_ingredient_sync"
[22:01:06] [Netty Local IO #1/DEBUG] (ClientPlayNetworkAddon for Player182) Handling inbound packet from channel with name "fabric:accepted_attachments_v1"
[22:01:06] [Netty Local IO #2/DEBUG] (ServerConfigurationNetworkAddon for Player182) Handling inbound packet from channel with name "fabric:accepted_attachments_v1"
[22:01:06] [Render thread/DEBUG] (FabricLoader/Mixin) Mixing KnownPacksManagerMixin from fabric-resource-loader-v1.client.mixins.json into net.minecraft.client.resource.ClientDataPackManager
[22:01:06] [Render thread/DEBUG] (net.fabricmc.fabric.impl.resource.pack.ModPackResourcesUtil) [Fabric] Starting internal pack sorting with: []
[22:01:06] [Render thread/DEBUG] (net.fabricmc.fabric.impl.resource.pack.ModPackResourcesUtil) [Fabric] Removed all internal packs, result: []
[22:01:06] [Render thread/DEBUG] (net.fabricmc.fabric.impl.resource.pack.ModPackResourcesUtil) [Fabric] Final sorting result: []
[22:01:06] [Render thread/DEBUG] (net.fabricmc.fabric.impl.resource.pack.ModPackResourcesUtil) [Fabric] Starting internal pack sorting with: [vanilla, fabric-convention-tags-v2, fabric-gametest-api-v1]
[22:01:06] [Render thread/DEBUG] (net.fabricmc.fabric.impl.resource.pack.ModPackResourcesUtil) [Fabric] Removed all internal packs, result: [vanilla, fabric-convention-tags-v2, fabric-gametest-api-v1]
[22:01:06] [Render thread/DEBUG] (net.fabricmc.fabric.impl.resource.pack.ModPackResourcesUtil) [Fabric] Final sorting result: [vanilla, fabric-convention-tags-v2, fabric-gametest-api-v1]
[22:01:06] [Server thread/DEBUG] (SynchronizeRegistriesTaskMixin) Synchronizing registries with common known packs: [vanilla:fabric-gametest-api-v1:3.1.27+4fc5413f3e, minecraft:core:1.21.11, vanilla:fabric-convention-tags-v2:2.17.3+8ef948ba3e]
[22:01:06] [Render thread/DEBUG] (FabricLoader/Mixin) Mixing ClientRegistriesDynamicRegistriesAccessor from fabric-registry-sync-v0.client.mixins.json into net.minecraft.client.network.ClientRegistries$DynamicRegistries
[22:01:06] [Server thread/INFO] (net.minecraft.world.chunk.LoggingChunkLoadProgress) Loading 49 chunks for player spawn...
[22:01:06] [Server thread/INFO] (net.minecraft.world.chunk.LoggingChunkLoadProgress) Preparing spawn area: 16%
[22:01:06] [Server thread/INFO] (net.minecraft.world.chunk.LoggingChunkLoadProgress) Preparing spawn area: 16%
[22:01:06] [Worker-Main-8/DEBUG] (FabricLoader/Mixin) Mixing SerializableChunkDataMixin from fabric-data-attachment-api-v1.mixins.json into net.minecraft.world.chunk.SerializedChunk
[22:01:06] [Worker-Main-8/DEBUG] (FabricLoader/Mixin) Renaming @Unique field LOGGERLorg/slf4j/Logger; to fdffa551$fabric-data-attachment-api-v1$LOGGER$0 in fabric-data-attachment-api-v1.mixins.json:SerializableChunkDataMixin from mod fabric-data-attachment-api-v1
[22:01:06] [Worker-Main-8/DEBUG] (FabricLoader/Mixin) Mixing SerializableChunkDataMixin from fabric-registry-sync-v0.mixins.json into net.minecraft.world.chunk.SerializedChunk
[22:01:06] [Worker-Main-8/DEBUG] (FabricLoader/Mixin) fabric-data-attachment-api-v1.mixins.json:SerializableChunkDataMixin from mod fabric-data-attachment-api-v1->@Inject::storeAttachmentNbtData(Lnet/minecraft/world/HeightLimitView;Lnet/minecraft/world/chunk/PalettesFactory;Lnet/minecraft/nbt/NbtCompound;Lorg/spongepowered/asm/mixin/injection/callback/CallbackInfoReturnable;)V does use it's CallbackInfoReturnable
[22:01:06] [Worker-Main-8/DEBUG] (FabricLoader/Mixin) fabric-data-attachment-api-v1.mixins.json:SerializableChunkDataMixin from mod fabric-data-attachment-api-v1->@Inject::storeAttachmentNbtData(Lnet/minecraft/world/HeightLimitView;Lnet/minecraft/world/chunk/PalettesFactory;Lnet/minecraft/nbt/NbtCompound;Lorg/spongepowered/asm/mixin/injection/callback/CallbackInfoReturnable;)V does use it's CallbackInfoReturnable
[22:01:06] [Worker-Main-8/DEBUG] (FabricLoader/Mixin) fabric-data-attachment-api-v1.mixins.json:SerializableChunkDataMixin from mod fabric-data-attachment-api-v1->@Inject::setAttachmentDataInChunk(Lnet/minecraft/server/world/ServerWorld;Lnet/minecraft/world/poi/PointOfInterestStorage;Lnet/minecraft/world/storage/StorageKey;Lnet/minecraft/util/math/ChunkPos;Lorg/spongepowered/asm/mixin/injection/callback/CallbackInfoReturnable;)V does use it's CallbackInfoReturnable
[22:01:06] [Worker-Main-8/DEBUG] (FabricLoader/Mixin) fabric-data-attachment-api-v1.mixins.json:SerializableChunkDataMixin from mod fabric-data-attachment-api-v1->@Inject::setAttachmentDataInChunk(Lnet/minecraft/server/world/ServerWorld;Lnet/minecraft/world/poi/PointOfInterestStorage;Lnet/minecraft/world/storage/StorageKey;Lnet/minecraft/util/math/ChunkPos;Lorg/spongepowered/asm/mixin/injection/callback/CallbackInfoReturnable;)V does use it's CallbackInfoReturnable
[22:01:06] [Worker-Main-8/DEBUG] (FabricLoader/Mixin) fabric-data-attachment-api-v1.mixins.json:SerializableChunkDataMixin from mod fabric-data-attachment-api-v1->@Inject::storeAttachmentNbtData(Lnet/minecraft/server/world/ServerWorld;Lnet/minecraft/world/chunk/Chunk;Lorg/spongepowered/asm/mixin/injection/callback/CallbackInfoReturnable;)V does use it's CallbackInfoReturnable
[22:01:06] [Worker-Main-8/DEBUG] (FabricLoader/Mixin) fabric-data-attachment-api-v1.mixins.json:SerializableChunkDataMixin from mod fabric-data-attachment-api-v1->@Inject::writeChunkAttachments(Lorg/spongepowered/asm/mixin/injection/callback/CallbackInfoReturnable;)V does use it's CallbackInfoReturnable
[22:01:06] [Worker-Main-6/DEBUG] (FabricLoader/Mixin) Mixing ImposterProtoChunkMixin from fabric-data-attachment-api-v1.mixins.json into net.minecraft.world.chunk.WrapperProtoChunk
[22:01:06] [Worker-Main-4/DEBUG] (FabricLoader/Mixin) Mixing LevelChunkSectionMixin from fabric-block-api-v1.mixins.json into net.minecraft.world.chunk.ChunkSection
[22:01:06] [Worker-Main-4/DEBUG] (FabricLoader/Mixin) Mixing ChunkSectionBlockStateCounterMixin from fabric-block-api-v1.mixins.json into net.minecraft.world.chunk.ChunkSection$BlockStateCounter
[22:01:06] [Server thread/INFO] (net.minecraft.world.chunk.LoggingChunkLoadProgress) Preparing spawn area: 59%
[22:01:06] [Server thread/DEBUG] (FabricLoader/Mixin) Mixing WalkNodeEvaluatorMixin from fabric-content-registries-v0.mixins.json into net.minecraft.entity.ai.pathing.LandPathNodeMaker
[22:01:06] [Server thread/DEBUG] (FabricLoader/Mixin) fabric-content-registries-v0.mixins.json:WalkNodeEvaluatorMixin from mod fabric-content-registries-v0->@Inject::getCommonNodeType(Lnet/minecraft/world/BlockView;Lnet/minecraft/util/math/BlockPos;Lorg/spongepowered/asm/mixin/injection/callback/CallbackInfoReturnable;)V does use it's CallbackInfoReturnable
[22:01:06] [Server thread/INFO] (net.minecraft.world.chunk.LoggingChunkLoadProgress) Time elapsed: 1588 ms
[22:01:06] [Render thread/DEBUG] (FabricLoader/Mixin) Mixing sync.ClientRecipeContainerMixin from fabric-recipe-api-v1.client.mixins.json into net.minecraft.client.recipebook.ClientRecipeManager
[22:01:06] [Render thread/DEBUG] (FabricLoader/Mixin) Mixing ClientSuggestionProviderMixin from fabric-command-api-v2.client.mixins.json into net.minecraft.client.network.ClientCommandSource
[22:01:06] [Server thread/DEBUG] (FabricLoader/Mixin) Mixing accessor.EntityTrackerAccessor from fabric-networking-api-v1.mixins.json into net.minecraft.server.world.ServerChunkLoadingManager$EntityTracker
[22:01:06] [Server thread/DEBUG] (FabricLoader/Mixin) Mixing ServerEntityMixin from fabric-networking-api-v1.mixins.json into net.minecraft.server.network.EntityTrackerEntry
[22:01:06] [Server thread/DEBUG] (FabricLoader/Mixin) fabric-networking-api-v1.mixins.json:ServerEntityMixin from mod fabric-networking-api-v1->@Inject::onStartTracking(Lnet/minecraft/server/network/ServerPlayerEntity;Lorg/spongepowered/asm/mixin/injection/callback/CallbackInfo;)V doesn't use it's CallbackInfo
[22:01:06] [Server thread/DEBUG] (FabricLoader/Mixin) fabric-networking-api-v1.mixins.json:ServerEntityMixin from mod fabric-networking-api-v1->@Inject::onStartTracking(Lnet/minecraft/server/network/ServerPlayerEntity;Lorg/spongepowered/asm/mixin/injection/callback/CallbackInfo;)V has 0 override(s) in child classes
[22:01:06] [Server thread/DEBUG] (FabricLoader/Mixin) fabric-networking-api-v1.mixins.json:ServerEntityMixin from mod fabric-networking-api-v1->@Inject::onStartTracking(Lnet/minecraft/server/network/ServerPlayerEntity;Lorg/spongepowered/asm/mixin/injection/callback/CallbackInfo;)V won't be passed a CallbackInfo as a result
[22:01:06] [Server thread/DEBUG] (FabricLoader/Mixin) fabric-networking-api-v1.mixins.json:ServerEntityMixin from mod fabric-networking-api-v1->@Inject::onStopTracking(Lnet/minecraft/server/network/ServerPlayerEntity;Lorg/spongepowered/asm/mixin/injection/callback/CallbackInfo;)V doesn't use it's CallbackInfo
[22:01:06] [Server thread/DEBUG] (FabricLoader/Mixin) fabric-networking-api-v1.mixins.json:ServerEntityMixin from mod fabric-networking-api-v1->@Inject::onStopTracking(Lnet/minecraft/server/network/ServerPlayerEntity;Lorg/spongepowered/asm/mixin/injection/callback/CallbackInfo;)V has 0 override(s) in child classes
[22:01:06] [Server thread/DEBUG] (FabricLoader/Mixin) fabric-networking-api-v1.mixins.json:ServerEntityMixin from mod fabric-networking-api-v1->@Inject::onStopTracking(Lnet/minecraft/server/network/ServerPlayerEntity;Lorg/spongepowered/asm/mixin/injection/callback/CallbackInfo;)V won't be passed a CallbackInfo as a result
[22:01:06] [Server thread/DEBUG] (FabricLoader/Mixin) Mixing PlayerAdvancementsMixin from fabric-events-interaction-v0.mixins.json into net.minecraft.advancement.PlayerAdvancementTracker
[22:01:06] [Server thread/DEBUG] (FabricLoader/Mixin) fabric-events-interaction-v0.mixins.json:PlayerAdvancementsMixin from mod fabric-events-interaction-v0->@Inject::preventOwnerOverride(Lnet/minecraft/server/network/ServerPlayerEntity;Lorg/spongepowered/asm/mixin/injection/callback/CallbackInfo;)V does use it's CallbackInfo
[22:01:06] [Server thread/DEBUG] (FabricLoader/Mixin) fabric-events-interaction-v0.mixins.json:PlayerAdvancementsMixin from mod fabric-events-interaction-v0->@Inject::preventGrantCriterion(Lnet/minecraft/advancement/AdvancementEntry;Ljava/lang/String;Lorg/spongepowered/asm/mixin/injection/callback/CallbackInfoReturnable;)V does use it's CallbackInfoReturnable
[22:01:06] [Server thread/INFO] (net.minecraft.server.PlayerManager) Player182[local:E:2075d9a3] logged in with entity id 61 at (68.5, 66.0, -46.5)
[22:01:06] [Server thread/DEBUG] (FabricLoader/Mixin) Mixing ServerGamePacketListenerImplMixin from fabric-networking-api-v1.mixins.json into net.minecraft.server.network.ServerPlayNetworkHandler
[22:01:06] [Server thread/DEBUG] (FabricLoader/Mixin) Mixing ServerGamePacketListenerImplMixin from fabric-events-interaction-v0.mixins.json into net.minecraft.server.network.ServerPlayNetworkHandler
[22:01:06] [Server thread/DEBUG] (FabricLoader/Mixin) fabric-networking-api-v1.mixins.json:ServerGamePacketListenerImplMixin from mod fabric-networking-api-v1->@Inject::initAddon(Lorg/spongepowered/asm/mixin/injection/callback/CallbackInfo;)V doesn't use it's CallbackInfo
[22:01:06] [Server thread/DEBUG] (FabricLoader/Mixin) fabric-networking-api-v1.mixins.json:ServerGamePacketListenerImplMixin from mod fabric-networking-api-v1->@Inject::initAddon(Lorg/spongepowered/asm/mixin/injection/callback/CallbackInfo;)V has 0 override(s) in child classes
[22:01:06] [Server thread/DEBUG] (FabricLoader/Mixin) fabric-networking-api-v1.mixins.json:ServerGamePacketListenerImplMixin from mod fabric-networking-api-v1->@Inject::initAddon(Lorg/spongepowered/asm/mixin/injection/callback/CallbackInfo;)V won't be passed a CallbackInfo as a result
[22:01:06] [Server thread/DEBUG] (FabricLoader/Mixin) fabric-networking-api-v1.mixins.json:ServerGamePacketListenerImplMixin from mod fabric-networking-api-v1->@Inject::handleCustomPayloadReceivedAsync(Lnet/minecraft/network/packet/c2s/common/CustomPayloadC2SPacket;Lorg/spongepowered/asm/mixin/injection/callback/CallbackInfo;)V does use it's CallbackInfo
[22:01:06] [Server thread/DEBUG] (FabricLoader/Mixin) Mixing PlayerChunkSenderMixin from fabric-data-attachment-api-v1.mixins.json into net.minecraft.server.network.ChunkDataSender
[22:01:07] [Server thread/INFO] (net.minecraft.server.MinecraftServer) Player182 joined the game
[22:01:07] [Render thread/DEBUG] (FabricLoader/Mixin) Mixing MultiPlayerGameModeMixin from fabric-events-interaction-v0.client.mixins.json into net.minecraft.client.network.ClientPlayerInteractionManager
[22:01:07] [Render thread/DEBUG] (FabricLoader/Mixin) Renaming synthetic method lambda$interactItem$2(Lnet/minecraft/util/Hand;Lnet/minecraft/entity/player/PlayerEntity;I)Lnet/minecraft/network/packet/Packet; to mdffa551$fabric-events-interaction-v0$lambda$interactItem$2$0 in fabric-events-interaction-v0.client.mixins.json:MultiPlayerGameModeMixin from mod fabric-events-interaction-v0
[22:01:07] [Render thread/DEBUG] (FabricLoader/Mixin) Renaming synthetic method lambda$interactBlock$1(Lnet/minecraft/util/Hand;Lnet/minecraft/util/hit/BlockHitResult;I)Lnet/minecraft/network/packet/Packet; to mdffa551$fabric-events-interaction-v0$lambda$interactBlock$1$1 in fabric-events-interaction-v0.client.mixins.json:MultiPlayerGameModeMixin from mod fabric-events-interaction-v0
[22:01:07] [Render thread/DEBUG] (FabricLoader/Mixin) Renaming synthetic method lambda$fabric_fireAttackBlockCallback$0(Lnet/minecraft/util/math/BlockPos;Lnet/minecraft/util/math/Direction;I)Lnet/minecraft/network/packet/Packet; to mdffa551$fabric-events-interaction-v0$lambda$fabric_fireAttackBlockCallback$0$2 in fabric-events-interaction-v0.client.mixins.json:MultiPlayerGameModeMixin from mod fabric-events-interaction-v0
[22:01:07] [Render thread/DEBUG] (FabricLoader/Mixin) Mixing MultiPlayerGameModeMixin from fabric-item-api-v1.client.mixins.json into net.minecraft.client.network.ClientPlayerInteractionManager
[22:01:07] [Render thread/DEBUG] (FabricLoader/Mixin) fabric-events-interaction-v0.client.mixins.json:MultiPlayerGameModeMixin from mod fabric-events-interaction-v0->@Inject::attackBlock(Lnet/minecraft/util/math/BlockPos;Lnet/minecraft/util/math/Direction;Lorg/spongepowered/asm/mixin/injection/callback/CallbackInfoReturnable;)V does use it's CallbackInfoReturnable
[22:01:07] [Render thread/DEBUG] (FabricLoader/Mixin) fabric-events-interaction-v0.client.mixins.json:MultiPlayerGameModeMixin from mod fabric-events-interaction-v0->@Inject::method_2902(Lnet/minecraft/util/math/BlockPos;Lnet/minecraft/util/math/Direction;Lorg/spongepowered/asm/mixin/injection/callback/CallbackInfoReturnable;)V does use it's CallbackInfoReturnable
[22:01:07] [Render thread/DEBUG] (FabricLoader/Mixin) fabric-events-interaction-v0.client.mixins.json:MultiPlayerGameModeMixin from mod fabric-events-interaction-v0->@Inject::fabric$onBlockBroken(Lnet/minecraft/util/math/BlockPos;Lorg/spongepowered/asm/mixin/injection/callback/CallbackInfoReturnable;)V doesn't use it's CallbackInfoReturnable
[22:01:07] [Render thread/DEBUG] (FabricLoader/Mixin) fabric-events-interaction-v0.client.mixins.json:MultiPlayerGameModeMixin from mod fabric-events-interaction-v0->@Inject::fabric$onBlockBroken(Lnet/minecraft/util/math/BlockPos;Lorg/spongepowered/asm/mixin/injection/callback/CallbackInfoReturnable;)V has 0 override(s) in child classes
[22:01:07] [Render thread/DEBUG] (FabricLoader/Mixin) fabric-events-interaction-v0.client.mixins.json:MultiPlayerGameModeMixin from mod fabric-events-interaction-v0->@Inject::fabric$onBlockBroken(Lnet/minecraft/util/math/BlockPos;Lorg/spongepowered/asm/mixin/injection/callback/CallbackInfoReturnable;)V won't be passed a CallbackInfoReturnable as a result
[22:01:07] [Render thread/DEBUG] (FabricLoader/Mixin) fabric-events-interaction-v0.client.mixins.json:MultiPlayerGameModeMixin from mod fabric-events-interaction-v0->@Inject::interactBlock(Lnet/minecraft/client/network/ClientPlayerEntity;Lnet/minecraft/util/Hand;Lnet/minecraft/util/hit/BlockHitResult;Lorg/spongepowered/asm/mixin/injection/callback/CallbackInfoReturnable;)V does use it's CallbackInfoReturnable
[22:01:07] [Render thread/DEBUG] (FabricLoader/Mixin) fabric-events-interaction-v0.client.mixins.json:MultiPlayerGameModeMixin from mod fabric-events-interaction-v0->@Inject::interactItem(Lnet/minecraft/entity/player/PlayerEntity;Lnet/minecraft/util/Hand;Lorg/spongepowered/asm/mixin/injection/callback/CallbackInfoReturnable;)V does use it's CallbackInfoReturnable
[22:01:07] [Render thread/DEBUG] (FabricLoader/Mixin) fabric-events-interaction-v0.client.mixins.json:MultiPlayerGameModeMixin from mod fabric-events-interaction-v0->@Inject::attackEntity(Lnet/minecraft/entity/player/PlayerEntity;Lnet/minecraft/entity/Entity;Lorg/spongepowered/asm/mixin/injection/callback/CallbackInfo;)V does use it's CallbackInfo
[22:01:07] [Render thread/DEBUG] (FabricLoader/Mixin) Mixing ClientChunkCacheMixin from fabric-lifecycle-events-v1.client.mixins.json into net.minecraft.client.world.ClientChunkManager
[22:01:07] [Render thread/DEBUG] (FabricLoader/Mixin) fabric-lifecycle-events-v1.client.mixins.json:ClientChunkCacheMixin from mod fabric-lifecycle-events-v1->@Inject::onChunkLoad(IILnet/minecraft/network/PacketByteBuf;Ljava/util/Map;Ljava/util/function/Consumer;Lorg/spongepowered/asm/mixin/injection/callback/CallbackInfoReturnable;)V does use it's CallbackInfoReturnable
[22:01:07] [Render thread/DEBUG] (FabricLoader/Mixin) fabric-lifecycle-events-v1.client.mixins.json:ClientChunkCacheMixin from mod fabric-lifecycle-events-v1->@Inject::onChunkUnload(IILnet/minecraft/network/PacketByteBuf;Ljava/util/Map;Ljava/util/function/Consumer;Lorg/spongepowered/asm/mixin/injection/callback/CallbackInfoReturnable;)V doesn't use it's CallbackInfoReturnable
[22:01:07] [Render thread/DEBUG] (FabricLoader/Mixin) fabric-lifecycle-events-v1.client.mixins.json:ClientChunkCacheMixin from mod fabric-lifecycle-events-v1->@Inject::onChunkUnload(IILnet/minecraft/network/PacketByteBuf;Ljava/util/Map;Ljava/util/function/Consumer;Lorg/spongepowered/asm/mixin/injection/callback/CallbackInfoReturnable;)V has 0 override(s) in child classes
[22:01:07] [Render thread/DEBUG] (FabricLoader/Mixin) fabric-lifecycle-events-v1.client.mixins.json:ClientChunkCacheMixin from mod fabric-lifecycle-events-v1->@Inject::onChunkUnload(IILnet/minecraft/network/PacketByteBuf;Ljava/util/Map;Ljava/util/function/Consumer;Lorg/spongepowered/asm/mixin/injection/callback/CallbackInfoReturnable;)V won't be passed a CallbackInfoReturnable as a result
[22:01:07] [Render thread/DEBUG] (FabricLoader/Mixin) fabric-lifecycle-events-v1.client.mixins.json:ClientChunkCacheMixin from mod fabric-lifecycle-events-v1->@Inject::onChunkUnload(Lnet/minecraft/util/math/ChunkPos;Lorg/spongepowered/asm/mixin/injection/callback/CallbackInfo;)V doesn't use it's CallbackInfo
[22:01:07] [Render thread/DEBUG] (FabricLoader/Mixin) fabric-lifecycle-events-v1.client.mixins.json:ClientChunkCacheMixin from mod fabric-lifecycle-events-v1->@Inject::onChunkUnload(Lnet/minecraft/util/math/ChunkPos;Lorg/spongepowered/asm/mixin/injection/callback/CallbackInfo;)V has 0 override(s) in child classes
[22:01:07] [Render thread/DEBUG] (FabricLoader/Mixin) fabric-lifecycle-events-v1.client.mixins.json:ClientChunkCacheMixin from mod fabric-lifecycle-events-v1->@Inject::onChunkUnload(Lnet/minecraft/util/math/ChunkPos;Lorg/spongepowered/asm/mixin/injection/callback/CallbackInfo;)V won't be passed a CallbackInfo as a result
[22:01:07] [Render thread/DEBUG] (FabricLoader/Mixin) fabric-lifecycle-events-v1.client.mixins.json:ClientChunkCacheMixin from mod fabric-lifecycle-events-v1->@Inject::onUpdateLoadDistance(ILorg/spongepowered/asm/mixin/injection/callback/CallbackInfo;)V doesn't use it's CallbackInfo
[22:01:07] [Render thread/DEBUG] (FabricLoader/Mixin) fabric-lifecycle-events-v1.client.mixins.json:ClientChunkCacheMixin from mod fabric-lifecycle-events-v1->@Inject::onUpdateLoadDistance(ILorg/spongepowered/asm/mixin/injection/callback/CallbackInfo;)V has 0 override(s) in child classes
[22:01:07] [Render thread/DEBUG] (FabricLoader/Mixin) fabric-lifecycle-events-v1.client.mixins.json:ClientChunkCacheMixin from mod fabric-lifecycle-events-v1->@Inject::onUpdateLoadDistance(ILorg/spongepowered/asm/mixin/injection/callback/CallbackInfo;)V won't be passed a CallbackInfo as a result
[22:01:07] [Render thread/DEBUG] (FabricLoader/Mixin) Mixing ClientWorldClientEntityHandlerMixin from fabric-lifecycle-events-v1.client.mixins.json into net.minecraft.client.world.ClientWorld$ClientEntityHandler
[22:01:07] [Render thread/DEBUG] (FabricLoader/Mixin) fabric-lifecycle-events-v1.client.mixins.json:ClientWorldClientEntityHandlerMixin from mod fabric-lifecycle-events-v1->@Inject::invokeLoadEntity(Lnet/minecraft/entity/Entity;Lorg/spongepowered/asm/mixin/injection/callback/CallbackInfo;)V doesn't use it's CallbackInfo
[22:01:07] [Render thread/DEBUG] (FabricLoader/Mixin) fabric-lifecycle-events-v1.client.mixins.json:ClientWorldClientEntityHandlerMixin from mod fabric-lifecycle-events-v1->@Inject::invokeUnloadEntity(Lnet/minecraft/entity/Entity;Lorg/spongepowered/asm/mixin/injection/callback/CallbackInfo;)V doesn't use it's CallbackInfo
[22:01:07] [Render thread/DEBUG] (FabricLoader/Mixin) Mixing SectionCompilerMixin from fabric-renderer-indigo.mixins.json into net.minecraft.client.render.chunk.SectionBuilder
[22:01:07] [Render thread/DEBUG] (FabricLoader/Mixin) Renaming synthetic method lambda$hookBuild$0(Ljava/util/Map;Lnet/minecraft/client/render/chunk/BlockBufferAllocatorStorage;Lnet/minecraft/client/render/BlockRenderLayer;)Lnet/minecraft/client/render/BufferBuilder; to mdffa551$fabric-renderer-indigo$lambda$hookBuild$0$0 in fabric-renderer-indigo.mixins.json:SectionCompilerMixin from mod fabric-renderer-indigo
[22:01:07] [Render thread/DEBUG] (FabricLoader/Mixin) fabric-renderer-indigo.mixins.json:SectionCompilerMixin from mod fabric-renderer-indigo->@Inject::hookBuild(Lnet/minecraft/util/math/ChunkSectionPos;Lnet/minecraft/client/render/chunk/ChunkRendererRegion;Lcom/mojang/blaze3d/systems/VertexSorter;Lnet/minecraft/client/render/chunk/BlockBufferAllocatorStorage;Lorg/spongepowered/asm/mixin/injection/callback/CallbackInfoReturnable;)V doesn't use it's CallbackInfoReturnable
[22:01:07] [Render thread/DEBUG] (FabricLoader/Mixin) fabric-renderer-indigo.mixins.json:SectionCompilerMixin from mod fabric-renderer-indigo->@Inject::hookBuild(Lnet/minecraft/util/math/ChunkSectionPos;Lnet/minecraft/client/render/chunk/ChunkRendererRegion;Lcom/mojang/blaze3d/systems/VertexSorter;Lnet/minecraft/client/render/chunk/BlockBufferAllocatorStorage;Lorg/spongepowered/asm/mixin/injection/callback/CallbackInfoReturnable;)V has 0 override(s) in child classes
[22:01:07] [Render thread/DEBUG] (FabricLoader/Mixin) fabric-renderer-indigo.mixins.json:SectionCompilerMixin from mod fabric-renderer-indigo->@Inject::hookBuild(Lnet/minecraft/util/math/ChunkSectionPos;Lnet/minecraft/client/render/chunk/ChunkRendererRegion;Lcom/mojang/blaze3d/systems/VertexSorter;Lnet/minecraft/client/render/chunk/BlockBufferAllocatorStorage;Lorg/spongepowered/asm/mixin/injection/callback/CallbackInfoReturnable;)V won't be passed a CallbackInfoReturnable as a result
[22:01:07] [Render thread/DEBUG] (FabricLoader/Mixin) fabric-renderer-indigo.mixins.json:SectionCompilerMixin from mod fabric-renderer-indigo->@Inject::hookBuildReturn(Lnet/minecraft/util/math/ChunkSectionPos;Lnet/minecraft/client/render/chunk/ChunkRendererRegion;Lcom/mojang/blaze3d/systems/VertexSorter;Lnet/minecraft/client/render/chunk/BlockBufferAllocatorStorage;Lorg/spongepowered/asm/mixin/injection/callback/CallbackInfoReturnable;)V doesn't use it's CallbackInfoReturnable
[22:01:07] [Render thread/DEBUG] (FabricLoader/Mixin) fabric-renderer-indigo.mixins.json:SectionCompilerMixin from mod fabric-renderer-indigo->@Inject::hookBuildReturn(Lnet/minecraft/util/math/ChunkSectionPos;Lnet/minecraft/client/render/chunk/ChunkRendererRegion;Lcom/mojang/blaze3d/systems/VertexSorter;Lnet/minecraft/client/render/chunk/BlockBufferAllocatorStorage;Lorg/spongepowered/asm/mixin/injection/callback/CallbackInfoReturnable;)V has 0 override(s) in child classes
[22:01:07] [Render thread/DEBUG] (FabricLoader/Mixin) fabric-renderer-indigo.mixins.json:SectionCompilerMixin from mod fabric-renderer-indigo->@Inject::hookBuildReturn(Lnet/minecraft/util/math/ChunkSectionPos;Lnet/minecraft/client/render/chunk/ChunkRendererRegion;Lcom/mojang/blaze3d/systems/VertexSorter;Lnet/minecraft/client/render/chunk/BlockBufferAllocatorStorage;Lorg/spongepowered/asm/mixin/injection/callback/CallbackInfoReturnable;)V won't be passed a CallbackInfoReturnable as a result
[22:01:07] [Render thread/DEBUG] (FabricLoader/Mixin) Mixing ItemBlockRenderTypesMixin from fabric-rendering-v1.mixins.json into net.minecraft.client.render.BlockRenderLayers
[22:01:07] [Render thread/DEBUG] (FabricLoader/Mixin) fabric-rendering-v1.mixins.json:ItemBlockRenderTypesMixin from mod fabric-rendering-v1->@Inject::onInitialize(Lorg/spongepowered/asm/mixin/injection/callback/CallbackInfo;)V doesn't use it's CallbackInfo
[22:01:07] [Server thread/DEBUG] (FabricLoader/Mixin) Mixing EnchantmentHelperMixin from fabric-item-api-v1.mixins.json into net.minecraft.enchantment.EnchantmentHelper
[22:01:07] [Render thread/DEBUG] (FabricLoader/Mixin) Mixing HangingSignEditScreenMixin from fabric-object-builder-v1.client.mixins.json into net.minecraft.client.gui.screen.ingame.HangingSignEditScreen
[22:01:07] [Render thread/DEBUG] (FabricLoader/Mixin) Renaming synthetic method lambda$init$0(Ljava/lang/String;)Ljava/lang/String; to mdffa551$fabric-object-builder-api-v1$lambda$init$0$0 in fabric-object-builder-v1.client.mixins.json:HangingSignEditScreenMixin from mod fabric-object-builder-api-v1
[22:01:07] [Netty Local IO #2/DEBUG] (ServerPlayNetworkAddon for literal{Player182}[style={clickEvent=SuggestCommand[command=/tell Player182 ],hoverEvent=ShowEntity[entity=net.minecraft.text.HoverEvent$EntityContent@c0cc3832],insertion=Player182}]) Handling inbound packet from channel with name "minecraft:register"
[22:01:07] [Server thread/DEBUG] (FabricLoader/Mixin) Mixing TagValueOutputMixin from fabric-serialization-api-v1.mixins.json into net.minecraft.storage.NbtWriteView
[22:01:07] [Server thread/INFO] (net.minecraft.server.integrated.IntegratedServer) Changing view distance to 16, from 10
[22:01:07] [Server thread/INFO] (net.minecraft.server.integrated.IntegratedServer) Changing simulation distance to 12, from 0
[22:01:07] [Render thread/INFO] (net.minecraft.advancement.AdvancementManager) Loaded 2 advancements
[22:01:07] [Server thread/DEBUG] (FabricLoader/Mixin) Mixing PathfindingContextMixin from fabric-content-registries-v0.mixins.json into net.minecraft.entity.ai.pathing.PathContext
[22:01:07] [Server thread/DEBUG] (FabricLoader/Mixin) fabric-content-registries-v0.mixins.json:PathfindingContextMixin from mod fabric-content-registries-v0->@Inject::onGetNodeType(IIILorg/spongepowered/asm/mixin/injection/callback/CallbackInfoReturnable;)V does use it's CallbackInfoReturnable
[22:01:07] [Render thread/DEBUG] (FabricLoader/Mixin) Mixing RenderRegionCacheMixin from fabric-block-view-api-v2.client.mixins.json into net.minecraft.client.render.chunk.ChunkRendererRegionBuilder
[22:01:07] [Render thread/DEBUG] (FabricLoader/Mixin) fabric-block-view-api-v2.client.mixins.json:RenderRegionCacheMixin from mod fabric-block-view-api-v2->@Inject::copyDataForChunk(Lnet/minecraft/world/World;JLorg/spongepowered/asm/mixin/injection/callback/CallbackInfoReturnable;)V doesn't use it's CallbackInfoReturnable
[22:01:07] [Render thread/DEBUG] (FabricLoader/Mixin) fabric-block-view-api-v2.client.mixins.json:RenderRegionCacheMixin from mod fabric-block-view-api-v2->@Inject::copyDataForChunk(Lnet/minecraft/world/World;JLorg/spongepowered/asm/mixin/injection/callback/CallbackInfoReturnable;)V has 0 override(s) in child classes
[22:01:07] [Render thread/DEBUG] (FabricLoader/Mixin) fabric-block-view-api-v2.client.mixins.json:RenderRegionCacheMixin from mod fabric-block-view-api-v2->@Inject::copyDataForChunk(Lnet/minecraft/world/World;JLorg/spongepowered/asm/mixin/injection/callback/CallbackInfoReturnable;)V won't be passed a CallbackInfoReturnable as a result
[22:01:07] [Render thread/DEBUG] (FabricLoader/Mixin) fabric-block-view-api-v2.client.mixins.json:RenderRegionCacheMixin from mod fabric-block-view-api-v2->@Inject::createDataMap(Lnet/minecraft/world/World;JLorg/spongepowered/asm/mixin/injection/callback/CallbackInfoReturnable;)V does use it's CallbackInfoReturnable
[22:01:07] [Render thread/DEBUG] (FabricLoader/Mixin) Mixing RenderStateMixin from fabric-rendering-v1.mixins.json into net.minecraft.client.render.state.OutlineRenderState
[22:01:07] [Render thread/INFO] (net.minecraft.client.gl.DynamicUniformStorage) Resizing Dynamic Transforms UBO, capacity limit of 2 reached during a single frame. New capacity will be 4.
[22:01:07] [Render thread/DEBUG] (FabricLoader/Mixin) Mixing RenderSectionRegionMixin from fabric-block-view-api-v2.client.mixins.json into net.minecraft.client.render.chunk.ChunkRendererRegion
[22:01:07] [Render thread/DEBUG] (FabricLoader/Mixin) Mixing RenderSectionRegionMixin from fabric-renderer-indigo.mixins.json into net.minecraft.client.render.chunk.ChunkRendererRegion
[22:01:07] [Render thread/INFO] (net.minecraft.client.gl.DynamicUniformStorage) Resizing Dynamic Transforms UBO, capacity limit of 4 reached during a single frame. New capacity will be 8.
[22:01:07] [Render thread/DEBUG] (com.mojang.blaze3d.systems.RenderSystem) Growing IndexBuffer: Old limit 14688, new limit 116772.
[22:01:07] [Render thread/INFO] (net.minecraft.client.gl.DynamicUniformStorage) Resizing Chunk Sections UBO, capacity limit of 2 reached during a single frame. New capacity will be 8.
[22:01:07] [Render thread/INFO] (net.minecraft.client.gl.DynamicUniformStorage) Resizing Chunk Sections UBO, capacity limit of 8 reached during a single frame. New capacity will be 16.
[22:01:07] [Render thread/INFO] (net.minecraft.client.gl.DynamicUniformStorage) Resizing Chunk Sections UBO, capacity limit of 16 reached during a single frame. New capacity will be 32.
[22:01:07] [Render thread/INFO] (net.minecraft.client.gl.DynamicUniformStorage) Resizing Chunk Sections UBO, capacity limit of 32 reached during a single frame. New capacity will be 64.
[22:01:08] [Render thread/INFO] (net.minecraft.client.gl.DynamicUniformStorage) Resizing Chunk Sections UBO, capacity limit of 64 reached during a single frame. New capacity will be 128.
[22:01:08] [Render thread/INFO] (net.minecraft.client.gl.DynamicUniformStorage) Resizing Chunk Sections UBO, capacity limit of 128 reached during a single frame. New capacity will be 256.
[22:01:08] [Server thread/INFO] (net.minecraft.server.integrated.IntegratedServer) Saving and pausing game...
[22:01:08] [Server thread/INFO] (net.minecraft.server.MinecraftServer) Saving chunks for level 'ServerLevel[New World]'/minecraft:overworld
[22:01:09] [Server thread/INFO] (net.minecraft.server.MinecraftServer) Saving chunks for level 'ServerLevel[New World]'/minecraft:the_end
[22:01:09] [Server thread/INFO] (net.minecraft.server.MinecraftServer) Saving chunks for level 'ServerLevel[New World]'/minecraft:the_nether
[22:01:10] [Render thread/DEBUG] (FabricLoader/Mixin) Mixing ClientTooltipComponentMixin from fabric-rendering-v1.mixins.json into net.minecraft.client.gui.tooltip.TooltipComponent
[22:01:10] [Render thread/DEBUG] (FabricLoader/Mixin) Mixing ClientTooltipComponentMixin from fabric-resource-loader-v1.client.mixins.json into net.minecraft.client.gui.tooltip.TooltipComponent
[22:01:10] [Render thread/DEBUG] (FabricLoader/Mixin) fabric-rendering-v1.mixins.json:ClientTooltipComponentMixin from mod fabric-rendering-v1->@Inject::convertCustomTooltipData(Lnet/minecraft/item/tooltip/TooltipData;Lorg/spongepowered/asm/mixin/injection/callback/CallbackInfoReturnable;)V does use it's CallbackInfoReturnable
[22:01:10] [Render thread/DEBUG] (FabricLoader/Mixin) fabric-resource-loader-v1.client.mixins.json:ClientTooltipComponentMixin from mod fabric-resource-loader-v1->@Inject::onCreate(Lnet/minecraft/item/tooltip/TooltipData;Lorg/spongepowered/asm/mixin/injection/callback/CallbackInfoReturnable;)V does use it's CallbackInfoReturnable
[22:01:16] [Render thread/INFO] (net.minecraft.client.MinecraftClient) Stopping!
[22:01:16] [Server thread/INFO] (net.minecraft.server.network.ServerPlayNetworkHandler) Player182 lost connection: Disconnected
[22:01:16] [Server thread/INFO] (net.minecraft.server.MinecraftServer) Player182 left the game
[22:01:16] [Server thread/INFO] (net.minecraft.server.network.ServerCommonNetworkHandler) Stopping singleplayer server as player logged out
[22:01:16] [Server thread/INFO] (net.minecraft.server.MinecraftServer) Stopping server
[22:01:16] [Server thread/INFO] (net.minecraft.server.MinecraftServer) Saving players
[22:01:16] [Server thread/INFO] (net.minecraft.server.MinecraftServer) Saving worlds
[22:01:17] [Server thread/INFO] (net.minecraft.server.MinecraftServer) Saving chunks for level 'ServerLevel[New World]'/minecraft:overworld
[22:01:19] [Server thread/INFO] (net.minecraft.server.MinecraftServer) Saving chunks for level 'ServerLevel[New World]'/minecraft:the_end
[22:01:19] [Server thread/INFO] (net.minecraft.server.MinecraftServer) Saving chunks for level 'ServerLevel[New World]'/minecraft:the_nether
[22:01:19] [Server thread/INFO] (net.minecraft.server.MinecraftServer) ThreadedAnvilChunkStorage (New World): All chunks are saved
[22:01:19] [Server thread/INFO] (net.minecraft.server.MinecraftServer) ThreadedAnvilChunkStorage (DIM1): All chunks are saved
[22:01:19] [Server thread/INFO] (net.minecraft.server.MinecraftServer) ThreadedAnvilChunkStorage (DIM-1): All chunks are saved
[22:01:19] [Server thread/INFO] (net.minecraft.server.MinecraftServer) ThreadedAnvilChunkStorage: All dimensions are saved
